StockCode,sales,desc,returned,ret_rate
22423,168162.41999999998,REGENCY CAKESTAND 3 TIER,9593.099999999999,5.396794428662468
85123A,104029.7,WHITE HANGING HEART T-LIGHT HOLDER,6621.35,5.983992018150754
21108,17835.86,FAIRY CAKE FLANNEL ASSORTED COLOUR,6553.620000000001,26.870683589810035
23113,5806.43,PANTRY CHOPPING BOARD,4803.0599999999995,45.27135611608097
48185,23765.66,DOORMAT FAIRY CAKE,4554.9,16.083368407969335
21175,26305.07,GIN + TONIC DIET METAL SIGN,3775.33,12.550797196845787
47566B,12921.470000000001,TEA TIME PARTY BUNTING,3692.9499999999994,22.227378385763686
22273,11789.85,FELTCRAFT DOLL MOLLY,3509.6999999999994,22.939890388933005
71477,19022.420000000002,COLOUR GLASS. STAR T-LIGHT HOLDER,3336.97,14.924244355503436
22191,11657.390000000001,IVORY DINER WALL CLOCK,2653.7000000000003,18.54296213635719
21843,20217.899999999998,RED RETROSPOT CAKE STAND,2480.5,10.928083036689811
85099B,91932.91,JUMBO BAG RED RETROSPOT,1952.8200000000002,2.0799966086432944
23056,2898.12,FLOWERS CHANDELIER T-LIGHT HOLDER,1859.07,39.079162278572014
22655,8125.0,VINTAGE RED KITCHEN CABINET,1730.5,17.55872355537517
22328,18776.37,ROUND SNACK BOXES SET OF 4 FRUITS,1691.4999999999998,8.264172090207724
22835,16223.880000000001,HOT WATER BOTTLE I AM SO POORLY,1679.6999999999998,9.381922498181925
22838,9573.68,3 TIER CAKE TIN RED AND CREAM,1656.65,14.751570078528415
23284,36575.42,DOORMAT KEEP CALM AND COME IN,1584.75,4.152890304209861
23064,3717.56,CINDERELLA CHANDELIER,1514.05,28.940421782204712
20971,13369.94,PINK BLUE FELT CRAFT TRINKET BOX,1405.01,9.50940612320177
23199,29878.190000000002,JUMBO BAG APPLES,1298.85,4.166046552206367
85232B,1356.3,SET OF 3 BABUSHKA STACKING TINS,1258.05,48.120947845544784
84078A,16185.16,SET/4 WHITE RETRO STORAGE CUBES,1248.25,7.160102355190408
82483,14371.98,WOOD 2 DRAWER CABINET WHITE FINISH,1211.95,7.776921482578528
47566,98526.75,PARTY BUNTING,1201.3500000000001,1.2046253763984274
22992,10155.769999999999,REVOLVER WOODEN RULER,1193.4,10.515306405666673
22991,7431.679999999999,GIRAFFE WOODEN RULER,1185.8999999999999,13.761404013655804
22086,58007.83,PAPER CHAIN KIT 50'S CHRISTMAS,1160.35,1.961104769489276
22149,12357.08,FELTCRAFT 6 FLOWER FRIENDS,1158.3,8.570236278965151
22699,28009.190000000002,ROSES REGENCY TEACUP AND SAUCER,1147.3999999999999,3.935302447920006
21877,6790.97,HOME SWEET HOME MUG,1134.32,14.312662375761642
22147,8573.289999999999,FELTCRAFT BUTTERFLY HEARTS,1103.65,11.40494825843707
23203,40678.76,JUMBO BAG DOILEY PATTERNS,1074.32,2.5730317380178898
23201,26588.05,JUMBO BAG ALPHABET,1055.22,3.8172763207825993
23170,10839.869999999999,REGENCY TEA PLATE ROSES,1046.3,8.802667301578222
22960,35826.85,JAM MAKING SET WITH JARS,1000.04,2.715515754927989
22752,13554.32,SET 7 BABUSHKA NESTING BOXES,952.0000000000001,6.562656828196263
22910,30083.23,PAPER CHAIN KIT VINTAGE CHRISTMAS,931.45,3.0032552326833617
82494L,20969.4,WOODEN FRAME ANTIQUE WHITE,893.25,4.085735260821538
22501,19302.26,PICNIC BASKET WICKER LARGE,873.1999999999999,4.328030191133188
20725,35086.01,LUNCH BAG RED RETROSPOT,854.7,2.37808323764333
22776,12749.83,SWEETHEART CAKESTAND 3 TIER,853.05,6.271098473264486
22171,13272.18,3 HOOK PHOTO SHELF ANTIQUE WHITE,850.85,6.024557053266897
22920,2110.4100000000003,HERB MARKER BASIL,841.0500000000001,28.496066353601268
22570,11204.97,FELTCRAFT CUSHION RABBIT,832.35,6.9147451426064945
22386,41474.69,JUMBO BAG PINK POLKADOT,816.58,1.9308476666697403
22656,3685.0,VINTAGE BLUE KITCHEN CABINET,800.0,17.837235228539576
21069,2250.52,VINTAGE BILLBOARD TEA MUG,743.0600000000001,24.821785287181235
21871,6454.85,SAVE THE PLANET MUG,740.94,10.29685413276374
22635,6234.88,CHILDS BREAKFAST SET DOLLY GIRL,727.05,10.443224795423108
22847,14058.949999999999,BREAD BIN DINER STYLE IVORY,711.8,4.818983463940558
23055,1395.18,IVORY CHANDELIER T-LIGHT HOLDER,690.72,33.113763842945495
22720,37020.74,SET OF 3 CAKE TINS PANTRY DESIGN,690.5,1.8310190807833422
72802B,1993.48,OCEAN SCENT CANDLE IN JEWELLED BOX,662.24,24.93636377328935
22569,10110.83,FELTCRAFT CUSHION BUTTERFLY,658.38,6.113540361827841
15056BL,16405.49,EDWARDIAN PARASOL BLACK,652.5,3.8251869065464335
23207,13110.15,LUNCH BAG ALPHABET DESIGN,639.8,4.653107829483016
23057,1768.67,GEMSTONE CHANDELIER T-LIGHT HOLDER,636.15,26.453123310684372
21479,18519.54,WHITE SKULL HOT WATER BOTTLE,635.9300000000001,3.319835013184224
22411,27493.94,JUMBO SHOPPER VINTAGE RED PAISLEY,622.47,2.2139028417923914
22178,31262.16,VICTORIAN GLASS HANGING T-LIGHT,615.0,1.9292810275444865
21931,29919.57,JUMBO STORAGE BAG SUKI,600.25,1.9667547187368732
22942,3965.4,CHRISTMAS LIGHTS 10 SANTAS,596.7,13.079502860524759
72802C,2696.48,VANILLA SCENT CANDLE JEWELLED BOX,579.81,17.697151351070875
82482,22565.12,WOODEN PICTURE FRAME WHITE FINISH,578.6,2.500030245785898
18097C,1581.09,WHITE TALL PORCELAIN T-LIGHT HOLDER,571.8000000000001,26.559647729331274
21258,6998.2699999999995,VICTORIAN SEWING BOX LARGE,570.25,7.534498158160381
82486,17552.51,WOOD S/3 CABINET ANT WHITE FINISH,568.0,3.1345696120031943
22990,2572.2000000000003,COTTON APRON PANTRY DESIGN,553.6999999999999,17.713298570011833
22900,14444.08,SET 2 TEA TOWELS I LOVE LONDON,552.5999999999999,3.684815572513382
21035,8173.45,SET/2 RED RETROSPOT TEA TOWELS,550.0,6.304844986788484
22112,29356.34,CHOCOLATE HOT WATER BOTTLE,548.88,1.8353986360909564
22659,20552.66,LUNCH BOX I LOVE LONDON,545.9999999999999,2.5878420714870036
22568,12323.89,FELTCRAFT CUSHION OWL,540.6600000000001,4.202712104193307
22111,22315.48,SCOTTIE DOG HOT WATER BOTTLE,524.65,2.2970534756150682
22796,5668.049999999999,PHOTO FRAME 3 CLASSIC HANGING,524.05,8.463203113644806
23243,23121.24,SET OF TEA COFFEE SUGAR TINS PANTRY,520.8000000000001,2.2028555911418812
72807C,3186.5,SET/3 VANILLA SCENTED CANDLE IN BOX,512.45,13.853931521107343
21155,9101.18,RED RETROSPOT PEG BAG,510.59999999999997,5.312231449325722
22236,3624.5999999999995,CAKE STAND 3 TIER MAGIC GARDEN,508.94999999999993,12.312661029865371
85099C,27411.79,JUMBO  BAG BAROQUE BLACK WHITE,506.72,1.8149965739575644
15036,18495.77,ASSORTED COLOURS SILK FAN,505.68,2.661270587244658
23343,12263.32,JUMBO BAG VINTAGE CHRISTMAS,499.44,3.9132601412233714
20969,6971.24,RED FLORAL FELTCRAFT SHOULDER BAG,491.91,6.591184687430911
21928,20551.35,JUMBO BAG SCANDINAVIAN PAISLEY,484.53000000000003,2.303350275814466
23298,42383.32,SPOTTY BUNTING,482.81,1.1263204772625848
22630,21217.68,DOLLY GIRL LUNCH BOX,478.6499999999999,2.206133479717537
22826,6210.0,LOVE SEAT ANTIQUE WHITE METAL,475.0,7.105459985041136
23344,21527.12,JUMBO BAG 50'S CHRISTMAS,466.16,2.1195565190821926
22564,2978.7200000000003,ALPHABET STENCIL CRAFT,464.17,13.48198751630171
22503,2010.12,CABIN BAG VINTAGE PAISLEY,461.84999999999997,18.68347916843651
20685,27393.48,DOORMAT RED RETROSPOT,461.22,1.6558067399756595
22804,8006.150000000001,CANDLEHOLDER PINK HANGING HEART,455.2,5.379756185478676
85071A,578.16,BLUE CHARLIE+LOLA PERSONAL DOORSIGN,448.4,43.67986284289277
85099F,32150.08,JUMBO BAG STRAWBERRY,446.40999999999997,1.3695032808747196
23157,5138.93,SET OF 6 NATIVITY MAGNETS,444.0,7.9528133077076015
23173,24402.57,REGENCY TEAPOT ROSES,436.40000000000003,1.756916651535873
21232,15454.6,STRAWBERRY CERAMIC TRINKET BOX,435.75,2.742230347349177
23071,1205.1,MARIE ANTOIENETT TRINKET BOX GOLD,434.0,26.47794521383686
21439,1740.94,BASKET OF TOADSTOOLS,432.48,19.898593000892603
20713,21945.7,JUMBO BAG OWLS,431.43,1.9279952344201423
20712,21649.04,JUMBO BAG WOODLAND ANIMALS,426.46000000000004,1.9318248737287946
22961,23906.219999999998,JAM MAKING SET PRINTED,425.75,1.7497555684969202
22941,12135.99,CHRISTMAS LIGHTS 10 REINDEER,420.75,3.3507900936070985
21787,6328.53,RAIN PONCHO RETROSPOT,420.0,6.22357757911723
23355,24744.120000000003,HOT WATER BOTTLE KEEP CALM,417.6,1.6596639657384313
22846,10227.85,BREAD BIN DINER STYLE RED,416.7,3.9146793429501474
22827,5415.0,RUSTIC  SEVENTEEN DRAWER SIDEBOARD,415.0,7.1183533447684395
22950,7131.549999999999,36 DOILIES VINTAGE CHRISTMAS,413.65,5.482293378571808
22588,2066.11,CARD HOLDER GINGHAM HEART,411.87000000000006,16.6211995254199
85066,21053.46,CREAM SWEETHEART MINI CHEST,409.8,1.909309210250447
37449,5087.44,CERAMIC CAKE STAND + HANGING CAKES,406.9,7.405803062788252
22666,24557.06,RECIPE BOX PANTRY YELLOW DESIGN,406.3,1.627585389146333
22561,9252.749999999998,WOODEN SCHOOL COLOURING SET,405.0,4.193523336180789
23202,20797.98,JUMBO BAG VINTAGE LEAF,400.86,1.8909525238173412
22493,3811.8099999999995,PAINT YOUR OWN CANVAS SET,396.45,9.420758223113593
22697,21739.870000000003,GREEN REGENCY TEACUP AND SAUCER,390.1,1.7627678663821054
84949,7059.889999999999,SILVER HANGING T-LIGHT HOLDER,389.15,5.22416311363612
22698,16581.3,PINK REGENCY TEACUP AND SAUCER,387.50000000000006,2.2836028475790866
21929,22788.61,JUMBO BAG PINK VINTAGE PAISLEY,387.07,1.670155956588976
22502,51408.770000000004,PICNIC BASKET WICKER SMALL,385.25,0.7438117373395615
23072,1273.76,MARIE ANTOINETTE TRINKET BOX SILVER,384.0,23.163787279220152
21735,2577.45,TWO DOOR CURIO CABINET,382.95,12.935751925415486
22634,6864.389999999999,CHILDS BREAKFAST SET SPACEBOY,381.84999999999997,5.269629490604783
23245,29439.260000000002,SET OF 3 REGENCY CAKE TINS,373.45,1.2526536500707248
23318,8547.66,BOX OF 6 MINI VINTAGE CRACKERS,368.71000000000004,4.135203003015802
20974,4519.63,12 PENCILS SMALL TUBE SKULL,367.9,7.527319525404448
23167,4171.75,SMALL CERAMIC TOP STORAGE JAR,365.19,8.049257869841789
22689,5176.25,DOORMAT MERRY CHRISTMAS RED,354.0,6.401157271371096
84946,24872.64,ANTIQUE SILVER TEA GLASS ETCHED,353.53000000000003,1.4014414395843684
22197,45910.67,SMALL POPCORN HOLDER,352.61,0.7621811510122067
22767,6924.799999999999,TRIPLE PHOTO FRAME CORNICE,348.25,4.788225022514626
23169,6499.900000000001,CLASSIC GLASS SWEET JAR,347.95000000000005,5.081156859452237
79321,51456.62,CHILLI LIGHTS,343.95,0.6639888325553174
23174,12126.73,REGENCY SUGAR BOWL GREEN,341.05,2.7354508982352916
22933,2577.1800000000003,BAKING MOULD EASTER EGG MILK CHOC,337.80000000000007,11.588415700965358
15056N,23224.13,EDWARDIAN PARASOL NATURAL,337.45000000000005,1.4322044616702276
22070,2305.85,SMALL RED RETROSPOT MUG IN BOX,336.54,12.736197154848453
22363,1348.79,GLASS JAR MARMALADE,335.5,19.91937255460758
23256,8164.75,CHILDRENS CUTLERY SPACEBOY,333.85,3.9282940719647943
20728,21434.52,LUNCH BAG CARS BLUE,327.5,1.5049154444302504
22456,9310.84,NATURAL SLATE CHALKBOARD LARGE,326.8,3.3908716241735535
22768,7784.049999999999,FAMILY PHOTO FRAME CORNICE,325.45,4.013194401627721
85178,2746.97,VICTORIAN SEWING KIT,322.85,10.51690327120157
22151,6191.59,PLACE SETTING WHITE HEART,321.96,4.942926668253103
84347,23729.9,ROTATING SILVER ANGELS T-LIGHT HLDR,321.6,1.3371307402864687
22424,11992.9,ENAMEL BREAD BIN CREAM,317.1,2.5759545085296507
22580,6441.740000000001,ADVENT CALENDAR GINGHAM SACK,314.95000000000005,4.661306053703811
23485,5585.72,BOTANICAL GARDENS WALL CLOCK,311.6,5.28375601120509
22138,22833.16,BAKING SET 9 PIECE RETROSPOT,311.1,1.3441777788531586
23462,1567.1399999999999,ROCOCO WALL MIRROR WHITE,310.2,16.52337882322861
22114,29238.64,HOT WATER BOTTLE TEA AND SYMPATHY,310.1,1.0494525316477117
22834,6881.93,HAND WARMER BABUSHKA DESIGN,306.05,4.257802609356175
35924,1480.1699999999998,HANGING FAIRY CAKE DECORATION,302.51,16.969394394955913
21340,11096.56,CLASSIC METAL BIRDCAGE PLANT HOLDER,298.2,2.6169923719323616
23166,4264.61,MEDIUM CERAMIC TOP STORAGE JAR,296.04,6.491179985309113
23110,4012.05,PARISIENNE KEY CABINET,293.25,6.811372029823705
20914,17877.260000000002,SET/5 RED RETROSPOT LID GLASS BOWLS,292.0,1.6071100308983413
85048,10325.800000000001,15CM CHRISTMAS GLASS BALL 20 LIGHTS,284.1,2.677687819866351
22956,3900.4400000000005,36 FOIL HEART CAKE CASES,283.20000000000005,6.769224885506402
23111,3289.76,PARISIENNE SEWING BOX,283.2,7.926201244906183
21781,2661.7999999999997,MA CAMPAGNE CUTLERY BOX,283.15,9.614764257457683
22207,5426.48,FRYING PAN UNION FLAG,282.25,4.94418198093096
22360,3099.85,GLASS JAR ENGLISH CONFECTIONERY,282.0,8.338631222555701
22102,831.84,MIRROR MOSAIC T-LIGHT HOLDER,280.8,25.237273511647974
21731,22936.929999999997,RED TOADSTOOL LED NIGHT LIGHT,278.4,1.1992075925692205
22173,7493.29,METAL 4 HOOK HANGER FRENCH CHATEAU,273.19,3.517552353189605
22978,9497.76,PANTRY ROLLING PIN,272.61,2.7901706895439986
22890,3860.1499999999996,NOVELTY BISCUITS CAKE STAND 3 TIER,268.25,6.497674643929853
22727,26830.47,ALARM CLOCK BAKELIKE RED,266.25,0.9825912508967873
22932,1960.0800000000002,BAKING MOULD TOFFEE CUP CHOCOLATE,262.8,11.822500539840206
21527,3724.9900000000002,RED RETROSPOT TRADITIONAL TEAPOT,260.3,6.531519663562752
22467,18108.61,GUMBALL COAT RACK,259.35,1.4119695382611899
84029E,20233.88,RED WOOLLY HOTTIE WHITE HEART.,256.45,1.251565982587884
22865,16032.12,HAND WARMER OWL DESIGN,255.95000000000002,1.5713955060360127
84077,13434.839999999998,WORLD WAR 2 GLIDERS ASSTD DESIGNS,253.92,1.8549525303972019
22762,2696.33,CUPBOARD 3 DRAWER MA CAMPAGNE,244.9,8.326448458638053
22427,12647.26,ENAMEL FLOWER JUG CREAM,243.90000000000003,1.891994203779955
22382,17772.21,LUNCH BAG SPACEBOY DESIGN,242.35,1.3453006901084457
22169,9830.81,FAMILY ALBUM WHITE PICTURE FRAME,242.25,2.404929584455965
23200,13914.76,JUMBO BAG PEARS,241.55,1.7063062337572432
21314,9303.720000000001,SMALL GLASS HEART TRINKET POT,240.75,2.522403024997721
23112,4172.72,PARISIENNE CURIO CABINET,239.85000000000002,5.435607820385853
84816,519.35,DANISH ROSE BEDSIDE CABINET,239.70000000000002,31.57894736842105
21481,10678.2,FAWN BLUE HOT WATER BOTTLE,239.6,2.1945813259081497
22509,1686.09,SEWING BOX RETROSPOT DESIGN,239.2,12.424102343023648
23109,6188.46,LED TEA LIGHTS,239.04000000000002,3.7190198366394402
21621,24245.7,VINTAGE UNION JACK BUNTING,238.0,0.9720752990765285
11001,2344.2599999999998,ASSTD DESIGN RACING CAR PEN,237.04999999999998,9.183321646760753
22384,17125.7,LUNCH BAG PINK POLKADOT,236.2,1.3604501811437686
22849,5027.73,BREAD BIN DINER STYLE MINT,234.25,4.4517463008221245
22487,7751.67,WHITE WOOD GARDEN PLANT LADDER,232.79999999999998,2.915660025023577
23319,8699.44,BOX OF 6 MINI 50'S CRACKERS,232.49,2.602908889792016
85036C,1066.8600000000001,ROSE 1 WICK MORRIS BOXED CANDLE,232.25,17.87762391175497
23300,10967.42,GARDENERS KNEELING PAD CUP OF TEA,231.59999999999997,2.068038096190559
22636,4856.93,CHILDS BREAKFAST SET CIRCUS PARADE,231.2,4.543909058927347
22105,835.43,MIRROR MOSAIC GOBLET CANDLE HOLDER,228.0,21.440057173485798
22844,9400.04,VINTAGE CREAM DOG FOOD CONTAINER,227.8,2.366055106856782
21154,6077.61,RED RETROSPOT OVEN GLOVE,227.0,3.6005399223742627
22769,366.73,CHALKBOARD KITCHEN ORGANISER,225.5,38.07642301133006
22087,11736.880000000001,PAPER BUNTING WHITE LACE,223.8,1.8711310728152581
22383,22091.64,LUNCH BAG SUKI  DESIGN,223.8,1.0028930641744014
23108,12592.17,SET OF 10 LED DOLLY LIGHTS,223.73999999999998,1.7457987766768026
22778,3146.82,GLASS CLOCHE SMALL,223.12,6.6208893926894845
23175,9427.09,REGENCY MILK JUG PINK,222.25,2.3032663373868054
85103,924.29,SILVER T-LIGHT SETTING,220.15,19.23648247177659
21463,3314.2000000000003,MIRRORED DISCO BALL,216.9,6.142561807935204
20733,934.76,GOLD MINI TAPE MEASURE,216.0,18.77020403906983
22385,16384.81,JUMBO BAG SPACEBOY DESIGN,215.14,1.2960280000843376
21671,5890.12,RED SPOT CERAMIC DRAWER KNOB,214.81,3.5186316632623145
23215,6662.22,JINGLE BELL HEART ANTIQUE SILVER,214.8,3.1234459111650104
22389,604.55,PAPERWEIGHT SAVE THE PLANET,210.0,25.781106132220245
22839,6864.34,3 TIER CAKE TIN GREEN AND CREAM,209.29999999999998,2.9588726596207886
22866,13142.62,HAND WARMER SCOTTY DOG DESIGN,209.10000000000002,1.566090361391641
21537,1336.96,RED RETROSPOT PUDDING BOWL,208.75,13.50512062417918
84978,16190.94,HANGING HEART JAR T-LIGHT HOLDER,205.34,1.2523572420085531
20829,2676.8900000000003,GLITTER HANGING BUTTERFLY STRING,205.26,7.121766736637578
23210,3368.42,WHITE ROCKING HORSE HAND PAINTED,204.76,5.730469777621054
75049L,6802.98,LARGE CIRCULAR MIRROR MOBILE,204.2,2.91415376799226
22797,2801.12,CHEST OF DRAWERS GINGHAM HEART,203.4,6.7698001677472615
23083,6629.0,SET 6 PAPER TABLE LANTERN STARS,202.92000000000002,2.9701752947926794
23240,16305.61,SET OF 4 KNICK KNACK TINS DOILEY,202.55,1.2269689656509268
22103,908.24,MIRROR MOSAIC T-LIGHT HOLDER ROUND,201.66000000000003,18.169204432831787
22930,2793.95,BAKING MOULD HEART MILK CHOCOLATE,201.60000000000002,6.729982807831618
22356,10886.539999999999,CHARLOTTE BAG PINK POLKADOT,201.53,1.8175390306879375
22220,1598.5,CAKE STAND LOVEBIRD 2 TIER WHITE,201.5,11.194444444444445
22469,31796.82,HEART OF WICKER SMALL,201.35,0.6292547355051867
22784,6180.12,LANTERN CREAM GAZEBO,200.85000000000002,3.147640562485014
22945,2956.12,CHRISTMAS METAL TAGS ASSORTED,200.57999999999998,6.354103969335065
21212,20739.58,PACK OF 72 RETROSPOT CAKE CASES,199.38,0.9521962886408876
20727,21666.37,LUNCH BAG  BLACK SKULL.,198.9,0.9096617604081724
22936,869.71,BAKING MOULD ROSE WHITE CHOCOLATE,198.0,18.544361296606755
22935,2040.56,BAKING MOULD ROSE MILK CHOCOLATE,198.0,8.844971767564862
22090,22444.68,PAPER BUNTING RETROSPOT,196.4,0.8674497859642737
22929,1199.75,SCHOOL DESK AND CHAIR,195.0,13.98100017924359
22180,3521.54,RETROSPOT LAMP,194.64999999999998,5.237891496398192
22909,7408.32,SET OF 20 VINTAGE CHRISTMAS NAPKINS,194.34,2.5562105894515867
22366,6001.9,DOORMAT AIRMAIL,194.07000000000002,3.132197218514616
22654,9631.82,DELUXE SEWING KIT,193.35000000000002,1.9679048810351374
22193,11310.56,RED DINER WALL CLOCK,192.95000000000002,1.6773141415098523
22791,9297.34,T-LIGHT GLASS FLUTED ANTIQUE,192.75,2.0310660910486624
22738,3624.19,RIBBON REEL SNOWY VILLAGE,190.5,4.993852711491628
22625,13601.62,RED KITCHEN SCALES,190.4,1.3805084389378786
22139,21724.81,RETROSPOT TEA SET CERAMIC 11 PC,190.35000000000002,0.8685768207943726
22968,7812.0599999999995,ROSE COTTAGE KEEPSAKE BOX,188.85,2.36035650944705
22730,10953.34,ALARM CLOCK BAKELIKE IVORY,187.5,1.6829969732982433
22464,5068.74,HANGING METAL HEART LANTERN,186.89999999999998,3.5561796470077858
22969,18367.73,HOMEMADE JAM SCENTED CANDLES,184.35,0.9936891173388646
21231,7402.08,SWEETHEART CERAMIC TRINKET BOX,184.33,2.4297394947017104
37495,1607.24,FAIRY CAKE BIRTHDAY CANDLE SET,183.75,10.259688775481717
22470,29757.010000000002,HEART OF WICKER LARGE,183.6,0.6132139592346314
23084,57241.57,RABBIT NIGHT LIGHT,183.39000000000001,0.31935590377424733
22922,1305.3,FRIDGE MAGNETS US DINER ASSORTED,183.29999999999998,12.313583232567513
23581,10188.06,JUMBO BAG PAISLEY PARK,183.16,1.766041025067446
22781,4995.51,GUMBALL MAGAZINE RACK,182.70000000000002,3.528246247255326
23582,6354.13,VINTAGE DOILY JUMBO BAG RED,181.08,2.770836744343334
22071,1346.84,SMALL WHITE RETROSPOT MUG IN BOX,180.5,11.817931829193238
22649,4027.15,STRAWBERRY FAIRY CAKE TEAPOT,180.35,4.286393345216875
23118,5430.68,PARISIENNE JEWELLERY DRAWER,180.0,3.2081672809712907
22667,7587.900000000001,RECIPE BOX RETROSPOT,179.75,2.314084697431012
22924,1005.1999999999999,FRIDGE MAGNETS LA VIE EN ROSE,179.04999999999998,15.119273801984376
22179,6728.38,SET 10 LIGHTS NIGHT OWL,178.95,2.590726083740027
22364,1946.15,GLASS JAR DIGESTIVE BISCUITS,176.55,8.317237480567202
22848,5208.45,BREAD BIN DINER STYLE PINK,176.45,3.2767553715017916
22725,7611.54,ALARM CLOCK BAKELIKE CHOCOLATE,176.25,2.2631580974833683
22618,671.53,COOKING SET RETROSPOT,174.18,20.59571247827269
21210,8265.65,SET OF 72 RETROSPOT PAPER  DOILIES,173.65,2.0576351119168654
22461,1453.5800000000002,SAVOY ART DECO CLOCK,173.45,10.660528693386107
17003,5907.24,BROCADE RING PURSE,172.8,2.842086565219966
35004C,1888.1000000000001,SET OF 3 COLOURED  FLYING DUCKS,170.6,8.28678292126099
20724,20350.03,RED RETROSPOT CHARLOTTE BAG,170.31,0.8299570085096056
20979,4655.58,36 PENCILS TUBE RED RETROSPOT,170.0,3.5228925849327957
21181,23711.36,PLEASE ONE PERSON METAL SIGN,169.70000000000002,0.7106049731460832
22192,7892.53,BLUE DINER WALL CLOCK,168.3,2.087874325596744
23301,14676.429999999998,GARDENERS KNEELING PAD KEEP CALM,167.24999999999997,1.12674215558406
23486,1943.1899999999998,ANTIQUE HEART SHELF UNIT,166.35000000000002,7.885605392644843
22303,6140.19,COFFEE MUG APPLES DESIGN,166.05,2.6331062566600703
22083,13462.37,PAPER CHAIN KIT RETROSPOT,165.20000000000002,1.2122484052549354
84406B,7516.22,CREAM CUPID HEARTS COAT HANGER,162.5,2.116238123020503
21166,19041.39,COOK WITH WINE METAL SIGN,161.1,0.8389536981922657
23322,8648.660000000002,LARGE WHITE HEART OF WICKER,161.0,1.8275393147976196
23146,2549.58,TRIPLE HOOK ANTIQUE IVORY ROSE,160.81,5.933094499315597
22943,6550.46,CHRISTMAS LIGHTS 10 VINTAGE BAUBLES,160.55,2.3923373679967694
48129,5832.5,DOORMAT TOPIARY,159.15,2.656196540185091
22837,5657.93,HOT WATER BOTTLE BABUSHKA,157.65,2.710821620543437
21936,11530.369999999999,RED RETROSPOT PICNIC BAG,157.10000000000002,1.3441745732823274
22668,6633.94,PINK BABY BUNTING,157.0,2.3119038012410655
22106,850.16,MIRROR MOSAIC HURRICANE LAMP,156.75,15.567429065159747
22591,1436.48,CARDHOLDER GINGHAM CHRISTMAS TREE,156.04999999999998,9.79887349060928
82484,33624.34,WOOD BLACK BOARD ANT WHITE FINISH,155.05,0.4590076967050027
23172,6004.549999999999,REGENCY TEA PLATE PINK,154.29999999999998,2.505337847163026
85023B,232.8,EAU DE NILE JEWELLED PHOTOFRAME,153.75000000000003,39.77493209157936
22728,19836.14,ALARM CLOCK BAKELIKE PINK,153.75,0.7691387996632297
21850,461.65,BLUE  DIAMANTE PEN IN GIFT BOX,153.0,24.892215081753843
84754,725.52,S/15 SILVER GLASS BAUBLES IN BAG,152.64000000000001,17.381798305547967
22457,25320.250000000004,NATURAL SLATE HEART CHALKBOARD,152.60000000000002,0.5990692050555788
22622,13470.619999999999,BOX OF VINTAGE ALPHABET BLOCKS,151.34999999999997,1.1110727743490845
23165,4805.339999999999,LARGE CERAMIC TOP STORAGE JAR,151.2,3.0505150770497163
23228,1894.31,FILIGREE HEART BIRD WHITE,149.76,7.326559266561321
22088,5661.05,PAPER BUNTING COLOURED LACE,149.2,2.5678757368443694
22061,3569.06,LARGE CAKE STAND  HANGING STRAWBERY,149.04999999999998,4.0087571373627995
21484,7897.78,CHICK GREY HOT WATER BOTTLE,147.60000000000002,1.834593269677753
22726,25320.05,ALARM CLOCK BAKELIKE GREEN,146.25,0.5742883732619187
23171,9751.73,REGENCY TEA PLATE GREEN,146.25,1.4775742121119662
22418,5478.54,10 COLOUR SPACEBOY PEN,146.2,2.5992312533557103
21733,22436.9,RED HANGING HEART T-LIGHT HOLDER,145.3,0.6434271240180319
22946,6929.47,WOODEN ADVENT CALENDAR CREAM,144.3,2.039930616912905
21673,5980.36,WHITE SPOT BLUE CERAMIC DRAWER KNOB,143.95,2.3504688691460753
21533,6508.17,RETROSPOT LARGE MILK JUG,143.65,2.1595593386471674
23404,3848.76,HOME SWEET HOME BLACKBOARD,143.55,3.59566266146667
23494,4276.64,VINTAGE DOILY DELUXE SEWING KIT,142.8,3.2311786108647245
22617,10173.800000000001,BAKING SET SPACEBOY DESIGN,142.15,1.377963251082062
22952,9015.36,60 CAKE CASES VINTAGE CHRISTMAS,140.4,1.5334609033002176
21430,11689.17,SET/3 RED GINGHAM ROSE STORAGE BOX,140.28,1.185853949253769
23205,5438.29,CHARLOTTE BAG VINTAGE ALPHABET,140.25,2.514098670978428
22810,3010.28,SET OF 6 T-LIGHTS SNOWMEN,140.1,4.447082574165656
71053,8328.33,WHITE METAL LANTERN,139.77,1.6505473482835584
21260,3676.6,FIRST AID TIN,139.75,3.6618758761643977
22553,6831.98,PLASTERS IN TIN SKULLS,138.59999999999997,1.9883567794932413
22574,1862.1599999999999,HEART WOODEN CHRISTMAS DECORATION,138.24,6.910617876424715
22624,15696.720000000001,IVORY KITCHEN SCALES,137.7,0.8696245268219485
23075,1885.6000000000001,DOUBLE CERAMIC PARLOUR HOOK,136.95000000000002,6.771155224839929
23048,2331.04,SET OF 10 LANTERNS FAIRY LIGHT STAR,136.95000000000002,5.549050036669518
23204,7257.73,CHARLOTTE BAG APPLES DESIGN,136.9,1.8513434749270758
35004B,2880.3100000000004,SET OF 3 BLACK FLYING DUCKS,136.8,4.53414028656562
22637,7111.18,PIGGY BANK RETROSPOT,136.2,1.879299829731572
22474,1440.58,SPACEBOY TV DINNER TRAY,136.0,8.626266982963122
85152,14163.480000000001,HAND OVER THE CHOCOLATE   SIGN,135.22,0.9456803765377272
84879,56764.88,ASSORTED COLOUR BIRD ORNAMENT,135.2,0.2376095077546464
35400,89.5,WOODEN BOX ADVENT CALENDAR,135.2,60.16911437472186
20726,17895.9,LUNCH BAG WOODLAND,134.9,0.7481642522794328
22923,1003.5699999999999,FRIDGE MAGNETS LES ENFANTS ASSORTED,134.0,11.779494888226658
84032B,2051.9500000000003,CHARLIE + LOLA RED HOT WATER BOTTLE,133.5,6.108581756617629
82583,16133.42,HOT BATHS METAL SIGN,133.46,0.8204400598024945
22798,4939.71,ANTIQUE GLASS DRESSING TABLE POT,132.75000000000003,2.6170733726830773
22766,9593.060000000001,PHOTO FRAME CORNICE,132.75,1.3649248751517866
22504,4584.7699999999995,CABIN BAG VINTAGE RETROSPOT,132.55,2.809858139791238
22186,1866.34,RED STAR CARD HOLDER,132.14999999999998,6.612492431785998
22429,5406.44,ENAMEL MEASURING JUG CREAM,131.75,2.378936078393844
22988,10336.69,SOLDIERS EGG CUP,131.53,1.2564695812659648
23155,1899.79,KNICKERBOCKERGLORY MAGNET ASSORTED,129.71,6.391229366839124
21135,3135.02,VICTORIAN  METAL POSTCARD SPRING,128.72,3.943941612996134
84968A,3251.88,SET OF 16 VINTAGE ROSE CUTLERY,127.5,3.7728814161177495
22891,2012.32,TEA FOR ONE POLKADOT,127.5,5.95844510285912
22669,3429.97,RED BABY BUNTING,127.49999999999999,3.5840077358347364
22492,16744.100000000002,MINI PAINT SET VINTAGE,127.4,0.7551195803574073
20866,685.06,BLUE ROSE FABRIC MIRROR,127.2,15.660010341516264
82580,3335.57,BATHROOM METAL SIGN,127.0,3.6677958857149457
23154,5543.95,SET OF 4 JAM JAR MAGNETS,126.88,2.2374149815811792
22101,2015.97,MIRROR MOSAIC VOTIVE HOLDER,126.36,5.898250969738556
23358,1725.35,HOT STUFF HOT WATER BOTTLE,125.94,6.80282397679456
21658,3709.78,GLASS  BEURRE DISH,124.58,3.2490428650413627
47590B,12087.060000000001,PINK HAPPY BIRTHDAY BUNTING,124.1,1.0162834652891286
22980,3878.7199999999993,PANTRY SCRUBBING BRUSH,124.04999999999998,3.0991038705696305
23252,2239.11,VINTAGE RED ENAMEL TRIM JUG,123.75,5.237297173763998
47351B,234.5,BLUE  VOILE LAMPSHADE,122.39999999999999,34.29532081815634
22084,15066.92,PAPER CHAIN KIT EMPIRE,120.95,0.7963591998087948
22842,3809.92,BISCUIT TIN VINTAGE RED,120.7,3.070762373366034
22120,5177.38,WELCOME  WOODEN BLOCK LETTERS,119.39999999999999,2.254199721340135
84665,624.75,SQUARE CHERRY BLOSSOM CABINET,119.0,16.0
22170,6686.72,PICTURE FRAME WOOD TRIPLE PORTRAIT,118.65,1.743476107838369
23008,6642.549999999999,DOLLY GIRL BABY GIFT SET,118.65,1.7548660001183225
21754,16521.57,HOME BUILDING BLOCK WORD,118.60000000000001,0.7127331030872883
23085,3260.4300000000003,ANTIQUE SILVER BAUBLE LAMP,118.35000000000001,3.502743593841564
22840,6784.87,ROUND CAKE TIN VINTAGE RED,118.25,1.712993544947792
22606,4574.66,WOODEN SKITTLES GARDEN SET,118.25,2.519758529355986
22722,23937.100000000002,SET OF 6 SPICE TINS PANTRY DESIGN,118.0,0.49054046751000824
22979,6288.259999999999,PANTRY WASHING UP BRUSH,117.55000000000001,1.8350528660700212
22938,4478.65,CUPCAKE LACE PAPER SET 6,117.0,2.5458857832950725
23079,2162.7999999999997,TOADSTOOL BEDSIDE LIGHT,116.35,5.104973345326109
22729,9035.79,ALARM CLOCK BAKELIKE ORANGE,115.89,1.2663248714990034
23239,3161.9500000000003,SET OF 4 KNICK KNACK TINS POPPIES,115.80000000000001,3.5329112958584394
22959,1919.5,WRAP CHRISTMAS VILLAGE,115.5,5.675675675675676
22892,3021.6,SET OF SALT AND PEPPER TOADSTOOLS,115.19,3.6722254279055977
22326,23558.27,ROUND SNACK BOXES SET OF4 WOODLAND,115.05000000000001,0.48599013573085653
21669,7017.76,BLUE STRIPE CERAMIC DRAWER KNOB,115.00999999999999,1.6124170553655872
47590A,10448.37,BLUE HAPPY BIRTHDAY BUNTING,114.80000000000001,1.0867949677984923
21906,4403.94,PHARMACIE FIRST AID TIN,114.75,2.539452806012362
84792,3867.71,ENCHANTED BIRD COATHANGER 5 HOOK,114.69,2.8799216552832463
23163,4310.9800000000005,REGENCY SUGAR TONGS,114.4,2.5850887381422614
22109,6204.23,FULL ENGLISH BREAKFAST PLATE,114.39,1.810363655355125
79191C,781.93,RETRO PLASTIC ELEPHANT TRAY,113.89999999999999,12.714465914291775
22355,26902.63,CHARLOTTE BAG SUKI DESIGN,112.87,0.41779719050174896
21820,1315.97,GLITTER HEART GARLAND WITH BELLS,112.5,7.875559164700693
22578,3292.2999999999997,WOODEN STAR CHRISTMAS SCANDINAVIAN,112.49,3.303874835158703
22168,1205.3,ORGANISER WOOD ANTIQUE WHITE,110.5,8.397932816537468
23208,9877.78,LUNCH BAG VINTAGE LEAF DESIGN,109.85,1.0998605274724833
22694,4119.7,WICKER STAR,109.2,2.582231786043652
47599B,2797.12,BLUE PARTY BAGS,109.2,3.7573288557350883
21539,4743.900000000001,RED RETROSPOT BUTTER DISH,108.95,2.245072483179987
22556,9679.099999999999,PLASTERS IN TIN CIRCUS PARADE,108.89999999999999,1.1125868410298325
22627,7208.13,MINT KITCHEN SCALES,108.71000000000001,1.485750679254979
15034,838.3600000000001,PAPER POCKET TRAVELING FAN,108.29000000000002,11.439285902920828
22379,15221.5,RECYCLING BAG RETROSPOT,107.85,0.7035523358785597
23247,6290.9400000000005,BISCUIT TIN 50'S CHRISTMAS,106.98000000000002,1.6721059344286897
22779,5709.1,WOODEN OWLS LIGHT GARLAND,106.25,1.8270611399141923
71459,10754.289999999999,HANGING JAM JAR T-LIGHT HOLDER,105.88,0.9749386980130146
84997B,18633.96,RED 3 PIECE RETROSPOT CUTLERY SET,105.0,0.5603299222582256
22398,1525.94,MAGNETS PACK OF 4 SWALLOWS,105.0,6.438005076826861
23351,4354.72,ROLL WRAP 50'S CHRISTMAS,104.88,2.351780428738003
22113,12163.62,GREY HEART HOT WATER BOTTLE,104.25,0.8497807687887139
22593,1905.7499999999998,CHRISTMAS GINGHAM STAR,103.67999999999999,5.1596721458324
22595,5633.08,CHRISTMAS GINGHAM HEART,103.67999999999999,1.8072919208751976
22130,2618.7299999999996,PARTY CONE CHRISTMAS DECORATION,103.67999999999999,3.808390360011902
22841,4030.55,ROUND CAKE TIN VINTAGE GREEN,103.35000000000001,2.5000604755799607
23082,7921.24,SET 6 PAPER TABLE LANTERN HEARTS,103.16,1.2855789840984997
22867,12516.010000000002,HAND WARMER BIRD DESIGN,102.9,0.8154428552069869
21668,7397.01,RED STRIPE CERAMIC DRAWER KNOB,102.67,1.368991743647729
84012,1178.59,MAGIC SHEEP WOOL GROWING FROM PAPER,102.0,7.965078596584388
23007,7547.57,SPACEBOY BABY GIFT SET,101.69999999999999,1.3295386357129502
84818,1460.81,DANISH ROSE PHOTO FRAME,101.45,6.493797447287903
23176,4611.68,ABC TREASURE BOOK BOX,101.25,2.148345084692537
35970,8680.91,ZINC FOLKART SLEIGH BELLS,100.89,1.148853310255301
21873,1811.14,IF YOU CAN'T STAND THE HEAT MUG,100.07000000000001,5.235950000261615
23041,1066.51,PAPER LANTERN 9 POINT SNOW STAR,99.60000000000001,8.541218238416617
21868,3243.3,POTTING SHED TEA MUG,99.41,2.973934322750104
21485,16801.59,RETROSPOT HEART HOT WATER BOTTLE,99.00000000000001,0.585778366317389
22430,3231.44,ENAMEL WATERING CAN CREAM,99.0,2.972580199613264
84380,7865.34,SET OF 3 BUTTERFLY COOKIE CUTTERS,98.75,1.2399407841950556
23315,1984.61,IVORY REFECTORY CLOCK,97.80000000000001,4.696481480592199
48138,24917.66,DOORMAT UNION FLAG,97.5,0.38976364732426255
22362,1309.01,GLASS JAR PEACOCK BATH SALTS,97.35000000000001,6.9221252026508155
23206,20328.85,LUNCH BAG APPLE DESIGN,97.15,0.47561930872417507
21670,6019.36,BLUE SPOT CERAMIC DRAWER KNOB,96.25,1.5738413666012057
84945,8166.39,MULTI COLOUR SILVER T-LIGHT HOLDER,95.75999999999999,1.1590203518454638
84991,9084.67,60 TEATIME FAIRY CAKE CASES,95.7,1.0424416445088813
84944,1120.26,SET OF 6 KASHMIR FOLKART BAUBLES,95.69999999999999,7.87032468173295
23275,4139.74,SET OF 3 HANGING OWLS OLLIE BEAK,95.41,2.2528127693234006
23236,6961.650000000001,DOILEY STORAGE TIN,95.37,1.3514202878835542
22231,1002.51,JIGSAW TREE WITH BIRDHOUSE,95.05,8.660118808994497
22628,4502.110000000001,PICNIC BOXES SET OF 3 RETROSPOT,94.05000000000001,2.046273410847316
84997D,21792.41,PINK 3 PIECE POLKADOT CUTLERY SET,93.75,0.42835289516297054
20977,2328.64,36 PENCILS TUBE WOODLAND,93.75,3.8701447743757202
22780,4967.84,LIGHT GARLAND BUTTERFILES PINK,93.5,1.8473368712633411
22940,7523.72,FELTCRAFT CHRISTMAS FAIRY,93.5,1.2274819422308927
21528,1544.28,DAIRY MAID TRADITIONAL TEAPOT,93.3,5.697431575861943
37450,2102.9,CERAMIC CAKE BOWL + HANGING CAKES,93.25,4.246066980852857
23198,4717.5199999999995,PANTRY MAGNETIC  SHOPPING LIST,92.8,1.9291855843270305
22629,24934.6,SPACEBOY LUNCH BOX,92.7,0.37039552808333304
22144,8977.11,CHRISTMAS CRAFT LITTLE FRIENDS,92.4,1.0187981489628437
21259,6758.490000000001,VICTORIAN SEWING BOX SMALL,92.2,1.3458498341043017
84378,8218.14,SET OF 3 HEART COOKIE CUTTERS,90.0,1.0832749568495474
21121,7862.6,SET/10 RED POLKADOT PARTY CANDLES,90.0,1.1317053542237758
22693,17621.43,GROW A FLYTRAP OR SUNFLOWER IN TIN,90.0,0.5081464342517797
84616,504.32,SILVER ROCCOCO CHANDELIER,89.85,15.12193479980477
21217,11009.3,RED RETROSPOT ROUND CAKE TINS,89.55,0.8068403483243761
23487,765.7299999999999,SWEET HEART CAKE CARRIER,89.55,10.470255354971473
84459A,1058.18,PINK METAL CHICKEN HEART,89.39999999999999,7.790306558148449
84929,637.5600000000001,ASSTD FRUIT+FLOWERS FRIDGE MAGNETS,89.29,12.284515374561463
22926,3656.8500000000004,IVORY GIANT GARDEN THERMOMETER,89.25,2.382477776887963
21622,1962.8400000000001,VINTAGE UNION JACK CUSHION COVER,89.1,4.342232229012543
37446,1929.69,MINI CAKE STAND WITH HANGING CAKES,88.85,4.401696275525875
21974,3451.02,SET OF 36 PAISLEY FLOWER DOILIES,88.44999999999999,2.4989617089564256
21257,6379.47,VICTORIAN SEWING BOX MEDIUM,88.4,1.3667559799439384
22156,2029.0399999999997,HEART DECORATION WITH PEARLS,88.21,4.166253394733736
22845,5229.45,VINTAGE CREAM CAT FOOD CONTAINER,88.1,1.6567780274750588
22829,2295.43,SWEETHEART WIRE WALL TIDY,87.9,3.6881170463175477
22442,840.95,GROW YOUR OWN FLOWERS SET OF 3,87.45,9.419431279620852
20719,15882.1,WOODLAND CHARLOTTE BAG,87.39999999999999,0.5472932778108268
21218,9836.41,RED SPOTTY BISCUIT TIN,87.25,0.8792119036726369
22060,1111.05,LARGE CAKE STAND HANGING HEARTS,87.2,7.277279365741707
22734,10092.31,SET OF 6 RIBBONS VINTAGE CHRISTMAS,86.7,0.8517527735997902
22605,10901.119999999999,WOODEN CROQUET GARDEN SET,86.05,0.7831862071852899
22963,2734.77,JAM JAR WITH GREEN LID,85.76,3.0405632983871826
21915,25104.38,RED  HARMONICA IN BOX,83.75,0.3324978869014889
22809,3458.3300000000004,SET OF 6 T-LIGHTS SANTA,83.7,2.363051696343622
22927,2693.08,GREEN GIANT GARDEN THERMOMETER,83.3,3.000309755869153
23194,3968.49,GYMKHANNA TREASURE BOOK BOX,83.25,2.0546728072383718
23045,489.69000000000005,PAPER LANTERN 5 POINT STAR MOON 30,83.0,14.49300668773682
23254,6757.870000000001,CHILDRENS CUTLERY DOLLY GIRL,83.0,1.213295969664677
84032A,3101.48,CHARLIE+LOLA PINK HOT WATER BOTTLE,82.60000000000001,2.59415592573051
21499,2767.34,BLUE POLKADOT WRAP,82.5,2.894899362771243
22508,6409.83,DOORSTOP RETROSPOT HEART,82.5,1.2707302309032351
22333,7009.29,RETROSPOT PARTY BAG + STICKER SET,82.5,1.163317018693447
85159A,781.4,"BLACK TEA,COFFEE,SUGAR JARS",82.39999999999999,9.53924519564714
22579,1988.0199999999998,WOODEN TREE CHRISTMAS SCANDINAVIAN,81.6,3.9427527758718997
22577,3678.72,WOODEN HEART CHRISTMAS SCANDINAVIAN,81.6,2.1700280827163647
22571,2000.51,ROCKING HORSE RED CHRISTMAS,80.17,3.853067266470577
22965,2837.6000000000004,3 TRADITIONAL COOKIE CUTTERS  SET,79.80000000000001,2.7353122643449646
23126,5267.85,DOLLCRAFT GIRL AMELIE KIT,79.2,1.481190563020731
23393,3048.04,HOME SWEET HOME CUSHION COVER,78.75,2.51855737033827
20975,4188.27,12 PENCILS SMALL TUBE RED RETROSPOT,78.0,1.8282949742983918
22989,8799.32,SET 2 PANTRY DESIGN TEA TOWELS,78.0,0.8786435545862941
23092,3583.2000000000003,LARGE ANTIQUE WHITE PHOTO FRAME,77.75,2.123765689233669
22380,2689.31,TOY TIDY SPACEBOY,77.7,2.808085261708487
21672,6645.0599999999995,WHITE SPOT RED CERAMIC DRAWER KNOB,77.55,1.1535698188649943
23004,848.31,TRAVEL CARD WALLET PANTRY,77.28,8.349269114834863
21275,270.08,ZINC TOP  2 DOOR WOODEN SHELF,76.75,22.12899691491509
22312,1846.16,OFFICE MUG WARMER POLKADOT,76.70000000000002,3.988849942273489
22626,4199.93,BLACK KITCHEN SCALES,76.5,1.7888753001919826
22486,350.48,PLASMATRONIC LAMP,76.5,17.916530048245818
22485,6902.05,SET OF 2 WOODEN MARKET CRATES,76.5,1.0962162626906735
22357,2037.61,KINGS CHOICE BISCUIT TIN,76.5,3.618543973586995
21156,5833.57,RETROSPOT CHILDRENS APRON,76.05,1.2868847743171303
21845,1720.3000000000002,DAIRY MAID STRIPE MUG,75.64,4.211721995166876
20893,485.12,HANGING BAUBLE T-LIGHT HOLDER SMALL,75.60000000000001,13.482665144813813
21535,5914.61,RED RETROSPOT SMALL MILK JUG,75.6,1.2620592600259422
20934,424.46000000000004,SET/3 POT PLANT CANDLES,75.30000000000001,15.067232271490315
22832,1781.82,BROCANTE SHELF WITH HOOKS,75.25,4.052082043218618
23077,13001.09,DOUGHNUT LIP GLOSS,75.0,0.5735659512897203
22107,1781.6000000000001,PIZZA PLATE IN BOX,75.0,4.03964235699666
22760,3491.8599999999997,"TRAY, BREAKFAST IN BED",74.7,2.0944551612758517
22998,5119.91,TRAVEL CARD WALLET KEEP CALM,74.34,1.4311979592818984
22795,8039.96,SWEETHEART RECIPE BOOK STAND,74.25,0.9150613553260267
23080,6737.75,RED METAL BOX TOP SECRET,74.25,1.0899882560187903
21216,11134.2,"SET 3 RETROSPOT TEA,COFFEE,SUGAR",73.55,0.656242332314693
82600,11967.25,NO SINGING METAL SIGN,73.30000000000001,0.6087761771679866
22947,8714.24,WOODEN ADVENT CALENDAR RED,72.92,0.8298471861215684
85159B,1134.5,"WHITE TEA,COFFEE,SUGAR JARS",72.89,6.0369888768335
23249,1407.9499999999998,VINTAGE RED ENAMEL TRIM PLATE,72.64999999999999,4.906794542752937
21190,245.20000000000002,PINK HEARTS PAPER GARLAND,72.5,22.8202706956248
21790,11921.22,VINTAGE SNAP CARDS,72.24999999999999,0.6024111453982876
22962,3235.47,JAM JAR WITH PINK LID,72.11999999999999,2.1804395345251377
22957,5014.650000000001,SET 3 PAPER VINTAGE CHICK PAPER EGG,71.9,1.4135317651453345
22158,11416.54,3 HEARTS HANGING DECORATION RUSTIC,71.75,0.6245489972833206
23526,5082.21,DOG LICENCE WALL ART,71.4,1.3854366162748055
23251,2000.91,VINTAGE RED ENAMEL TRIM MUG,71.25,3.438441047023396
22072,2514.92,RED RETROSPOT TEA CUP AND SAUCER,71.25,2.755039305227421
22801,4016.9,ANTIQUE GLASS PEDESTAL BOWL,70.89,1.7341888893509696
22993,15839.85,SET OF 4 PANTRY JELLY MOULDS,70.0,0.43997900671596524
23225,1111.1399999999999,CHERUB HEART DECORATION SILVER,69.72,5.904171535999187
22211,1096.81,WOOD STAMP SET FLOWERS,69.6,5.967027031661251
22198,1870.9099999999999,LARGE POPCORN HOLDER,69.35,3.5742632430705163
22939,2180.17,APRON APPLE DELIGHT,69.30000000000001,3.0807256820495494
21812,1693.51,GARLAND WITH HEARTS AND BELLS,69.30000000000001,3.9312234443870873
21363,1403.94,HOME SMALL WOOD LETTERS,69.30000000000001,4.7039178952512835
23032,3853.68,DRAWER KNOB CRACKLE GLAZE IVORY,69.3,1.766514231528073
22983,2211.26,CARD BILLBOARD FONT,68.75999999999999,3.015763019622634
21452,2461.88,TOADSTOOL MONEY BOX,68.4,2.7032581374393345
22367,7186.12,CHILDRENS APRON SPACEBOY DESIGN,68.25,0.9408122276641528
90185C,110.09,BLACK DIAMANTE EXPANDABLE RING,68.0,38.18294120950082
84352,577.35,SILVER CHRISTMAS TREE BAUBLE STAND,67.8,10.509183910718438
23324,807.7800000000001,RUSTIC STRAWBERRY JAMPOT LARGE,67.51,7.7128723051788555
22843,2891.23,BISCUIT TIN VINTAGE GREEN,67.5,2.2813842425635324
21591,1919.8899999999999,COSY HOUR CIGAR BOX MATCHES,67.5,3.3964143927462658
22623,5104.84,BOX OF VINTAGE JIGSAW BLOCKS,67.35000000000001,1.302156339964309
37448,2138.9,CERAMIC CAKE DESIGN SPOTTED MUG,67.05,3.0395067884584868
23042,658.33,PAPER LANTERN 7 POINT SNOW STAR,66.5,9.174565070430308
22951,3903.8500000000004,60 CAKE CASES DOLLY GIRL DESIGN,66.0,1.6625313298991145
22737,2565.54,RIBBON REEL CHRISTMAS PRESENT,66.0,2.5080371189493604
51014L,1040.46,"FEATHER PEN,LIGHT PINK",65.88,5.954769781441509
22299,1139.38,PIG KEYRING WITH LIGHT & SOUND,65.0,5.396967734435975
22558,12859.529999999999,CLOTHES PEGS RETROSPOT PACK 24,64.92999999999999,0.5023807571070668
22967,3253.71,SET 3 SONG BIRD PAPER EGGS ASSORTED,64.9,1.9556380532813438
23470,1404.29,CARD HOLDER LOVE BIRD LARGE,64.45,4.388114982910523
23127,3555.1600000000003,DOLLCRAFT GIRL NICOLE,64.35000000000001,1.7778649596216063
22325,1146.3500000000001,MOBILE VINTAGE HEARTS,64.35000000000001,5.315106962914017
23313,14045.210000000001,VINTAGE CHRISTMAS BUNTING,64.35,0.4560737542488921
23184,4494.64,BULL DOG BOTTLE OPENER,64.35,1.4114968446958644
21534,1834.63,DAIRY MAID LARGE MILK JUG,64.35,3.3886612813194446
22631,7031.639999999999,CIRCUS PARADE LUNCH BOX,64.35,0.9068502069478677
23321,8143.21,SMALL WHITE HEART OF WICKER,64.35,0.7840332571434141
46000S,2205.45,POLYESTER FILLER PAD 40X40CM,63.8,2.811501597444089
22526,1632.6299999999999,WHEELBARROW FOR CHILDREN,63.75,3.758002334382627
21730,2435.11,GLASS STAR FROSTED T-LIGHT HOLDER,63.650000000000006,2.547263442667563
20749,11558.94,ASSORTED COLOUR MINI CASES,63.6,0.5472125714344712
23250,1427.28,VINTAGE RED TRIM ENAMEL BOWL,63.53,4.261441766556437
85116,1106.88,BLACK CANDELABRA T-LIGHT HOLDER,63.00000000000001,5.385167709508668
20723,11774.83,STRAWBERRY CHARLOTTE BAG,62.709999999999994,0.5297553376799572
22057,599.28,CERAMIC PLATE STRAWBERRY DESIGN,62.58,9.455171788595775
23314,4650.66,VINTAGE CHRISTMAS TABLECLOTH,62.5,1.3260742262091676
23022,731.2,SMALL BONNE JAM JAR  T-LIGHT HOLDER,62.400000000000006,7.862903225806452
84992,6410.68,72 SWEETHEART FAIRY CAKE CASES,62.14,0.9600143368732639
22665,5192.08,RECIPE BOX BLUE SKETCHBOOK DESIGN,62.10000000000001,1.1819161125047106
23168,4371.97,CLASSIC SUGAR DISPENSER,61.86,1.3951820435154256
22621,9451.57,TRADITIONAL KNITTING NANCY,61.65,0.6480455618602324
21124,4819.3,SET/10 BLUE POLKADOT PARTY CANDLES,61.25,1.2549815082316542
21122,6351.12,SET/10 PINK POLKADOT PARTY CANDLES,61.25,0.9551850563832093
51014A,1923.9099999999999,"FEATHER PEN,HOT PINK",61.199999999999996,3.0829525819727874
21288,1028.51,STRIPEY CHOCOLATE NESTING BOXES,61.199999999999996,5.616173110277046
84535B,843.22,FAIRY CAKES NOTEBOOK A6 SIZE,61.1,6.756457891012031
22897,1990.18,OVEN MITT APPLES DESIGN,60.9,2.969167462995105
21655,60.84,HANGING RIDGE GLASS T-LIGHT HOLDER,60.84,50.0
21352,1511.2600000000002,EUCALYPTUS & PINECONE  WREATH,60.75,3.864479233592661
84598,535.96,BOYS ALPHABET IRON ON PATCHES,60.48,10.140164978874655
23267,1449.93,SET OF 4 SANTA PLACE SETTINGS,60.0,3.9736941447616774
23078,8501.2,ICE CREAM PEN LIP GLOSS,60.0,0.7008363313554175
84279P,1534.1299999999999,CHERRY BLOSSOM  DECORATIVE FLASK,60.0,3.763808472332871
21810,2623.37,CHRISTMAS HANGING STAR WITH BELL,60.0,2.2359942907612442
23226,1554.17,FILIGREE HEART DAISY WHITE,60.0,3.717080604892917
23212,2610.56,HEART WREATH DECORATION WITH BELL,60.0,2.2467197891079023
84632,359.70000000000005,DECORATIVE HANGING SHELVING UNIT,59.95,14.285714285714285
23458,627.9,DOLLY CABINET 3 DRAWERS,59.8,8.695652173913043
22770,1485.78,MIRROR CORNICE,59.8,3.869097685011452
21198,987.0199999999999,WHITE HEART CONFETTI IN TUBE,59.75999999999999,5.708935975085501
23397,4908.1,FOOT STOOL HOME SWEET HOME,59.699999999999996,1.2017392004509038
20821,84.15,GOLDIE LOOKING MIRROR,59.400000000000006,41.37931034482759
21846,1163.9099999999999,PINK DIAMANTE PEN IN GIFT BOX,59.400000000000006,4.855678446182898
22301,4811.1,COFFEE MUG CAT + BIRD DESIGN,59.4,1.2195873113643363
21891,9723.26,TRADITIONAL WOODEN SKIPPING ROPE,59.31999999999999,0.606384000948625
22632,8418.560000000001,HAND WARMER RED POLKA DOT,59.150000000000006,0.697712000056619
23263,4822.78,SET OF 3 WOODEN HEART DECORATIONS,58.75,1.2035161107275794
21844,5161.79,RED RETROSPOT MUG,58.60000000000001,1.1225214974360154
22653,3109.06,BUTTON BOX,58.5,1.8468474156764199
15056P,4641.89,EDWARDIAN PARASOL PINK,58.2,1.238274160707561
23237,4091.7900000000004,SET OF 4 KNICK KNACK TINS LEAVES,58.10000000000001,1.400037109417358
84029G,14656.52,KNITTED UNION FLAG HOT WATER BOTTLE,58.0,0.3941684812008819
21792,1497.72,CLASSIC FRENCH STYLE BASKET GREEN,57.95,3.7250830831731667
22371,4786.25,AIRLINE BAG VINTAGE TOKYO 78,57.78,1.1928084673298887
23015,338.38,CORDIAL GLASS JUG,57.75,14.578547446545326
23283,6601.33,DOORMAT VINTAGE LEAVES DESIGN,57.45,0.8627706576880451
85053,3339.82,FRENCH ENAMEL CANDLEHOLDER,57.160000000000004,1.6826710784284864
22027,1830.07,TEA PARTY BIRTHDAY CARD,56.879999999999995,3.0143882985770687
22788,2025.96,BROCANTE COAT RACK,56.8,2.7271505118208528
21262,1200.7600000000002,WHITE GOOSE FEATHER CHRISTMAS TREE,56.75,4.512886577442724
21888,6640.87,BINGO SET,56.25,0.839913276154526
22585,7398.49,PACK OF 6 BIRDY GIFT TAGS,56.25,0.7545534787262869
23242,2734.86,TREASURE TIN BUFFALO BILL,56.160000000000004,2.012167594642819
22064,2346.1899999999996,PINK DOUGHNUT TRINKET POT,56.15,2.3373044614833876
22077,16552.87,6 RIBBONS RUSTIC CHARM,56.099999999999994,0.3377692897271775
22242,994.3799999999999,5 HOOK HANGER MAGIC TOADSTOOL,56.099999999999994,5.340415809915468
22488,5501.15,NATURAL SLATE RECTANGLE CHALKBOARD,56.099999999999994,1.009492104908003
21977,12082.79,PACK OF 60 PINK PAISLEY CAKE CASES,55.550000000000004,0.4576408306242864
21932,4902.32,SCANDINAVIAN PAISLEY PICNIC BAG,55.349999999999994,1.1164518816298783
84688,203.07,BEACH HUT DESIGN BLACKBOARD,55.25,21.38820068132549
21137,35050.95,BLACK RECORD COVER FRAME,55.17,0.15715208630290106
84880,1981.95,WHITE WIRE EGG HOLDER,55.1,2.704891877960777
21908,7254.650000000001,CHOCOLATE THIS WAY METAL SIGN,54.60000000000001,0.7469986660738106
22633,9079.140000000001,HAND WARMER UNION JACK,54.6,0.5977836023359543
22972,2993.41,CHILDREN'S SPACEBOY MUG,54.449999999999996,1.7864993798927773
22381,7274.31,TOY TIDY PINK POLKADOT,54.35,0.7416089708077601
79323P,27.0,PINK CHERRY LIGHTS,54.0,66.66666666666666
79323B,54.0,BLACK CHERRY LIGHTS,54.0,50.0
23002,875.4,TRAVEL CARD WALLET SKULLS,53.76,5.7858711093891255
21055,1746.7399999999998,TOOL BOX SOFT TOY,53.699999999999996,2.982604252293884
22320,1129.42,BIRDS MOBILE VINTAGE DESIGN,53.550000000000004,4.526742013745066
23238,7137.740000000001,SET OF 4 KNICK KNACK TINS LONDON,53.550000000000004,0.7446508206455309
20679,9689.69,EDWARDIAN PARASOL RED,53.550000000000004,0.5496118334352844
23356,12426.2,LOVE HOT WATER BOTTLE,53.55,0.42909513411726996
23099,852.22,FRENCH CARRIAGE LANTERN,53.2,5.875726182324225
22413,7099.240000000001,METAL SIGN TAKE IT OR LEAVE IT,53.10000000000001,0.7424143706814833
22808,1006.3700000000001,SET OF 6 T-LIGHTS EASTER CHICKS,53.1,5.011939932230266
22859,2003.07,EASTER TIN BUNNY BOUQUET,52.8,2.568255774927403
84750A,46.8,PINK SMALL GLASS CAKE STAND,52.65,52.94117647058824
21876,4601.4,POTTERING MUG,52.3,1.1238369469454412
23159,4713.52,SET OF 5 PANCAKE DAY MAGNETS,52.0,1.0911715825345396
85019C,270.72,CURIOUS  IMAGES NOTEBOOK SET,51.0,15.852293920179036
84968C,3585.99,SET OF 16 VINTAGE PISTACHIO CUTLERY,51.0,1.4022584609800963
84826,371.9,ASSTD DESIGN 3D PAPER STICKERS,51.0,12.059588555213999
21361,1505.96,LOVE LARGE WOOD LETTERS,51.0,3.2756140170588837
21205,674.64,MULTICOLOUR 3D BALLS GARLAND,51.0,7.028278485199273
23010,4785.589999999999,CIRCUS PARADE BABY GIFT SET,50.849999999999994,1.0513931734912456
21242,5483.13,RED RETROSPOT PLATE,50.7,0.9161828245536997
22212,3502.3500000000004,FOUR HOOK  WHITE LOVEBIRDS,50.400000000000006,1.4186193793540216
22902,2591.4900000000002,TOTE BAG I LOVE LONDON,50.400000000000006,1.907725151312129
22494,1539.0,EMERGENCY FIRST AID TIN,50.0,3.146633102580239
22217,683.75,T-LIGHT HOLDER HANGING LACE,50.0,6.814310051107325
23158,5148.38,SET OF 5 LUCKY CAT MAGNETS,49.92,0.9603139487909508
23156,3317.21,SET OF 5 MINI GROCERY MAGNETS,49.92,1.4825682406084708
23413,828.9200000000001,VINTAGE COFFEE GRINDER BOX,49.800000000000004,5.667334304442826
23140,766.1,TRIPLE WIRE HOOK IVORY HEART,49.800000000000004,6.103689177595294
23354,3223.79,6 GIFT TAGS 50'S CHRISTMAS,49.8,1.5212656441399197
22167,2328.11,OVAL WALL MIRROR DIAMANTE,49.75,2.0922173719226533
23460,726.3499999999999,SWEETHEART WALL TIDY,49.75,6.4102564102564115
22763,2016.9399999999998,KEY CABINET MA CAMPAGNE,49.75,2.4072308861028993
22079,3198.33,RIBBON REEL HEARTS DESIGN,49.5,1.5240945492836757
23081,3707.37,GREEN METAL BOX ARMY SUPPLIES,49.5,1.3175861821143666
23302,1814.4099999999999,KNEELING MAT HOUSEWORK  DESIGN,49.49999999999999,2.6557076253681777
21833,4434.87,CAMOUFLAGE LED TORCH,49.010000000000005,1.0930265751982657
21524,13241.03,DOORMAT SPOTTY HOME SWEET HOME,48.9,0.36794776195209455
21927,757.4,BLUE/CREAM STRIPE CUSHION COVER,48.75,6.047261675866775
22349,5344.0599999999995,DOG BOWL CHASING BALL DESIGN,48.75,0.9039814122878427
90160A,257.87,PURPLE BOUDICCA LARGE BRACELET,48.65,15.871721257992954
23020,2141.84,GLASS  SONGBIRD STORAGE JAR,48.65,2.220964259138366
23307,6063.04,SET OF 60 PANTRY DESIGN CAKE CASES,48.400000000000006,0.791957378293823
22690,9724.4,DOORMAT HOME SWEET HOME BLUE,48.3,0.49423393739703464
21530,761.4100000000001,DAIRY MAID TOASTRACK,48.190000000000005,5.952322134387352
23221,1247.7399999999998,REINDEER HEART DECORATION SILVER,48.13999999999999,3.714850140445103
22551,13194.079999999998,PLASTERS IN TIN SPACEBOY,47.849999999999994,0.36135215939066284
22554,12996.819999999998,PLASTERS IN TIN WOODLAND ANIMALS,47.849999999999994,0.36681648520046883
20750,12255.22,RED RETROSPOT MINI CASES,47.7,0.3877128356520241
48184,13931.710000000001,DOORMAT ENGLISH ROSE,47.7,0.34121611713226807
22925,2757.4700000000003,BLUE GIANT GARDEN THERMOMETER,47.6,1.69692734940661
21351,627.55,CINAMMON & ORANGE WREATH,47.25,7.0020746887966805
21937,4887.05,STRAWBERRY   PICNIC BAG,47.2,0.9565790140345545
47567B,3305.1600000000003,TEA TIME KITCHEN APRON,46.3,1.381487471131984
23234,4709.650000000001,BISCUIT TIN VINTAGE CHRISTMAS,46.24,0.9722680718014924
23029,2211.52,DRAWER KNOB CRACKLE GLAZE GREEN,46.199999999999996,2.046312208776996
22896,3964.8599999999997,PEG BAG APPLES DESIGN,45.9,1.1444215061484606
37342,1489.01,POLKADOT COFFEE CUP & SAUCER PINK,45.68,2.976496882106484
21068,1870.49,VINTAGE BILLBOARD LOVE/HATE MUG,45.660000000000004,2.3829032173890354
22232,575.55,JIGSAW TOADSTOOLS 3 PIECE,45.28,7.293461978319347
20931,1010.6100000000001,BLUE POT PLANT CANDLE,45.050000000000004,4.267472481670235
21791,9994.16,VINTAGE HEADS AND TAILS CARD GAME,45.0,0.44824467385717537
22426,2803.3,ENAMEL WASH BOWL CREAM,45.0,1.5798897588034968
21821,1029.59,GLITTER STAR GARLAND WITH BELLS,45.0,4.187643659442206
21914,9686.65,BLUE HARMONICA IN BOX,45.0,0.4624087384975826
23193,3261.29,BUFFALO BILL TREASURE BOOK BOX,45.0,1.3610421348399566
23177,4461.25,TREASURE ISLAND BOOK BOX,45.0,0.9986130374479889
22073,1336.14,RED RETROSPOT STORAGE JAR,45.0,3.2581780268473866
84755,10354.49,COLOUR GLASS T-LIGHT HOLDER HANGING,44.85,0.4312773695253737
22307,930.61,GOLD MUG BONE CHINA TREE OF LIFE,44.84,4.596852734635297
22557,7457.179999999999,PLASTERS IN TIN VINTAGE PAISLEY,44.55,0.5938630155977355
22327,4082.92,ROUND SNACK BOXES SET OF 4 SKULLS,44.25,1.0721632498782458
22439,1241.72,6 ROCKET BALLOONS,44.2,3.4372278213263656
22907,5523.24,PACK OF 20 NAPKINS PANTRY DESIGN,44.199999999999996,0.7939016855143477
84817,626.64,DANISH ROSE DECORATIVE PLATE,44.10000000000001,6.574827802128993
22761,870.43,CHEST 7 DRAWER MA CAMPAGNE,43.9,4.801329935581246
21277,571.43,FRENCH STYLE EMBOSSED HEART CABINET,43.9,7.1343831765069154
84836,7324.56,ZINC METAL HEART DECORATION,43.75,0.5937589487955853
23091,3656.32,ZINC HERB GARDEN CONTAINER,43.75,1.1824100625123308
22741,7075.049999999999,FUNKY DIVA PEN,43.349999999999994,0.6089851652056641
23287,1578.3799999999999,RED VINTAGE SPOT BEAKER,43.349999999999994,2.6730713497314595
21399,869.6099999999999,BLUE POLKADOT COFFEE MUG,43.29,4.742030890568519
22701,813.11,PINK DOG BOWL,43.0,5.022719043113619
20718,6202.72,RED RETROSPOT SHOPPER BAG,42.99,0.6883124576709454
21626,1584.8,VINTAGE UNION JACK PENNANT,42.9,2.6356208146464337
23297,6792.23,SET 40 HEART SHAPE PETIT FOUR CASES,42.9,0.627639854691864
51014C,1369.8799999999999,"FEATHER PEN,COAL BLACK",42.9,3.0365662028058154
23347,1027.58,I LOVE LONDON BEAKER,42.5,3.97166566985646
21428,5058.43,SET3 BOOK BOX GREEN GINGHAM FLOWER,42.5,0.8331814002544633
22294,6665.36,HEART FILIGREE DOVE  SMALL,42.5,0.6335850778042476
21381,3101.46,MINI WOODEN HAPPY BIRTHDAY GARLAND,42.25,1.3439534817142802
22465,2741.0499999999997,HANGING METAL STAR LANTERN,42.15,1.5144438056912906
21864,1917.1000000000001,UNION JACK FLAG PASSPORT COVER,42.0,2.143841559899954
22646,5237.78,CERAMIC STRAWBERRY CAKE MONEY BANK,41.9,0.7936087035577916
23286,4718.570000000001,BLUE VINTAGE SPOT BEAKER,41.65,0.8749595606925729
22777,2951.53,GLASS BELL JAR LARGE,41.65,1.3914966690944077
84625C,536.41,BLUE NEW BAROQUE CANDLESTICK CANDLE,41.65,7.205134415112618
21832,1758.81,CHOCOLATE CALCULATOR,41.25,2.291590280323989
23348,1633.81,CHILDRENS TOY COOKING UTENSIL SET,41.02,2.4492037997886356
48173C,10188.32,DOORMAT BLACK FLOCK,40.95,0.40032182159626245
22812,3600.4999999999995,PACK 3 BOXES CHRISTMAS PANNETONE,40.949999999999996,1.1245520328440595
84031B,1383.93,CHARLIE LOLA BLUE HOT WATER BOTTLE,40.949999999999996,2.873926225366346
23229,6136.2300000000005,VINTAGE DONKEY TAIL GAME,40.89,0.6619589711710311
22352,7731.5599999999995,LUNCH BOX WITH CUTLERY RETROSPOT,40.8,0.5249370847464605
22586,725.9499999999999,FELTCRAFT HAIRBAND PINK AND BLUE,40.8,5.321160743397457
84800L,639.36,LARGE WHITE/PINK ROSE ART FLOWER,40.56,5.965407695022944
85141,619.94,JARDIN ETCHED GLASS FRUITBOWL,40.55,6.139381368378022
23235,1821.14,STORAGE TIN VINTAGE LEAF,40.46,2.1733992264718522
22818,1468.5,CARD CHRISTMAS VILLAGE,40.32,2.672286952718018
20711,11010.49,JUMBO BAG TOYS,40.31,0.3647699714047852
22342,1085.26,HOME GARLAND PAINTED ZINC,40.199999999999996,3.571872834218897
21523,21149.6,DOORMAT FANCY FONT HOME SWEET HOME,40.05,0.18900736916371907
48188,12098.77,DOORMAT WELCOME PUPPIES,40.05,0.32993322250432905
22444,1106.62,GROW YOUR OWN PLANT IN A CAN,40.0,3.4885140674329773
22094,1113.16,RED RETROSPOT TISSUE BOX,39.97,3.466218032658937
21686,1351.64,MEDINA STAMPED METAL STOOL,39.95,2.870816835418478
82582,8423.820000000002,AREA PATROLLED METAL SIGN,39.900000000000006,0.4714239128893678
23407,2443.91,SET OF 2 TRAYS HOME SWEET HOME,39.8,1.6024415088718085
23414,1378.75,ZINC BOX SIGN HOME,39.8,2.805681858235522
21623,22381.94,VINTAGE UNION JACK MEMOBOARD,39.8,0.17750629522954062
22794,2721.3,SWEETHEART WIRE MAGAZINE RACK,39.75,1.43966969087847
21777,95.4,RECIPE BOX WITH METAL HEART,39.75,29.411764705882355
22476,1605.77,EMPIRE UNION JACK TV DINNER TRAY,39.6,2.406753496174113
22332,1664.8,SKULLS PARTY BAG + STICKER SET,39.599999999999994,2.3233982633184698
22759,9027.439999999999,SET OF 3 NOTEBOOKS IN PARCEL,39.599999999999994,0.436746722193792
23433,1085.34,HANGING QUILTED PATCHWORK APPLES,39.01,3.469560190332192
84031A,1778.18,CHARLIE+LOLA RED HOT WATER BOTTLE,39.0,2.146182546583167
22863,2044.18,SOAP DISH BROCANTE,38.35000000000001,1.8415100862892733
21980,2084.3199999999997,PACK OF 12 RED RETROSPOT TISSUES,38.28,1.8034486007726374
21464,1042.5,DISCO BALL ROTATOR BATTERY OPERATED,38.25,3.5392088827203327
90185B,92.87,AMETHYST DIAMANTE EXPANDABLE RING,38.25,29.171751067724223
72807A,1911.8899999999999,SET/3 ROSE CANDLE IN JEWELLED BOX,38.25,1.961397643246126
22584,5819.88,PACK OF 6 PANNETONE GIFT BOXES,38.24999999999999,0.6529387364227149
21098,4786.849999999999,CHRISTMAS TOILET ROLL,38.160000000000004,0.7908791898876895
22915,1286.4199999999998,ASSORTED BOTTLE TOP  MAGNETS,37.8,2.8545105798130224
22055,1967.81,MINI CAKE STAND  HANGING STRAWBERY,37.75,1.8822672969145775
22971,5737.93,QUEENS GUARD COFFEE MUG,37.65,0.6518825814896512
23320,6532.2300000000005,GIANT 50'S CHRISTMAS CRACKER,37.57,0.5718591129105909
47559B,2810.54,TEA TIME OVEN GLOVE,37.5,1.3166949902389011
22800,3422.31,ANTIQUE TALL SWIRLGLASS TRINKET POT,37.5,1.0838745480243135
22680,1126.57,FRENCH BLUE METAL DOOR SIGN 5,37.5,3.2214557543790323
22771,8802.59,CLEAR DRAWER KNOB ACRYLIC EDWARDIAN,37.5,0.42420382597914724
15058A,1668.49,BLUE POLKADOT GARDEN PARASOL,37.35,2.189537119542279
23130,3839.59,MISTLETOE HEART WREATH GREEN,37.35,0.9633886518749323
15058B,1885.27,PINK POLKADOT GARDEN PARASOL,37.35,1.9426615763905506
23255,3956.1200000000003,CHILDRENS CUTLERY CIRCUS PARADE,37.35,0.9352768394403864
84766,340.7,SILVER ROCOCO CANDLE STICK,37.25,9.855801031882525
84849D,855.62,HOT BATHS SOAP HOLDER,37.18,4.164426523297491
22607,12121.75,WOODEN ROUNDERS GARDEN SET,36.9,0.3034876404864027
21703,3463.51,BAG 125G SWIRLY MARBLES,36.54,1.0439850859273438
22973,2021.8999999999999,CHILDREN'S CIRCUS PARADE MUG,36.3,1.763676999319794
23197,2056.29,SKETCHBOOK MAGNETIC SHOPPING LIST,36.25,1.7323444235235648
21975,6036.51,PACK OF 60 DINOSAUR CAKE CASES,36.06,0.5938177740231895
22824,1938.2500000000002,3 TIER SWEETHEART GARDEN SHELF,35.95,1.8209907810758788
84947,9515.74,ANTIQUE SILVER TEA GLASS ENGRAVED,35.79,0.3747043667349628
22748,4792.77,POPPY'S PLAYHOUSE KITCHEN,35.7,0.7393646434584868
85014A,6873.7300000000005,BLACK/BLUE POLKADOT UMBRELLA,35.7,0.5166851679516256
22928,1851.8600000000001,YELLOW GIANT GARDEN THERMOMETER,35.7,1.8913306067091906
23014,3251.05,GLASS APOTHECARY BOTTLE ELIXIR,35.55,1.0816649424937623
20897,298.27,VINTAGE NOTEBOOK PARIS DAYS,35.400000000000006,10.609284622531247
21696,672.4000000000001,SMALL SILVER TRELLIS CANDLEPOT,35.400000000000006,5.001412828482622
21559,9589.72,STRAWBERRY LUNCH BOX WITH CUTLERY,35.25,0.36623490774516704
23309,4111.7,SET OF 60 I LOVE LONDON CAKE CASES,35.2,0.8488268345028818
84799,160.48,SPRIG LAVENDER ARTIFICIAL FLOWER,35.16,17.971784911061132
22434,1521.43,BALLOON PUMP WITH 10 BALLOONS,35.1,2.2550159649990684
23076,9616.08,ICE CREAM SUNDAE LIP GLOSS,35.0,0.3626537133667942
22775,4344.9,PURPLE DRAWERKNOB ACRYLIC EDWARDIAN,35.0,0.7991050023973151
22361,2516.84,GLASS JAR DAISY FRESH COTTON WOOL,35.0,1.3715593454135053
21875,2322.53,KINGS CHOICE MUG,35.0,1.484604649781763
22291,1906.02,HANGING CHICK CREAM DECORATION,34.8,1.7930565431106438
21824,1102.4199999999998,PAINTED METAL STAR WITH HOLLY BELLS,34.8,3.0600939132269924
23106,797.4200000000001,ZINC HEARTS PLANT POT HOLDER,34.68,4.167768297079678
21813,2032.0600000000002,GARLAND WITH STARS AND BELLS,34.650000000000006,1.6765777491762273
23128,2138.08,FELTCRAFT BOY JEAN-PAUL KIT,34.650000000000006,1.5947678726763108
21197,363.15999999999997,MULTICOLOUR  CONFETTI IN TUBE,34.65,8.710188280837587
22555,9539.99,PLASTERS IN TIN STRONGMAN,34.64999999999999,0.3618935020011196
21933,4859.45,PINK VINTAGE PAISLEY PICNIC BAG,34.45,0.7039375549153029
85175,2278.9,CACTI T-LIGHT CANDLES,34.440000000000005,1.4887565165518255
21042,2169.21,RED RETROSPOT APRON,34.4,1.561074781835261
85172,543.76,HYACINTH BULB T-LIGHT CANDLES,34.02,5.888054276714321
22199,1775.1399999999999,FRYING PAN RED RETROSPOT,34.0,1.8793459875963165
22507,13869.93,MEMO BOARD RETROSPOT  DESIGN,33.95,0.2441764457115568
21531,3656.67,RED RETROSPOT SUGAR JAM BOWL,33.9,0.9185572960274428
23296,5910.02,SET OF 6 TEA TIME BAKING CASES,33.75,0.5678214331981217
84509A,4066.22,SET OF 4 ENGLISH ROSE PLACEMATS,33.75,0.8231767549518656
20793,54.0,BLUE TILED TRAY,33.75,38.46153846153847
22675,1470.4,FRENCH KITCHEN SIGN BLUE METAL,33.75,2.2437921749825485
22970,9914.07,LONDON BUS COFFEE MUG,33.6,0.33776753752386235
22141,6068.43,CHRISTMAS CRAFT TREE TOP ANGEL,33.6,0.5506364275495204
22233,579.0699999999999,JIGSAW RABBIT AND BIRDHOUSE,33.589999999999996,5.482649430352887
23311,5784.17,VINTAGE CHRISTMAS STOCKING,33.15,0.5698500340362916
22937,2522.72,BAKING MOULD CHOCOLATE CUPCAKES,33.15,1.2970143238897127
22300,3269.38,COFFEE MUG DOG + BALL DESIGN,33.15,1.0037758930274667
21586,1721.85,KINGS CHOICE GIANT TUBE MATCHES,33.15,1.8888888888888888
22082,4459.0199999999995,RIBBON REEL STRIPES DESIGN,33.0,0.7346360879960464
23181,1640.31,BULL DOG BOTTLE TOP WALL CLOCK,33.0,1.972139053731825
23031,2066.52,DRAWER KNOB CRACKLE GLAZE PINK,33.0,1.5717878372199359
21429,3178.54,RED GINGHAM ROSE JEWELLERY BOX,32.85,1.0229215386483737
23209,20651.7,LUNCH BAG DOILEY PATTERN,32.800000000000004,0.15857284440039646
22059,1882.08,CERAMIC STRAWBERRY DESIGN MUG,32.78,1.7118744973522872
22997,1044.62,TRAVEL CARD WALLET UNION JACK,32.76,3.0407098702407693
23006,758.59,TRAVEL CARD WALLET FLOWER MEADOW,32.76,4.139761167624945
22567,3200.83,20 DOLLY PEGS RETROSPOT,32.7,1.0112786954195572
22041,11134.02,"RECORD FRAME 7"" SINGLE SIZE",32.55,0.29149506070351056
21870,1851.46,I CAN ONLY PLEASE ONE PERSON MUG,32.5,1.7250897046646423
21889,8425.89,WOODEN BOX OF DOMINOES,32.5,0.38423387902425876
84247E,376.71000000000004,PACK/12 XMAS FUN CARD,32.45,7.930882784240883
84247K,64.9,"FOLK ART GREETING CARD,PACK/12",32.45,33.33333333333333
22162,841.24,HEART GARLAND RUSTIC PADDED,32.45,3.7141320147878543
21713,1807.3100000000002,CITRONELLA CANDLE FLOWERPOT,32.35,1.7584771099007426
22263,194.34,FELT EGG COSY LADYBIRD,32.34,14.266807834833244
23542,2828.32,70'S ALPHABET WALL ART,32.2,1.125669458699817
23253,3783.67,16 PIECE CUTLERY SET PANTRY DESIGN,31.9,0.8360480871796349
72741,8044.17,GRAND CHOCOLATECANDLE,31.9,0.39499409985302253
48187,23785.29,DOORMAT NEW ENGLAND,31.8,0.1335175707863555
22283,2662.94,6 EGG HOUSE PAINTED WOOD,31.8,1.1800767420975677
22189,21999.190000000002,CREAM HEART CARD HOLDER,31.6,0.1434356189678173
21705,1101.4899999999998,BAG 500G SWIRLY MARBLES,31.599999999999998,2.7888340731980694
23230,3175.92,WRAP ALPHABET DESIGN,31.5,0.9820977608171053
22045,2610.34,SPACEBOY GIFT WRAP,31.5,1.1923507858159463
22700,2602.18,BLACK AND WHITE DOG BOWL,31.300000000000004,1.1885413976943058
21644,268.75,ASSORTED TUTTI FRUTTI HEART BOX,31.25,10.416666666666668
22244,3276.2099999999996,3 HOOK HANGER MAGIC GARDEN,31.2,0.9433363266120622
22596,3630.65,CHRISTMAS STAR WISH LIST CHALKBOARD,30.72,0.839030199078487
22302,4961.45,COFFEE MUG PEARS  DESIGN,30.6,0.6129746296611612
47580,1106.52,TEA TIME DES TEA COSY,30.599999999999998,2.691008864499789
22602,1908.55,CHRISTMAS RETROSPOT HEART WOOD,30.599999999999998,1.5780109841941055
84798A,58.64999999999999,PINK FOXGLOVE ARTIIFCIAL FLOWER,30.599999999999998,34.285714285714285
22582,2623.9900000000002,PACK OF 6 SWEETIE GIFT BOXES,30.599999999999998,1.1527203824319385
90174,85.5,BUTTERFLY HAIR BAND,30.599999999999998,26.35658914728682
21700,2323.04,BIG DOUGHNUT FRIDGE MAGNETS,30.599999999999998,1.300113866181744
21039,1351.1399999999999,RED RETROSPOT SHOPPING BAG,30.599999999999998,2.214598983889878
21284,295.81,RETROSPOT CANDLE  SMALL,30.36,9.308029555139957
23120,679.13,PACK OF 6 SMALL FRUIT STRAWS,30.240000000000002,4.262937536123603
90013A,180.4,MIDNIGHT BLUE VINTAGE EARRINGS,30.0,14.258555133079847
22550,4082.59,HOLIDAY FUN LUDO,30.0,0.7294673186483457
72816,1005.3199999999999,SET/3 CHRISTMAS DECOUPAGE CANDLES,30.0,2.897654831356489
22399,1317.08,MAGNETS PACK OF 4 CHILDHOOD MEMORY,30.0,2.227039225584227
23183,922.41,MOTHER'S KITCHEN SPOON REST,30.0,3.1499039279301986
22686,1176.46,FRENCH BLUE METAL DOOR SIGN NO,30.0,2.4866137294232713
23211,2735.32,RED ROCKING HORSE HAND PAINTED,30.0,1.0848654043654984
22982,1483.12,PANTRY PASTRY BRUSH,30.0,1.9826583483134188
21123,1329.65,SET/10 IVORY POLKADOT PARTY CANDLES,30.0,2.206450189386975
72817,1232.27,SET OF 2 CHRISTMAS DECOUPAGE CANDLE,30.0,2.3766706013768846
23299,3743.04,FOOD COVER WITH BEADS SET 2,30.0,0.7951148145792253
35953,1445.49,FOLKART STAR CHRISTMAS DECORATIONS,30.0,2.0332228615578556
23350,3139.55,ROLL WRAP VINTAGE SPOT,30.0,0.9465066018835481
23349,3893.5,ROLL WRAP VINTAGE CHRISTMAS,30.0,0.7646234229641901
20972,8852.33,PINK CREAM FELT CRAFT TRINKET BOX,30.0,0.33774921670327496
21628,1146.7,TRIANGULAR POUFFE VINTAGE,29.9,2.541220465748767
21667,29.9,GLASS CAKE COVER AND PLATE,29.9,50.0
21344,130.24,MOROCCAN BEATEN METAL DISH,29.849999999999998,18.645761759010554
21624,1260.7,VINTAGE UNION JACK DOORSTOP,29.75,2.3053973420124763
20703,4.25,BLUE PADDED SOFT MOBILE,29.75,87.5
22425,2296.38,ENAMEL COLANDER CREAM,29.700000000000003,1.276826248452332
22278,2457.96,OVERNIGHT BAG VINTAGE ROSE PAISLEY,29.700000000000003,1.1938930561250334
22912,1342.39,YELLOW COAT RACK PARIS FASHION,29.700000000000003,2.1645810406022927
21770,7473.75,OPEN CLOSED METAL SIGN,29.700000000000003,0.39581792375507274
22974,2668.68,CHILDRENS DOLLY GIRL MUG,29.7,1.1006603962377428
23325,740.9399999999999,RUSTIC STRAWBERRY JAMPOT SMALL,29.699999999999996,3.8539395826845215
23328,11747.02,SET 6 SCHOOL MILK BOTTLES IN CRATE,29.64,0.251684263619736
21238,3422.48,RED RETROSPOT CUP,29.62,0.8580284464528838
20932,567.62,PINK POT PLANT CANDLE,29.5,4.940380493033226
22964,5242.250000000001,3 PIECE SPACEBOY COOKIE CUTTER SET,29.400000000000002,0.5577001508066735
21067,504.15,VINTAGE RED TEATIME MUG,29.380000000000003,5.506719397222275
22148,3894.0499999999997,EASTER CRAFT 4 CHICKS,29.25,0.7455458415109729
21169,6873.59,YOU'RE CONFUSING ME METAL SIGN,29.220000000000002,0.42330587108728185
23026,1186.48,DRAWER KNOB VINTAGE GLASS STAR,29.12,2.395524843698585
22153,974.09,ANGEL DECORATION STARS ON DRESS,28.98,2.889130369764822
22306,1350.13,SILVER MUG BONE CHINA TREE OF LIFE,28.7,2.0814748736247393
20803,476.38,SMALL PINK GLASS SUNDAE DISH,28.56,5.656117558521805
22662,10934.63,LUNCH BAG DOLLY GIRL DESIGN,28.049999999999997,0.2558680906493668
85040A,1666.4599999999998,S/4 PINK FLOWER CANDLES IN BOWL,28.049999999999997,1.655345793179149
21899,1699.0900000000001,"KEY FOB , GARAGE DESIGN",27.950000000000003,1.6183759496016308
85180A,1033.53,RED HEARTS LIGHT CHAIN,27.900000000000002,2.6285294367033156
37370,3839.01,RETRO COFFEE MUGS ASSORTED,27.8,0.7189388669213124
20704,607.5,MR ROBOT SOFT TOY,27.8,4.375885408468441
21240,3078.95,BLUE POLKADOT CUP,27.79,0.8945067820287503
21874,3986.8399999999997,GIN AND TONIC MUG,27.71,0.6902392547109889
23012,3887.3100000000004,GLASS APOTHECARY BOTTLE PERFUME,27.650000000000002,0.7062651981118581
20676,6230.37,RED RETROSPOT BOWL,27.5,0.4394466487798564
20717,3526.17,STRAWBERRY SHOPPER BAG,27.5,0.7738478812045013
23149,251.45000000000002,ANTIQUE IVORY WIRE BOWL SMALL,27.39,9.822837469516568
23144,4030.5999999999995,ZINC T-LIGHT HOLDER STARS SMALL,27.389999999999997,0.6749646992723
21903,2365.9100000000003,MAN FLU METAL SIGN,27.300000000000004,1.1407273076746294
84375,9000.95,SET OF 20 KIDS COOKIE CUTTERS,27.300000000000004,0.30238418298119796
21907,4857.360000000001,I'M ON HOLIDAY METAL SIGN,27.300000000000004,0.5588925329500927
22745,4573.8,POPPY'S PLAYHOUSE BEDROOM,27.300000000000004,0.5933363760839799
22432,3236.0899999999997,WATERING CAN PINK BUNNY,27.299999999999997,0.8365533999920328
71038,1239.5,WHITE HANGING BEADS CANDLE HOLDER,27.25,2.1511742648509964
84849A,344.34000000000003,HELLO SAILOR BLUE SOAP HOLDER,27.04,7.280952124508588
21581,585.71,SKULLS  DESIGN  COTTON TOTE BAG,27.0,4.406652413050219
21349,155.6,IVY HEART WREATH,27.0,14.786418400876233
23293,6524.8099999999995,SET OF 12 FAIRY CAKE BAKING CASES,26.56,0.4054113872365627
21743,887.6500000000001,STAR PORTABLE TABLE LIGHT,26.55,2.9041785167359437
21213,8330.89,PACK OF 72 SKULL CAKE CASES,26.400000000000002,0.3158918740405084
22329,2628.97,ROUND CONTAINER SET OF 5 RETROSPOT,26.4,0.9942117294388353
22672,2427.1099999999997,FRENCH BATHROOM SIGN BLUE METAL,26.4,1.0760094721439897
22856,729.57,ASSORTED EASTER DECORATIONS  BELLS,26.25,3.4730491386838134
23395,3005.2999999999997,BELLE JARDINIERE CUSHION COVER,26.25,0.865893684748726
23409,756.6800000000001,PHOTO FRAME LINEN AND LACE LARGE,26.25,3.35279016003985
23292,2526.84,SPACE BOY CHILDRENS CUP,26.25,1.0281658695933162
84279B,774.7,CHERRY BLOSSOM DECORATIVE FLASK,26.25,3.277358137212061
23152,2069.4,IVORY SWEETHEART WIRE LETTER RACK,26.25,1.252594660367905
23483,1373.31,HANGING  BUTTERFLY T-LIGHT HOLDER,26.240000000000002,1.874888356971884
72818,821.98,CHRISTMAS DECOUPAGE CANDLE,25.919999999999998,3.0569642646538506
22270,942.1999999999999,HAPPY EASTER HANGING DECORATION,25.89,2.6743381297193447
23089,4003.6899999999996,GLASS BON BON JAR,25.65,0.636580680707014
82001S,6410.36,VINYL RECORD FRAME SILVER,25.53,0.3966817332179388
21411,2292.46,GINGHAM HEART  DOORSTOP RED,25.5,1.100105264974374
85036B,589.9,CHOCOLATE 1 WICK MORRIS BOX CANDLE,25.5,4.143646408839778
90185A,131.03,AMBER DIAMANTE EXPANDABLE RING,25.5,16.290806874081646
85035A,799.24,GARDENIA 3 WICK MORRIS BOXED CANDLE,25.5,3.0918835026796323
22098,970.77,BOUDOIR SQUARE TISSUE BOX,25.43,2.552700260991769
21642,820.1499999999999,ASSORTED TUTTI FRUTTI PEN,25.369999999999997,3.000520389819283
21244,3782.74,BLUE POLKADOT PLATE,25.349999999999998,0.6656880483391936
22417,4478.49,PACK OF 60 SPACEBOY CAKE CASES,25.300000000000004,0.5617491046429786
22746,3171.3700000000003,POPPY'S PLAYHOUSE LIVINGROOM,25.200000000000003,0.7883450073047048
22664,1365.66,TOY TIDY DOLLY GIRL DESIGN,25.2,1.8118286527759802
47503A,1254.1200000000001,ASS FLORAL PRINT MULTI SCREWDRIVER,25.08,1.9606003752345214
23094,1924.92,LE GRAND TRAY CHIC SET,25.0,1.282103881184869
21289,707.5,LARGE STRIPES CHOCOLATE GIFT BAG,25.0,3.4129692832764507
21714,2954.11,CITRONELLA CANDLE GARDEN POT,25.0,0.8391768011251682
23335,730.5500000000001,EGG FRYING PAN IVORY,24.96,3.3037286071660197
22764,174.76999999999998,"RUSTIC WOODEN CABINET, GLASS DOORS",24.95,12.492489485279393
23131,3823.53,MISTLETOE HEART WREATH CREAM,24.9,0.6470170952830114
37500,2256.37,TEA TIME TEAPOT IN GIFT BOX,24.849999999999998,1.0893293939207969
23049,3863.84,RECYCLED ACAPULCO MAT RED,24.75,0.6364774892698896
20857,52.8,BLUE ROSE PATCH PURSE PINK BUTTERFL,24.75,31.914893617021278
22914,2209.9300000000003,BLUE COAT RACK PARIS FASHION,24.75,1.1075411244562978
22652,8612.07,TRAVEL SEWING KIT,24.75,0.2865638047336867
22860,1017.7699999999999,EASTER TIN CHICKS PINK DAISY,24.75,2.374055174001458
22645,4494.139999999999,CERAMIC HEART FAIRY CAKE MONEY BANK,24.449999999999996,0.5410979973841397
22691,2580.48,DOORMAT WELCOME SUNRISE,24.15,0.9271950334596468
48116,8867.5,DOORMAT MULTICOLOUR STRIPE,24.15,0.2716031332767259
22196,2559.68,SMALL HEART MEASURING SPOONS,24.13,0.9338921979557321
20801,1157.8,LARGE PINK GLASS SUNDAE DISH,24.0,2.0308004738534438
37447,1274.23,CERAMIC CAKE DESIGN SPOTTED PLATE,23.89,1.8403537423350689
48194,21826.66,DOORMAT HEARTS,23.85,0.10915077039391759
22692,11332.29,DOORMAT WELCOME TO OUR HOME,23.85,0.21001854503378786
22166,1283.83,WALL MIRROR RECTANGLE DIAMANTE PINK,23.85,1.8238406949712471
84631,340.58,FRUIT TREE AND BIRDS WALL PLAQUE,23.85,6.544466701424143
84687,504.43,BEACH HUT SHELF W 3 DRAWERS,23.8,4.505613085209094
22499,12639.02,WOODEN UNION JACK BUNTING,23.8,0.18795181484061213
84820,431.65000000000003,DANISH ROSE TRINKET TRAYS,23.8,5.225601053902733
21755,12198.52,LOVE BUILDING BLOCK WORD,23.8,0.19472571492155336
85194L,822.89,HANGING SPRING FLOWER EGG LARGE,23.799999999999997,2.8109461550272234
22460,3166.76,EMBOSSED GLASS TEALIGHT HOLDER,23.75,0.7443950967086767
23013,3339.1000000000004,GLASS APOTHECARY BOTTLE TONIC,23.7,0.7047698346615915
21313,2834.83,GLASS HEART T-LIGHT HOLDER,23.62,0.8263219577043504
22744,1872.8200000000002,MAKE YOUR OWN MONSOON CARD KIT,23.6,1.244450069077525
22454,757.0200000000001,MEASURING TAPE BABUSHKA RED,23.6,3.023237939074069
22271,5007.35,FELTCRAFT DOLL ROSIE,23.6,0.4690962939405082
22246,962.77,MAGIC GARDEN FELT GARLAND,23.4,2.3728160459150045
84625A,585.08,PINK NEW BAROQUECANDLESTICK CANDLE,23.3,3.8298431901114434
20854,383.02,BLUE PATCH PURSE PINK HEART,23.099999999999998,5.687973997833152
23188,5957.98,VINTAGE  2 METER FOLDING RULER,23.099999999999994,0.3862178736950516
23132,5073.43,SMALL IVORY HEART WALL ORGANISER,23.0,0.4512962995665593
22181,500.90999999999997,SNOWSTORM PHOTO FRAME FRIDGE MAGNET,22.95,4.3809414729126095
20794,262.66999999999996,BLUE  TILE HOOK,22.95,8.03515160002801
23427,2823.08,STOOL HOME SWEET HOME,22.9,0.8046437431043085
84050,4753.53,PINK HEART SHAPE EGG FRYING PAN,22.699999999999996,0.47527024452340016
21829,1460.74,DINOSAUR KEYRINGS ASSORTED,22.68,1.5288994350891858
22750,7225.74,FELTCRAFT PRINCESS LOLA DOLL,22.5,0.310420184762094
85059,1250.69,FRENCH ENAMEL WATER BASIN,22.5,1.767214634108028
21579,369.22,LOLITA  DESIGN  COTTON TOTE BAG,22.5,5.743898703155315
23119,1379.29,PACK OF 6 LARGE FRUIT STRAWS,22.32,1.592454391735219
22219,3968.6899999999996,LOVEBIRD HANGING DECORATION WHITE,22.099999999999998,0.5537750670919793
15039,1903.59,SANDALWOOD FAN,22.099999999999998,1.1476405859717815
22065,3213.3199999999997,CHRISTMAS PUDDING TRINKET POT,22.02,0.6806085295517628
84987,4462.469999999999,SET OF 36 TEATIME PAPER DOILIES,21.75,0.48503418654749325
23147,2688.3999999999996,SINGLE ANTIQUE ROSE HOOK IVORY,21.75,0.8025386048742691
22663,6889.2,JUMBO BAG DOLLY GIRL DESIGN,21.45,0.3103904842525667
22736,2151.76,RIBBON REEL MAKING SNOWMEN,21.45,0.9870192020099299
22150,5463.37,3 STRIPEY MICE FELTCRAFT,21.45,0.39107937908627816
22284,1573.9799999999998,HEN HOUSE DECORATION,21.449999999999996,1.3444651285233447
22068,781.39,BLACK PIRATE TREASURE CHEST,21.449999999999996,2.6717652334213535
23660,499.1599999999999,HENRIETTA HEN MUG,21.449999999999996,4.120166727492749
23661,357.25999999999993,MILK MAIDS MUG,21.449999999999996,5.663964511103483
23232,3331.92,WRAP VINTAGE PETALS  DESIGN,21.42,0.6387661257134678
22852,1664.8,DOG BOWL VINTAGE CREAM,21.25,1.2603422199816139
35971,588.59,ROSE FOLKART HEART DECORATIONS,21.25,3.4845205299750748
22052,273.0,VINTAGE CARAVAN GIFT WRAP,21.0,7.142857142857142
22704,2074.26,WRAP RED APPLES,21.0,1.0022622490764868
22711,1160.84,WRAP CIRCUS PARADE,21.0,1.7768902727949638
22710,1742.92,WRAP I LOVE LONDON,21.0,1.190530182774729
21498,4154.42,RED RETROSPOT WRAP,21.0,0.5029434164706784
22428,1812.6000000000001,ENAMEL FIRE BUCKET CREAM,20.85,1.1372003599770923
85034A,936.27,3 GARDENIA MORRIS BOXED CANDLES,20.75,2.1681887525861527
85034C,1641.59,3 ROSE MORRIS BOXED CANDLES,20.75,1.2482404321618923
35648,1049.5,VINTAGE BEAD PINK PURSE,20.749999999999996,1.9387993459472082
22311,2966.53,OFFICE MUG WARMER BLACK+SILVER,20.650000000000002,0.6912874349721142
90201B,232.3,BLACK ENAMEL FLOWER RING,20.650000000000002,8.163668709231073
22358,2434.8700000000003,KINGS CHOICE TEA CADDY,20.650000000000002,0.8409624030755196
22274,3776.8100000000004,FELTCRAFT DOLL EMILY,20.650000000000002,0.5437845296592986
22318,1529.93,FIVE HEART HANGING DECORATION,20.650000000000002,1.3317597286176786
22995,1020.24,TRAVEL CARD WALLET SUKI,20.580000000000002,1.9772871389865685
21716,3835.5099999999998,BOYS VINTAGE TIN SEASIDE BUCKET,20.4,0.5290579914987642
22600,1401.05,CHRISTMAS RETROSPOT STAR WOOD,20.4,1.4351542439058707
22597,1126.47,CHRISTMAS MUSICAL ZINC HEART,20.4,1.778754348792801
22599,844.8499999999999,CHRISTMAS MUSICAL ZINC STAR,20.4,2.35770008668015
22949,1414.6299999999999,36 DOILIES DOLLY GIRL,20.299999999999997,1.4147031562515244
21165,6700.68,BEWARE OF THE CAT METAL SIGN,20.28,0.30174260819882875
84970S,7762.62,HANGING HEART ZINC T-LIGHT HOLDER,20.2,0.259546025733603
22535,654.63,MAGIC DRAWING SLATE BUNNIES,20.16,2.987596141021651
21199,868.53,PINK  HEART CONFETTI IN TUBE,20.16,2.2685075785707056
22537,827.2,MAGIC DRAWING SLATE DINOSAUR,20.16,2.379154078549849
84536B,887.2,FAIRY CAKES NOTEBOOK A7 SIZE,20.16,2.221830365014988
21830,1107.07,ASSORTED CREEPY CRAWLIES,20.16,1.7884548849835438
22155,1041.33,STAR DECORATION RUSTIC,20.16,1.899217138173699
22449,1583.95,SILK PURSE BABUSHKA PINK,20.1,1.2530781459430818
22251,882.11,BIRDHOUSE DECORATION MAGIC GARDEN,20.0,2.2170245313764396
23372,1673.31,SET 36 COLOUR PENCILS DOLLY GIRL,20.0,1.1811186374615399
23086,1404.05,ZINC  STAR T-LIGHT HOLDER,20.0,1.4044450686422527
23016,536.0,GLASS TWIST BON BON JAR,19.950000000000003,3.588452198938754
21034,1708.1,REX CASH+CARRY JUMBO SHOPPER,19.95,1.154480483782298
23222,669.74,CHRISTMAS TREE HANGING GOLD,19.919999999999998,2.88837978134153
23353,3278.3799999999997,6 GIFT TAGS VINTAGE CHRISTMAS,19.919999999999998,0.6039474880999303
21784,633.0699999999999,SHOE SHINE BOX,19.9,3.0476132134707568
90147,324.01,CHUNKY SILVER NECKLACE PASTEL FLOWE,19.9,5.786397604024309
22221,988.39,CAKE STAND LOVEBIRD 2 TIER PINK,19.9,1.9736385365321483
22774,2856.75,RED DRAWER KNOB ACRYLIC EDWARDIAN,19.81,0.6886698000389354
22913,1636.72,RED COAT RACK PARIS FASHION,19.8,1.1952768454350085
22505,6941.37,MEMO BOARD COTTAGE DESIGN,19.8,0.28443494412577197
85045,191.1,GREEN CHRISTMAS TREE STRING 20LIGHT,19.8,9.388335704125177
35651,985.8399999999999,VINTAGE BEAD PINK SCARF,19.799999999999997,1.968895429776063
22295,4529.849999999999,HEART FILIGREE DOVE LARGE,19.799999999999997,0.4351983119580627
22074,1145.23,6 RIBBONS SHIMMERING PINKS,19.799999999999997,1.6995270508055584
22075,2138.8999999999996,6 RIBBONS ELEGANT CHRISTMAS,19.799999999999997,0.9172186964376707
90170,128.78,DAISY HAIR BAND,19.799999999999997,13.326154260331135
21911,203.20999999999998,GARDEN METAL SIGN,19.799999999999997,8.878525626653513
22163,971.36,HEART STRING MEMO HOLDER HANGING,19.75,1.9927152384699984
23142,1220.8200000000002,IVORY WIRE KITCHEN ORGANISER,19.55,1.5761426026105112
22853,1584.07,CAT BOWL VINTAGE CREAM,19.5,1.2160367180728
22468,3566.09,BABUSHKA LIGHTS STRING OF 10,19.45,0.5424566453030785
20985,1492.16,HEART CALCULATOR,19.43,1.2854014646828833
84951A,545.63,SET OF 4 PISTACHIO LOVEBIRD COASTER,18.96,3.358189128394056
35965,551.13,FOLKART HEART NAPKIN RINGS,18.96,3.3257906646319
84988,6622.2,SET OF 72 PINK HEART PAPER DOILIES,18.849999999999998,0.2838406577273172
21172,5202.7699999999995,PARTY METAL SIGN,18.849999999999998,0.36099907691482713
23196,2705.2799999999997,RETRO LEAVES MAGNETIC NOTEPAD,18.849999999999998,0.691964039895306
23406,2322.7400000000002,HOME SWEET HOME KEY HOLDER,18.75,0.8007721578994572
21470,1429.15,FLOWER VINE RAFFIA FOOD COVER,18.75,1.2949789350093237
23087,1068.52,ZINC  HEART T-LIGHT HOLDER,18.75,1.7245026534347494
21746,3766.93,SMALL RED RETROSPOT WINDMILL,18.75,0.49528750449060677
22204,640.79,MILK PAN BLUE POLKADOT,18.75,2.842890499439003
23401,1638.8400000000001,RUSTIC MIRROR WITH LACE HEART,18.75,1.13116029898829
23423,828.27,PANTRY 3 HOOK ROLLING PIN HANGER,18.75,2.2136431253099103
85049E,4003.06,SCANDINAVIAN REDS RIBBONS,18.75,0.46620800087522785
23265,2203.25,SET OF 3 WOODEN TREE DECORATIONS,18.75,0.8438343834383438
23480,5744.9800000000005,MINI LIGHTS WOODLAND MUSHROOMS,18.75,0.3253101724057164
23436,2287.83,GIFT BAG LARGE VINTAGE CHRISTMAS,18.75,0.8128918138542779
21811,2682.4,CHRISTMAS HANGING HEART WITH BELL,18.72,0.6930458476483828
84422,244.17,PINK/BLUE DISC/MIRROR STRING,18.72,7.120849024306744
21788,988.4399999999999,KIDS RAIN MAC BLUE,18.5,1.8372494885494666
22377,2150.81,BOTTLE BAG RETROSPOT,18.45,0.8505204539796982
21890,3556.7,S/6 WOODEN SKITTLES IN COTTON BAG,18.4,0.5146709182959918
85194S,476.82000000000005,HANGING SPRING FLOWER EGG SMALL,18.39,3.7135760586417885
85047,19.049999999999997,WHITE BEADED GARLAND STRING 20LIGHT,18.25,48.92761394101877
35957,361.81,SMALLFOLKART BAUBLE CHRISTMAS DEC,18.240000000000002,4.7993685041441925
22243,4751.639999999999,5 HOOK HANGER RED MAGIC TOADSTOOL,18.15,0.3805198971023882
22544,1589.57,MINI JIGSAW SPACEBOY,18.06,1.1233928204873012
21056,1640.04,DOCTOR'S BAG SOFT TOY,17.9,1.0796530634401726
78033,185.3,FLAG OF ST GEORGE CHAIR,17.85,8.786610878661088
21239,2670.29,PINK  POLKADOT CUP,17.85,0.6640279152127494
90070,122.64000000000001,RUBY GLASS CLUSTER BRACELET,17.85,12.705530642750373
84507C,175.73,BLUE CIRCLES DESIGN MONKEY DOLL,17.849999999999998,9.22099390432896
90168,43.86,2 DAISIES HAIR COMB,17.700000000000003,28.75243664717349
90177E,41.080000000000005,DROP DIAMANTE EARRINGS GREEN,17.700000000000003,30.11228308948622
90177D,70.63000000000001,DROP DIAMANTE EARRINGS PURPLE,17.700000000000003,20.03849201856674
23597,317.02000000000004,PAPER BUNTING PAISLEY PARK,17.700000000000003,5.288001912045889
22911,1331.5400000000002,PAPER CHAIN KIT LONDON,17.700000000000003,1.3118496338679553
22743,2182.51,MAKE YOUR OWN FLOWERPOWER CARD KIT,17.700000000000003,0.8044686643547662
22495,641.4000000000001,SET OF 2 ROUND TINS CAMEMBERT,17.700000000000003,2.6854802002730995
21164,4961.39,HOME SWEET HOME METAL SIGN,17.700000000000003,0.35548664515001743
72799E,735.1700000000001,IVORY PILLAR CANDLE SILVER FLOCK,17.700000000000003,2.3510034932989763
22895,6216.0,SET OF 2 TEA TOWELS APPLE AND PEARS,17.700000000000003,0.28394051686799177
20898,105.73,VINTAGE NOTEBOOK TRAVELOGUE,17.700000000000003,14.340111804261527
90201C,179.62,RED ENAMEL FLOWER RING,17.700000000000003,8.97020068923576
90177C,73.33,DROP DIAMANTE EARRINGS CRYSTAL,17.700000000000003,19.444139294738
90177A,38.0,CLASSIC DIAMANTE EARRINGS JET,17.700000000000003,31.77737881508079
90202B,46.75,WHITE ENAMEL FLOWER HAIR TIE,17.700000000000003,27.463149728471688
90202C,52.910000000000004,GREEN ENAMEL FLOWER HAIR TIE,17.700000000000003,25.067270924798184
90182C,32.260000000000005,BLACK 3 BEAD DROP EARRINGS,17.700000000000003,35.428342674139316
90202D,58.660000000000004,PINK ENAMEL FLOWER HAIR TIE,17.700000000000003,23.179675222629648
90183A,102.69000000000001,AMBER DROP EARRINGS W LONG BEADS,17.700000000000003,14.702217792175432
90202A,58.480000000000004,PURPLE ENAMEL FLOWER HAIR TIE,17.700000000000003,23.23444473615122
47594A,199.84,CAROUSEL DESIGN WASHBAG,17.55,8.073048438290629
22128,2127.53,PARTY CONES CANDY ASSORTED,17.5,0.81583940550948
21926,499.9,RED/CREAM STRIPE CUSHION COVER,17.5,3.3822960958639356
85049G,2167.38,CHOCOLATE BOX RIBBONS,17.5,0.8009593204203435
22731,1471.71,3D CHRISTMAS STAMPS STICKERS,17.5,1.17511969433458
23497,2155.41,CLASSIC CHROME BICYCLE BELL,17.4,0.8008063291314013
21984,1093.09,PACK OF 12 PINK PAISLEY TISSUES,17.4,1.566875883618943
23138,1224.9299999999998,SINGLE WIRE HOOK IVORY HEART,17.4,1.400594045060491
23139,516.2199999999999,SINGLE WIRE HOOK PINK HEART,17.4,3.2607473483002893
23268,2018.1399999999999,SET OF 2 CERAMIC CHRISTMAS REINDEER,17.4,0.8548100258408088
22647,413.75,CERAMIC LOVE HEART MONEY BANK,17.4,4.035718427461441
23426,3216.03,METAL SIGN DROP YOUR PANTS,17.34,0.5362825782388034
23518,963.07,EMBROIDERED RIBBON REEL RACHEL,17.34,1.7686478106098469
84609,736.59,TALL ROCOCO CANDLE HOLDER,17.0,2.2558685757507395
84840,76.44,SWEETHEART CARRY-ALL BASKET,17.0,18.19349315068493
22184,471.86,CAKE STAND VICTORIAN FILIGREE LARGE,17.0,3.477478214621773
22194,625.6899999999999,BLACK DINER WALL CLOCK,17.0,2.6451321788109357
22248,523.46,DECORATION  PINK CHICK MAGIC GARDEN,17.0,3.14546867483255
90024B,58.96,NEW BAROQUE B'FLY NECKLACE RED,17.0,22.380200105318586
22215,2189.26,CAKE STAND WHITE TWO TIER LACE,17.0,0.7705347511172753
21789,781.62,KIDS RAIN MAC PINK,17.0,2.1286719591294982
22374,2364.73,AIRLINE BAG VINTAGE JET SET RED,17.0,0.7137668837357719
23244,1639.6899999999998,ROUND STORAGE TIN VINTAGE LEAF,16.95,1.0231553022986286
22339,683.3100000000001,CHRISTMAS TREE PAINTED ZINC,16.93,2.417742488289729
79160,779.03,HEART SHAPE WIRELESS DOORBELL,16.8,2.1110036062978277
21749,3877.09,LARGE RED RETROSPOT WINDMILL,16.8,0.43144516152228235
21318,421.78,GLASS CHALICE BLUE SMALL,16.71,3.8108052635179828
23408,617.76,PHOTO FRAME LINEN AND LACE SMALL,16.64,2.6229508196721314
23445,2028.4399999999998,ICE CREAM BUBBLES,16.599999999999998,0.8117200641552244
22081,1110.55,RIBBON REEL FLORA + FAUNA,16.5,1.4639989352735017
20856,357.28999999999996,DENIM PATCH PURSE PINK BUTTERFLY,16.5,4.414243291687846
22739,3346.91,RIBBON REEL CHRISTMAS SOCK BAUBLE,16.5,0.4905735548149051
22080,1902.85,RIBBON REEL POLKADOTS,16.5,0.8596660327715113
22858,1860.7799999999997,EASTER TIN KEEPSAKE,16.5,0.8789312196369217
23541,6699.21,WALL ART CLASSIC PUDDINGS,16.5,0.2456925626627713
23051,3173.73,RECYCLED ACAPULCO MAT BLUE,16.5,0.5172040887334142
23187,695.06,FRENCH STYLE STORAGE JAR BONBONS,16.49,2.317475932822711
23000,1318.48,TRAVEL CARD WALLET TRANSPORT,16.38,1.227094976252191
23428,331.63,IVORY RETRO KITCHEN WALL CLOCK,16.3,4.684850400942719
20682,3889.07,RED RETROSPOT CHILDRENS UMBRELLA,16.25,0.41609906486536313
85118,144.52,HEART T-LIGHT HOLDER,16.25,10.10760714063569
22684,711.71,FRENCH BLUE METAL DOOR SIGN 9,16.25,2.232265509093906
22674,1661.71,FRENCH TOILET SIGN BLUE METAL,16.25,0.9684378650265798
22805,2526.14,BLUE DRAWER KNOB ACRYLIC EDWARDIAN,16.25,0.6391623629734227
21892,4011.06,TRADITIONAL WOODEN CATCH CUP GAME,16.25,0.4034951369524571
22976,1354.05,CIRCUS PARADE CHILDRENS EGG CUP,16.25,1.185871706925491
84997A,10164.79,GREEN 3 PIECE POLKADOT CUTLERY SET,16.200000000000003,0.15912008557124602
22414,1953.17,DOORMAT NEIGHBOURHOOD WITCH,16.2,0.8225980897444359
20981,1697.2199999999998,12 PENCILS TALL TUBE WOODLAND,16.15,0.9425868317993195
72802A,1319.36,ROSE SCENT CANDLE IN JEWELLED BOX,16.12,1.2070566388115136
21208,682.9499999999999,PASTEL COLOUR HONEYCOMB FAN,15.989999999999998,2.2877500214610698
21976,2812.7200000000003,PACK OF 60 MUSHROOM CAKE CASES,15.950000000000001,0.5638692389002606
22142,4683.75,CHRISTMAS CRAFT WHITE FAIRY,15.95,0.33938336489563165
48111,7581.35,DOORMAT 3 SMILEY CATS,15.9,0.20928625489486327
22443,1391.74,GROW YOUR OWN HERBS SET OF 3,15.9,1.1295501690773209
22365,5593.29,DOORMAT RESPECTABLE HOUSE,15.9,0.2834633877618694
21577,1626.6,SAVE THE PLANET COTTON TOTE BAG,15.75,0.9589916887386977
47469,237.31,ASSORTED SHAPES PHOTO CLIP SILVER,15.600000000000001,6.168202127238939
21285,324.57000000000005,RETROSPOT CANDLE  MEDIUM,15.600000000000001,4.585942322956169
21459,150.38,YELLOW EASTER EGG HUNT START POST,15.6,9.398722737679238
22431,3961.18,WATERING CAN BLUE ELEPHANT,15.6,0.39227716896584675
21264,542.4,WHITE GOOSE FEATHER TREE 60CM,15.6,2.795698924731183
22343,799.77,PARTY PIZZA DISH RED RETROSPOT,15.299999999999999,1.8771393868011337
90098,73.95,NECKLACE+BRACELET PINK BUTTERFLY,15.299999999999999,17.142857142857142
90101,95.58999999999999,WHITE FRANGIPANI NECKLACE,15.299999999999999,13.797456939309228
22345,340.49,PARTY PIZZA DISH BLUE POLKADOT,15.299999999999999,4.30028949661317
90208,112.86,PAIR OF PINK FLOWER CLUSTER SLIDE,15.299999999999999,11.938202247191011
90169,45.36,DAISY HAIR COMB,15.299999999999999,25.222551928783382
22394,220.92999999999998,PAPERWEIGHT KINGS CHOICE,15.299999999999999,6.476738771536214
85124B,264.06,BLUE JUICY FRUIT PHOTO FRAME,15.299999999999999,5.476804123711339
84461,104.55,12 PINK HEN+CHICKS IN BASKET,15.299999999999999,12.76595744680851
90118,69.72,PINK DAISY BAG CHARM,15.299999999999999,17.995765702187718
84508B,142.79999999999998,STRIPES DESIGN TEDDY,15.299999999999999,9.67741935483871
21136,7644.8099999999995,PAINTED METAL PEARS ASSORTED,15.209999999999999,0.19856345022597854
23288,4428.22,GREEN VINTAGE SPOT BEAKER,15.17,0.34140599857316145
21519,1373.27,GIN & TONIC DIET GREETING CARD,15.120000000000001,1.0890311799998562
21801,530.26,CHRISTMAS TREE DECORATION WITH BELL,15.12,2.772378891781877
20802,984.4699999999999,SMALL GLASS SUNDAE DISH CLEAR,15.12,1.5126201742714513
21990,2666.55,MODERN FLORAL STATIONERY SET,15.0,0.5593779716954745
20675,3925.9,BLUE POLKADOT BOWL,15.0,0.38062371539496054
21993,3104.89,FLORAL FOLK STATIONERY SET,15.0,0.4807861815640936
90022,75.24,EDWARDIAN DROP EARRINGS JET BLACK,15.0,16.622340425531913
22855,3301.73,FINE WICKER HEART,15.0,0.45225267055201956
23266,2524.9,SET OF 3 WOODEN STOCKING DECORATION,15.0,0.5905744320642545
22435,3285.75,SET OF 9 HEART SHAPED BALLOONS,15.0,0.45444217223358324
22402,999.11,MAGNETS PACK OF 4 VINTAGE COLLAGE,15.0,1.4791294829949413
22403,679.53,MAGNETS PACK OF 4 VINTAGE LABELS,15.0,2.15973392078096
21224,1059.63,SET/4 SKULL BADGES,15.0,1.395829262164652
23289,1977.65,DOLLY GIRL CHILDRENS BOWL,15.0,0.7527664165809349
90003C,104.92,MIDNIGHT BLUE PAIR HEART HAIR SLIDE,15.0,12.508338892595065
85169A,801.93,IVORY LOVE BIRD CANDLE,15.0,1.8361426315596194
90003B,56.31,ROSE COLOUR PAIR HEART HAIR SLIDES,15.0,21.03491796381994
85169C,446.65000000000003,EAU DE NIL LOVE BIRD CANDLE,15.0,3.2492147730965018
23213,1991.6399999999999,STAR WREATH DECORATION WITH BELL,15.0,0.7475182394450425
23574,97.5,PACKING CHARGE,15.0,13.333333333333334
21991,1017.67,BOHEMIAN COLLAGE STATIONERY SET,15.0,1.45254534362381
22093,799.9,MOTORING TISSUE BOX,15.0,1.8407166523499816
85049A,4324.13,TRADITIONAL CHRISTMAS RIBBONS,15.0,0.34569141740394965
22683,859.59,FRENCH BLUE METAL DOOR SIGN 8,15.0,1.7150893561554557
23153,990.73,ZINC SWEETHEART WIRE LETTER RACK,15.0,1.491453968759011
23161,2110.86,REGENCY CAKE FORK,15.0,0.7055967937681691
22619,9096.05,SET OF 6 SOLDIER SKITTLES,15.0,0.16463525060229064
21643,743.31,ASSORTED TUTTI FRUTTI MIRROR,15.0,1.9780828421094279
22200,1747.44,FRYING PAN PINK POLKADOT,15.0,0.8510928031592565
21066,692.22,VINTAGE RED MUG,15.0,2.120980741494867
22673,987.33,FRENCH GARDEN SIGN BLUE METAL,15.0,1.496513124420101
20658,652.11,RED RETROSPOT LUGGAGE TAG,15.0,2.2485047443450106
21745,3272.71,GAOLERS KEYS DECORATIVE GARDEN,15.0,0.4562446201155211
72815,15.97,3 WICK CHRISTMAS BRIAR CANDLE,15.0,48.43396835647401
21747,645.61,SMALL SKULL WINDMILL,15.0,2.2706286613887166
90003D,112.26,CRYSTAL PAIR HEART HAIR SLIDES,15.0,11.786892975011787
23412,2354.8,HEART MIRROR ANTIQUE WHITE,15.0,0.632964807156722
90003E,74.92,GREEN PAIR HEART HAIR SLIDES,15.0,16.681494661921707
23444,1050.0,NEXT DAY CARRIAGE,15.0,1.4084507042253522
21471,2177.82,STRAWBERRY RAFFIA FOOD COVER,15.0,0.684050674473965
23333,2562.95,IVORY WICKER HEART MEDIUM,15.0,0.5818576776120562
23352,2222.17,ROLL WRAP 50'S RED CHRISTMAS,15.0,0.6704899493556592
23396,2604.83,BUTTERFLY CUSHION COVER,15.0,0.5725562345648383
22396,608.02,MAGNETS PACK OF 4 RETRO PHOTO,15.0,2.4076273634875287
22336,754.0300000000001,DOVE DECORATION PAINTED ZINC,14.950000000000001,1.9441337876147622
22182,1320.58,CAKE STAND VICTORIAN FILIGREE SMALL,14.850000000000001,1.1120013778333573
22854,3708.52,CREAM SWEETHEART EGG HOLDER,14.850000000000001,0.39883224068518575
21682,926.01,LARGE MEDINA STAMPED METAL BOWL,14.850000000000001,1.5783432179070214
85232A,389.55,SET/3 POLKADOT STACKING TINS,14.850000000000001,3.672106824925816
85232D,957.75,SET/3 DECOUPAGE STACKING TINS,14.850000000000001,1.526835286859963
22681,953.87,FRENCH BLUE METAL DOOR SIGN 6,14.81,1.5288846677953505
21424,1401.02,WOODLAND STORAGE BOX LARGE,14.75,1.041835891423042
71279,558.37,PINK GLASS CANDLEHOLDER,14.75,2.5736320491345617
22063,1197.8700000000001,CERAMIC BOWL WITH STRAWBERRY DESIGN,14.75,1.2163744619089245
21320,364.22,GLASS CHALICE GREEN  LARGE,14.700000000000001,3.8794468489390903
22187,3010.64,GREEN CHRISTMAS TREE CARD HOLDER,14.7,0.4858958001414717
72760B,4016.04,VINTAGE CREAM 3 BASKET CAKE STAND,14.6,0.36222535378996884
23241,4350.59,TREASURE TIN GYMKHANA DESIGN,14.56,0.3335509661752746
21080,11119.9,SET/20 RED RETROSPOT PAPER NAPKINS,14.45,0.12977856812476704
23178,905.3100000000001,JAM CLOCK MAGNET,14.45,1.5710620161781332
22614,986.7599999999999,PACK OF 12 SPACEBOY TISSUES,14.43,1.441284871003506
22046,897.5,TEA PARTY  WRAPPING PAPER,14.28,1.56616727719406
85174,2815.12,S/4 CACTI CANDLES,14.15,0.5001290085428397
23380,923.77,PACK OF 12 VINTAGE DOILY TISSUES,14.04,1.4971049572941213
21090,1260.09,SET/6 COLLAGE PAPER PLATES,14.04,1.1019283746556474
85230G,250.07999999999998,ORANGE VOTIVE CANDLE,13.919999999999998,5.272727272727272
90050,55.72,CRACKED GLAZE NECKLACE IVORY,13.9,19.965527147371446
37501,906.83,TEA TIME TEA SET IN GIFT BOX,13.9,1.5096716735633682
21129,419.52000000000004,SILVER FISHING GNOME,13.9,3.207050897512805
22678,1105.38,FRENCH BLUE METAL DOOR SIGN 3,13.75,1.2286329559568592
22677,1351.52,FRENCH BLUE METAL DOOR SIGN 2,13.75,1.0071267954324055
22676,1522.21,FRENCH BLUE METAL DOOR SIGN 1,13.75,0.8952056043126122
22682,857.35,FRENCH BLUE METAL DOOR SIGN 7,13.75,1.5784640110205486
21326,6498.070000000001,AGED GLASS SILVER T-LIGHT HOLDER,13.65,0.2096220353455001
22230,473.53,JIGSAW TREE WITH WATERING CAN,13.53,2.7778918408409643
21243,3753.61,PINK  POLKADOT PLATE,13.52,0.3588939059708584
22825,584.37,DECORATIVE PLANT POT WITH FRIEZE,13.5,2.258015956646094
21110,3815.7,LARGE CAKE TOWEL PINK SPOTS,13.5,0.35255405828893766
84536A,1370.26,ENGLISH ROSE NOTEBOOK A7 SIZE,13.44,0.971308809713088
90204,90.22,PAIR OF ENAMEL BUTTERFLY HAIRCLIP,13.4,12.931866435051148
23431,1161.27,NATURAL HANGING QUILTED HEARTS,13.28,1.1306457792346005
22644,2733.04,CERAMIC CHERRY CAKE MONEY BANK,13.05,0.4752211325921583
23035,3018.91,DRAWER KNOB CERAMIC IVORY,13.049999999999999,0.43041464926977924
84692,4220.64,BOX OF 24 COCKTAIL PARASOLS,13.02,0.3075353240458609
22436,1369.31,12 COLOURED PARTY BALLOONS,13.0,0.9404547460410473
16054,136.20000000000002,POPART RECT PENCIL SHARPENER ASST,12.959999999999999,8.688656476267093
22620,6482.39,4 TRADITIONAL SPINNING TOPS,12.9,0.19860545102682098
84030E,6865.37,ENGLISH ROSE HOT WATER BOTTLE,12.75,0.1853704209871302
72807B,1855.37,SET/3 OCEAN SCENT CANDLE JEWEL BOX,12.75,0.6825043359098988
85163B,758.7199999999999,BLACK BAROQUE WALL CLOCK,12.75,1.6526890222562125
90148,101.73,LONG SILVER NECKLACE PASTEL FLOWER,12.75,11.137316561844864
22165,2458.19,"DIAMANTE HEART SHAPED WALL MIRROR,",12.75,0.5159979602904158
85173,747.75,SET/6 FROG PRINCE T-LIGHT CANDLES,12.75,1.6765285996055226
21633,895.46,SUNFLOWER DECORATIVE PARASOL,12.75,1.4038603406701093
84968D,1685.89,SET OF 16 VINTAGE RED CUTLERY,12.75,0.7506004803843074
22282,2328.06,12 EGG HOUSE PAINTED WOOD,12.75,0.54468325066964
90062,558.03,CARNIVAL BRACELET,12.75,2.233785346368128
20901,85.13,VINTAGE KEEPSAKE BOX PINK FLOWER,12.7,12.981702954104058
90209A,163.8,PURPLE ENAMEL+GLASS HAIR COMB,12.600000000000001,7.142857142857144
47599A,4624.3,PINK PARTY BAGS,12.600000000000001,0.27173327007267783
22747,2027.0900000000001,POPPY'S PLAYHOUSE BATHROOM,12.600000000000001,0.6177409312199403
22994,901.19,TRAVEL CARD WALLET RETROSPOT,12.6,1.3788726074918745
16237,1000.98,SLEEPING CAT ERASERS,12.6,1.243118451429586
20795,96.32000000000001,LARGE BLUE PROVENCAL CERAMIC BALL,12.6,11.568123393316194
23400,2390.59,SHELF WITH 4 HOOKS HOME SWEET HOME,12.5,0.5201636226691467
23459,350.0,DOLLY CABINET 2 DRAWERS,12.5,3.4482758620689653
23556,4774.55,LANDMARK FRAME COVENT GARDEN,12.5,0.26112114976864664
23017,751.4000000000001,APOTHECARY MEASURING JAR,12.5,1.6363398350569442
23291,2016.77,DOLLY GIRL CHILDRENS CUP,12.5,0.6159850586664171
21114,1765.58,LAVENDER SCENTED FABRIC HEART,12.5,0.7030054890668587
22685,766.44,FRENCH BLUE METAL DOOR SIGN 0,12.5,1.6047449097491462
23073,1656.5,GEORGIAN TRINKET BOX,12.5,0.7489514679448772
23290,2683.1400000000003,SPACEBOY CHILDRENS BOWL,12.5,0.46371177160154914
22679,995.0,FRENCH BLUE METAL DOOR SIGN 4,12.5,1.240694789081886
23065,3427.44,LARGE DECO JEWELLERY STAND,12.5,0.3633784310191457
23338,714.49,EGG FRYING PAN RED,12.48,1.7167145824449428
23025,735.84,DRAWER KNOB VINTAGE GLASS BALL,12.48,1.6677357280307887
23074,489.33,EMBOSSED HEART TRINKET BOX,12.48,2.486997070604412
23514,950.35,EMBROIDERED RIBBON REEL SALLY,12.48,1.2961789724042665
23513,1089.33,EMBROIDERED RIBBON REEL SUSIE,12.48,1.1326816783292946
85150,9068.91,LADIES & GENTLEMEN METAL SIGN,12.299999999999999,0.1354445057431774
40001,675.2299999999999,WHITE BAMBOO RIBS LAMPSHADE,12.16,1.7690103143775737
85014B,10856.58,RED RETROSPOT UMBRELLA,11.9,0.10949093157460843
22822,2558.39,CREAM WALL PLANTER HEART SHAPED,11.9,0.4629827762626007
21756,4870.66,BATH BUILDING BLOCK WORD,11.9,0.24372460348669553
90211B,53.260000000000005,JET BLACK LAS VEGAS NECKLACE 45CM,11.9,18.26273787599754
21794,2213.42,CLASSIC FRENCH STYLE BASKET NATURAL,11.850000000000001,0.5325196493009837
22224,2658.4100000000003,WHITE LOVEBIRD LANTERN,11.8,0.441912808355897
84674,458.21000000000004,FLYING PIG WATERING CAN,11.8,2.5105848811727407
22496,447.4200000000001,SET OF 2 ROUND TINS DUTCH CHEESE,11.8,2.5695744958843254
90201A,196.71,PURPLE ENAMEL FLOWER RING,11.8,5.659200997554073
22575,1214.27,METAL MERRY CHRISTMAS WREATH,11.7,0.9543463543153583
23039,376.31,T-LIGHT HOLDER SILVER HEART HANDLE,11.7,3.015386201386562
20886,986.23,BOX OF 9 PEBBLE CANDLES,11.7,1.1724269237321254
23224,588.6999999999999,CHERUB HEART DECORATION GOLD,11.62,1.935634328358209
23182,3609.6699999999996,TOILET SIGN OCCUPIED OR VACANT,11.62,0.3208801283520514
22208,1515.1699999999998,WOOD STAMP SET THANK YOU,11.61,0.7604238986625448
23028,2377.1299999999997,DRAWER KNOB CRACKLE GLAZE BLUE,11.55,0.4835306529129059
84970L,6553.24,SINGLE HEART ZINC T-LIGHT HOLDER,11.399999999999999,0.1736576567793512
85131A,901.48,BEADED PEARL HEART WHITE ON STICK,11.27,1.234730210901123
23382,5889.38,BOX OF 6 CHRISTMAS CAKE DECORATIONS,11.25,0.19065760774696938
20980,76.91,36 PENCILS TUBE POSY,11.25,12.760889292196007
82616B,481.77,FRAPPUCINO SCARF KNITTING KIT,11.25,2.281854691493246
84952B,324.68,BLACK LOVE BIRD T-LIGHT HOLDER,11.25,3.3489119757092247
23490,1860.35,T-LIGHT HOLDER HANGING LOVE BIRD,11.25,0.6010899764907032
21913,1539.6200000000001,VINTAGE SEASIDE JIGSAW PUZZLES,11.25,0.725399292010291
22099,779.98,CARAVAN SQUARE TISSUE BOX,11.25,1.4218368868723381
20970,4070.92,PINK FLORAL FELTCRAFT SHOULDER BAG,11.25,0.2755887187451772
22719,895.72,GUMBALL MONOCHROME COAT RACK,11.17,1.2316819018844622
82581,2086.1400000000003,TOILET METAL SIGN,11.16,0.5321127163495922
84976,427.72,RECTANGULAR SHAPED MIRROR,11.06,2.520625370345048
22095,1427.3700000000001,LADS ONLY TISSUE BOX,11.06,0.768893863448343
46138B,43.15,BLUE CHENILLE SHAGGY CUSHION COVER,11.05,20.387453874538746
22603,1139.81,CHRISTMAS RETROSPOT TREE WOOD,11.049999999999999,0.9601515388492083
21878,2163.2,PACK OF 6 SANDCASTLE FLAGS ASSORTED,11.049999999999999,0.5082212257100149
21455,511.69,PAINTED YELLOW WOODEN DAISY,11.049999999999999,2.1138615755442474
22851,2350.08,SET 20 NAPKINS FAIRY CAKES DESIGN,11.049999999999999,0.4679962560299517
22996,2015.06,TRAVEL CARD WALLET VINTAGE TICKET,10.92,0.5389984106457122
23294,3511.9199999999996,SET OF 6 SNACK LOAF BAKING CASES,10.79,0.30629827604315996
23295,4872.24,SET OF 12 MINI LOAF BAKING CASES,10.79,0.2209693571409555
23148,1749.08,MINIATURE ANTIQUE ROSE HOOK IVORY,10.79,0.6131134686084768
22661,4127.89,CHARLOTTE BAG DOLLY GIRL DESIGN,10.79,0.2607111446161578
35810B,174.09,ENAMEL BLUE RIM COFFEE CONTAINER,10.79,5.8362180874080485
16161U,1666.5,WRAP SUKI AND FRIENDS,10.5,0.6261180679785331
22050,488.0,PINK PAISLEY ROSE GIFT WRAP,10.5,2.106318956870612
22048,383.0,BIRTHDAY BANQUET GIFT WRAP,10.5,2.6683608640406606
22047,1352.5,EMPIRE GIFT WRAP,10.5,0.7703595011005135
22986,1670.1,GINGHAM ROSE WRAP,10.5,0.6247768654052125
90108,79.5,BLUE BLOSSOM HAIR CLIP,10.5,11.666666666666666
21167,281.91,WHITE SAGE INCENSE,10.5,3.5908484661947266
22899,4106.46,CHILDREN'S APRON DOLLY GIRL,10.5,0.25504255567214645
21495,2293.0,SKULLS AND CROSSBONES WRAP,10.5,0.45582808769264166
23233,2095.0,WRAP POPPIES  DESIGN,10.5,0.49869389693659466
22049,291.5,WRAP CHRISTMAS SCREEN PRINT,10.5,3.47682119205298
22039,105.0,BOTANICAL LILY GIFT WRAP,10.5,9.090909090909092
16161P,2917.42,WRAP ENGLISH ROSE,10.5,0.3586163556381322
16169E,1734.54,WRAP 50'S  CHRISTMAS,10.5,0.6017054050336955
22705,769.86,WRAP GREEN PEARS,10.5,1.3455328310010763
22708,1118.0,WRAP DOLLY GIRL,10.5,0.930438635356668
22706,805.94,WRAP COWBOYS,10.5,1.2860712360981823
23145,1895.5199999999998,ZINC T-LIGHT HOLDER STAR LARGE,10.45,0.5482772551509206
23511,1204.29,EMBROIDERED RIBBON REEL EMILY,10.4,0.8561855288180523
23367,2271.4500000000003,SET 12 COLOUR PENCILS SPACEBOY,10.4,0.4557705370642241
22393,627.23,PAPERWEIGHT VINTAGE COLLAGE,10.2,1.6001757055676697
21677,722.9599999999999,HEARTS  STICKERS,10.2,1.391237928965028
22523,738.9799999999999,CHILDS GARDEN FORK PINK,10.2,1.3614885608265035
22522,771.74,CHILDS GARDEN FORK BLUE,10.2,1.3044479116044707
84798B,28.049999999999997,PURPLE FOXGLOVE ARTIIFCIAL FLOWER,10.2,26.666666666666668
21942,296.39,SKULLS DESIGN FLANNEL,10.2,3.326918686193287
20838,458.15999999999997,FRENCH LATTICE CUSHION COVER,10.2,2.1778119395336923
22116,604.27,METAL SIGN HIS DINNER IS SERVED,10.2,1.6599671261412274
22132,916.5,RED LOVE HEART SHAPE CUP,10.2,1.1006798316607316
20840,590.15,FRENCH FLORAL CUSHION COVER,10.2,1.69900891146831
22948,1510.06,METAL DECORATION NAUGHTY CHILDREN,10.2,0.6709378658913606
22792,2342.49,FLUTED ANTIQUE CANDLE HOLDER,10.2,0.4335462810655038
21675,548.28,BUTTERFLIES STICKERS,10.2,1.8263859045981947
85017B,600.29,ENVELOPE 50 BLOSSOM IMAGES,10.2,1.6707890383134856
84832,2540.19,ZINC WILLIE WINKIE  CANDLE STICK,10.2,0.3999388328843824
79066K,704.78,RETRO MOD TRAY,10.2,1.42661333184145
79191B,126.39999999999999,RETRO PLASTIC POLKA TRAY,10.2,7.46705710102489
21059,520.7199999999999,PARTY INVITES DINOSAURS,10.2,1.9211934001356137
79191D,31.869999999999997,RETRO PLASTIC DAISY TRAY,10.2,24.245305443308773
21558,5492.69,SKULL LUNCH BOX WITH CUTLERY,10.2,0.18535714869822947
22348,3524.41,TEA BAG PLATE RED RETROSPOT,10.2,0.288574977154481
22491,3156.5,PACK OF 12 COLOURED PENCILS,10.2,0.32210187261186723
21058,959.8499999999999,PARTY INVITES WOODLAND,10.2,1.0514921911241688
22322,747.81,BIRD DECORATION GREEN POLKADOT,10.2,1.3456286856373927
23306,4116.09,SET OF 36 DOILIES PANTRY DESIGN,10.149999999999999,0.24598666097948738
21916,1919.48,SET 12 RETRO WHITE CHALK STICKS,10.08,0.5223988888658554
22533,641.87,MAGIC DRAWING SLATE BAKE A CAKE,10.08,1.5461308382544674
85199S,1151.74,SMALL HANGING IVORY/RED WOOD BIRD,10.08,0.8676042760496463
22718,712.1899999999999,CARD CAT AND TREE,10.08,1.3955999833857144
22530,1484.54,MAGIC DRAWING SLATE DOLLY GIRL,10.08,0.6744189158448302
23425,490.03000000000003,STORAGE TIN HOME SWEET HOME,9.96,1.992039840796816
23220,813.0699999999999,REINDEER HEART DECORATION GOLD,9.959999999999999,1.21016244851342
22209,884.5699999999999,WOOD STAMP SET HAPPY BIRTHDAY,9.959999999999999,1.1134338703006048
20836,141.1,FRENCH PAISLEY CUSHION COVER,9.959999999999999,6.593406593406592
23223,692.4799999999999,CHRISTMAS TREE HANGING SILVER,9.959999999999999,1.4179146973406982
23316,2362.22,RED REFECTORY CLOCK,9.95,0.4194471728417441
21246,1336.78,RED RETROSPOT BIG BOWL,9.9,0.7351412362253839
23569,3509.44,TRADTIONAL ALPHABET STAMP SET,9.9,0.2813027442645496
23114,683.5,VINTAGE LEAF CHOPPING BOARD,9.9,1.427747331987309
90192,194.22,JADE DROP EARRINGS W FILIGREE,9.9,4.850088183421517
22472,1330.41,TV DINNER TRAY DOLLY GIRL,9.9,0.7386350918817288
90059F,31.389999999999997,DIAMANTE HAIR GRIP PACK/2 LT ROSE,9.899999999999999,23.976749818357955
90059C,23.14,DIAMANTE HAIR GRIP PACK/2 MONTANA,9.899999999999999,29.963680387409198
90059D,38.15,DIAMANTE HAIR GRIP PACK/2 PERIDOT,9.899999999999999,20.60353798126951
90059B,24.869999999999997,DIAMANTE HAIR GRIP PACK/2 BLACK DIA,9.899999999999999,28.472821397756686
90059A,67.92999999999999,DIAMANTE HAIR GRIP PACK/2 CRYSTAL,9.899999999999999,12.720030836438392
90059E,36.419999999999995,DIAMANTE HAIR GRIP PACK/2 RUBY,9.899999999999999,21.373056994818654
85132C,3587.19,CHARLIE AND LOLA FIGURES TINS,9.75,0.271063737510217
85027L,160.5,FRENCH CHATEAU LARGE PLATTER,9.75,5.726872246696035
21896,2268.59,POTTING SHED TWINE,9.75,0.4279431515928263
47504K,2048.66,ENGLISH ROSE GARDEN SECATEURS,9.48,0.46061006539885535
21158,755.84,MOODY GIRL DOOR HANGER,9.36,1.2232096184004182
23376,1296.06,PACK OF 12 VINTAGE CHRISTMAS TISSUE,9.36,0.717010617272602
85231B,752.39,CINAMMON SET OF 9 T-LIGHTS,9.35,1.2274529366975606
85064,976.25,CREAM SWEETHEART LETTER RACK,9.3,0.9436355334584751
21786,871.23,POLKADOT RAIN HAT,9.24,1.0494395039013256
84663A,374.12,GRASS HOPPER WOODEN WALL CLOCK,9.11,2.3771625394671605
22067,618.3399999999999,CHOC TRUFFLE GOLD TRINKET POT,9.1,1.450337880912916
21373,334.29,MIRRORED WALL ART SNOWFLAKES,9.0,2.6216901162282613
22183,1916.01,CAKE STAND VICTORIAN FILIGREE MED,8.95,0.46494472612417914
21630,709.1899999999999,FLOOR CUSHION ELEPHANT CARNIVAL,8.95,1.2462750995627592
21041,3888.98,RED RETROSPOT OVEN GLOVE DOUBLE,8.850000000000001,0.22704940954325872
22359,594.08,GLASS JAR KINGS CHOICE,8.850000000000001,1.4678320866435575
22934,1707.47,BAKING MOULD EASTER EGG WHITE CHOC,8.850000000000001,0.5156381094434604
85104,508.25,SILVER GLASS T-LIGHT SET,8.850000000000001,1.7114678011989946
22893,919.68,MINI CAKE STAND T-LIGHT HOLDER,8.82,0.9499192245557351
23345,2781.4900000000002,DOLLY GIRL BEAKER,8.75,0.3135930959343999
22091,1017.5300000000001,EMPIRE TISSUE BOX,8.75,0.8525938340413921
22258,743.89,FELT FARM ANIMAL RABBIT,8.75,1.1625744047619049
22416,1184.72,SET OF 36 DOILIES SPACEBOY DESIGN,8.7,0.7289973353890499
23270,1610.03,SET OF 2 CERAMIC PAINTED HEARTS,8.7,0.5374583778641281
23034,1425.36,DRAWER KNOB CERAMIC BLACK,8.7,0.606669177021882
22981,688.16,PANTRY APPLE CORER,8.7,1.2484573658984586
16259,326.56,PIECE OF CAMO STATIONERY SET,8.64,2.577565632458234
21394,1603.77,RED POLKADOT BEAKER,8.58,0.532142524886036
84969,2368.48,BOX OF 6 ASSORTED COLOUR TEASPOONS,8.5,0.35759661419111644
21408,1019.05,SPOTTY PINK DUCK DOORSTOP,8.5,0.827210354727264
23342,3108.41,MINT DINER WALL CLOCK,8.5,0.2727059812442451
22437,2356.11,SET OF 9 BLACK SKULL BALLOONS,8.5,0.35946731173428176
22613,1186.1299999999999,PACK OF 20 SPACEBOY NAPKINS,8.5,0.7115173735801044
72803A,722.47,ROSE SCENT CANDLE JEWELLED DRAWER,8.5,1.1628384201814028
22201,674.76,FRYING PAN BLUE POLKADOT,8.5,1.2440359453209613
85231G,511.04999999999995,ORANGE SCENTED SET/9 T-LIGHTS,8.5,1.6360311808295642
21987,1334.29,PACK OF 6 SKULL PAPER CUPS,8.450000000000001,0.6293102164231348
85186C,269.17,BUNNY EGG GARLAND,8.4,3.026263645206615
82613D,532.99,METAL SIGN CUPCAKE SINGLE HOOK,8.4,1.5515617207558323
82613B,506.46999999999997,"METAL SIGN,CUPCAKE SINGLE HOOK",8.4,1.6314797910152077
85054,1430.63,FRENCH ENAMEL POT W LID,8.4,0.5837265380151908
21426,619.62,WOODLAND STORAGE BOX SMALL,8.4,1.3375370211139774
82613C,453.32,"METAL SIGN,CUPCAKE SINGLE HOOK",8.4,1.8192844147968468
21209,870.25,MULTICOLOUR HONEYCOMB FAN,8.33,0.9481208313414828
23454,641.9100000000001,SET OF 3 MINI HANGING PORTRAITS,8.3,1.2765106657849004
23389,4523.27,SPACEBOY MINI BACKPACK,8.3,0.1831594789443835
23469,1280.5900000000001,CARD HOLDER LOVE BIRD SMALL,8.3,0.6439649620991706
22268,802.34,EASTER DECORATION SITTING BUNNY,8.26,1.0189982728842832
23052,5816.5599999999995,RECYCLED ACAPULCO MAT TURQUOISE,8.25,0.14163552115863007
23491,1658.51,VINTAGE JINGLE BELLS HEART,8.25,0.49497228155223305
23466,448.27,TUSCAN VILLA DOVECOTE,8.25,1.807149741522825
23054,2555.17,RECYCLED ACAPULCO MAT LAVENDER,8.25,0.321835672656061
23066,2137.81,SMALL DECO JEWELLERY STAND,8.25,0.38442541215063886
23050,4187.16,RECYCLED ACAPULCO MAT GREEN,8.25,0.1966434746544438
23133,5396.89,LARGE IVORY HEART WALL ORGANISER,8.25,0.15263249425546793
23053,3179.81,RECYCLED ACAPULCO MAT PINK,8.25,0.2587780656574845
22616,7760.61,PACK OF 12 LONDON TISSUES,8.16,0.10503593232905595
23410,290.1,CURIO CABINET LINEN AND LACE,8.15,2.732606873428332
15044C,1017.09,PURPLE PAPER PARASOL,8.05,0.7852585988255263
21564,1359.99,PINK  HEART SHAPE LOVE BUCKET,8.05,0.5884330867518495
85170D,759.82,SET/6 PINK BIRD T-LIGHT CANDLES,8.0,1.0419108645255397
85135C,760.98,RED DRAGONFLY HELICOPTER,7.95,1.0339042565643166
85135B,524.5500000000001,BLUE DRAGONFLY HELICOPTER,7.95,1.492957746478873
84600,399.19,NEW BAROQUE JEWELLERY BOX,7.95,1.9526452817212752
23434,1759.79,3 RAFFIA RIBBONS 50'S CHRISTMAS,7.9,0.4469109402666757
21359,844.28,RELAX LARGE WOOD LETTERS,7.9,0.9270341946537117
22723,4081.7000000000003,SET OF 6 HERB TINS SKETCHBOOK,7.9,0.19317292644757433
21311,180.75,SET/4 BIRD MIRROR MAGNETS,7.83,4.152083996181991
21880,848.4200000000001,RED RETROSPOT TAPE,7.800000000000001,0.9109808226857583
85199L,624.4300000000001,LARGE HANGING IVORY & RED WOOD BIRD,7.800000000000001,1.2337282318143714
22821,701.12,GIFT BAG PSYCHEDELIC APPLES,7.800000000000001,1.1002651921232298
22921,1145.42,HERB MARKER CHIVES,7.800000000000001,0.676367041848043
22919,1184.78,HERB MARKER MINT,7.800000000000001,0.654044173137232
85032D,561.34,YULETIDE IMAGES GIFT WRAP SET,7.800000000000001,1.3704888076747375
22917,1298.5900000000001,HERB MARKER ROSEMARY,7.800000000000001,0.5970651949264768
22918,1229.49,HERB MARKER PARSLEY,7.800000000000001,0.6304100089712195
85032C,675.5600000000001,CURIOUS IMAGES GIFT WRAP SET,7.800000000000001,1.1414188714586748
22916,1268.3500000000001,HERB MARKER THYME,7.800000000000001,0.6112134153508599
22466,5391.74,FAIRY TALE COTTAGE NIGHTLIGHT,7.8,0.1444567500194461
47594B,314.54999999999995,SCOTTIES DESIGN WASHBAG,7.8,2.419730107026524
21279,263.59999999999997,VINTAGE KITCHEN PRINT FRUITS,7.6499999999999995,2.8202764976958528
84931B,419.12,BLUE SCOTTIE DOG W FLOWER PATTERN,7.6499999999999995,1.7925346205215922
21469,1059.07,POLKA DOT RAFFIA FOOD COVER,7.5,0.7031887264783371
23403,2031.97,LETTER HOLDER HOME SWEET HOME,7.5,0.3677425997930835
23330,2213.38,DECORATIVE WICKER HEART MEDIUM,7.5,0.33770397319981266
22592,2617.72,CARDHOLDER HOLLY WREATH METAL,7.5,0.2856903421427538
90143,236.78,SILVER BRACELET W PASTEL FLOWER,7.5,3.0702472572457835
21467,993.18,CHERRY CROCHET FOOD COVER,7.5,0.7494903465643363
90176A,22.48,CLASSIC DIAMANTE NECKLACE JET,7.5,25.01667778519013
90176D,52.5,DIAMANTE NECKLACE PURPLE,7.5,12.5
21925,498.75,UNION STRIPE CUSHION COVER,7.5,1.4814814814814816
23227,2015.22,FILIGREE HEART BUTTERFLY WHITE,7.5,0.37078785002373044
22203,1357.08,MILK PAN RED RETROSPOT,7.5,0.5496196631930704
23160,1774.8,REGENCY TEA SPOON,7.5,0.42080457835381246
23346,3026.45,SPACEBOY BEAKER,7.5,0.24720249180111736
22751,5606.79,FELTCRAFT PRINCESS OLIVIA DOLL,7.5,0.13358768428421047
22252,746.57,BIRDCAGE DECORATION TEALIGHT HOLDER,7.5,0.9946026230986513
23186,803.8,FRENCH STYLE STORAGE JAR CAFE,7.5,0.9244422531739185
20674,1962.68,GREEN POLKADOT BOWL,7.5,0.3806758773310053
23093,2154.76,SMALL PARISIENNE HEART PHOTO FRAME,7.470000000000001,0.3454766606697715
23090,1559.09,VINTAGE GLASS T-LIGHT HOLDER,7.47,0.47684097640690426
21306,191.87,SET/4 DAISY MIRROR MAGNETS,7.32,3.6748832772729556
84985A,59.449999999999996,SET OF 72 GREEN PAPER DOILIES,7.25,10.869565217391306
20984,1166.07,12 PENCILS TALL TUBE POSY,6.959999999999999,0.5933352088181887
21983,752.3499999999999,PACK OF 12 BLUE PAISLEY TISSUES,6.959999999999999,0.9166216696737827
84926F,189.72,PSYCHEDELIC TILE COASTER,6.959999999999999,3.5387431360585717
22119,1459.44,PEACE WOODEN BLOCK LETTERS,6.95,0.47395304114185177
22609,1332.9099999999999,PENS ASSORTED SPACEBALL,6.84,0.5105430117559248
85126,27.14,LARGE ROUND CUTGLASS CANDLESTICK,6.75,19.91737975804072
21364,222.96,PEACE SMALL WOOD LETTERS,6.75,2.9384876583518347
21918,2904.25,SET 12 KIDS COLOUR  CHALK STICKS,6.72,0.23085088475662754
79190B,269.46,RETRO PLASTIC POLKA TRAY,6.72,2.4331957419074515
84596B,2495.0899999999997,SMALL DOLLY MIX DESIGN ORANGE BOWL,6.72,0.26860552959657213
84596F,1910.6299999999999,SMALL MARSHMALLOWS PINK BOWL,6.72,0.3504837405794456
82578,1080.45,KITCHEN METAL SIGN,6.6000000000000005,0.6071477852904651
20798,75.60000000000001,CLEAR MILKSHAKE GLASS,6.6,8.02919708029197
85062,2380.06,PEARL CRYSTAL PUMPKIN T-LIGHT HLDR,6.6,0.27653708529912097
85040B,229.46999999999997,SET/4 BLUE FLOWER CANDLES IN BOWL,6.6,2.7957809124412254
23103,6503.0599999999995,BELL HEART DECORATION,6.6,0.10138778369377201
21194,533.22,PINK  HONEYCOMB PAPER FAN,6.5,1.2043281701623063
20681,506.96,PINK POLKADOT CHILDRENS UMBRELLA,6.5,1.265921396019164
21071,1380.28,VINTAGE BILLBOARD DRINK ME MUG,6.36,0.4586626665897422
84881,82.57,BLUE WIRE SPIRAL CANDLE HOLDER,6.35,7.1412505623031945
90199C,120.28999999999999,5 STRAND GLASS NECKLACE CRYSTAL,6.35,5.014213518635502
90209C,480.5,PINK ENAMEL+GLASS HAIR COMB,6.300000000000001,1.294165981922761
21391,1055.59,FRENCH LAVENDER SCENT HEART,6.300000000000001,0.5932817900159151
21427,243.84,SKULLS STORAGE BOX SMALL,6.300000000000001,2.5185895898296953
23323,2822.61,WHITE WICKER STAR,6.300000000000001,0.22270061613837133
22441,2160.8900000000003,GROW YOUR OWN BASIL IN ENAMEL MUG,6.300000000000001,0.2906990157761894
21012,2338.73,ANTIQUE ALL GLASS CANDLESTICK,6.300000000000001,0.2686532794889618
20677,4573.76,PINK POLKADOT BOWL,6.25,0.13646258414282939
20956,1109.02,PORCELAIN T-LIGHT HOLDERS ASSORTED,6.25,0.5604024137652766
23565,529.25,EGG CUP MILKMAID HELGA,6.25,1.1671335200746966
22670,2357.15,FRENCH WC SIGN BLUE METAL,6.25,0.26444952187526444
22966,8834.44,GINGERBREAD MAN COOKIE CUTTER,6.25,0.07069583935190579
21930,13387.91,JUMBO STORAGE BAG SKULLS,6.24,0.046587502753067576
84950,2233.67,ASSORTED COLOUR T-LIGHT HOLDER,6.1000000000000005,0.2723493930180331
79000,3357.34,MOROCCAN TEA GLASS,6.050000000000001,0.1798780397158819
21382,1374.28,SET/4 SPRING FLOWER DECORATION,6.0,0.4346944098298896
22121,2095.06,NOEL WOODEN BLOCK LETTERS,5.95,0.283197128999862
20983,2317.5699999999997,12 PENCILS TALL TUBE RED RETROSPOT,5.95,0.2560769866409586
84575A,39.3,PINK DOG CANNISTER,5.95,13.149171270718233
84843,946.0,WHITE SOAP RACK WITH 2 BOTTLES,5.95,0.6250328273543778
85061W,1815.9199999999998,WHITE JEWELLED HEART DECORATION,5.95,0.32658751722131657
23535,6585.05,BICYCLE SAFTEY WALL ART,5.95,0.09027461690183584
22944,1713.02,CHRISTMAS METAL POSTCARD WITH BELLS,5.93,0.34497803891910755
22175,2416.11,PINK OWL SOFT TOY,5.9,0.2435993245279747
85071B,668.24,RED CHARLIE+LOLA PERSONAL DOORSIGN,5.9,0.8751891298543331
22314,1565.89,OFFICE MUG WARMER CHOC+BLUE,5.9,0.37536821076606924
22176,1536.88,BLUE OWL SOFT TOY,5.9,0.3824265287338441
22904,5467.26,CALENDAR PAPER CUT DESIGN,5.9,0.10779878534521192
22742,1100.74,MAKE YOUR OWN PLAYTIME CARD KIT,5.9,0.5331453769970361
21038,86.75,SET/4 MODERN VINTAGE COTTON NAPKINS,5.9,6.368051807879114
21902,1230.16,"KEY FOB , FRONT  DOOR",5.8500000000000005,0.4732971416088867
21901,1224.8600000000001,"KEY FOB , BACK DOOR",5.8500000000000005,0.47533537551494665
22433,2651.6699999999996,WATERING CAN GREEN DINOSAUR,5.85,0.2201300460579789
16202E,7.5,BLACK PHOTO ALBUM,5.55,42.5287356321839
15044D,1813.8600000000001,RED PAPER PARASOL,5.5,0.3023041069387037
20781,202.87,GOLD EAR MUFF HEADPHONES,5.49,2.634862737569591
22712,1716.75,CARD DOLLY GIRL,5.46,0.31703450798683086
21917,1675.06,SET 12 KIDS  WHITE CHALK STICKS,5.46,0.32489943588889153
82551,4476.24,LAUNDRY 15C METAL SIGN,5.2,0.11603413188617946
79163,626.55,BLACK CHAMPAGNE GLASS,5.16,0.8168305076696587
21561,3072.2599999999998,DINOSAUR LUNCH BOX WITH CUTLERY,5.1,0.16572646684170847
22110,4445.22,BIRD HOUSE HOT WATER BOTTLE,5.1,0.11459850078196622
22583,1552.9699999999998,PACK OF 6 HANDBAG GIFT BOXES,5.1,0.3273280404603131
22576,1264.56,SWALLOW WOODEN CHRISTMAS DECORATION,5.1,0.401682340154057
84803B,28.73,WHITE ALLIUM  ARTIFICIAL FLOWER,5.07,15.000000000000002
84800M,174.31,MEDIUM WHITE/PINK ROSE ART FLOWER,5.07,2.8264020515107595
84678,247.04,CLASSICAL ROSE SMALL VASE,5.05,2.003252806537348
22023,531.19,EMPIRE BIRTHDAY CARD,5.04,0.939895194226358
22034,5.02,ROBIN CHRISTMAS CARD,5.04,50.099403578528836
22028,1284.87,PENNY FARTHING BIRTHDAY CARD,5.04,0.3907249342977417
22029,3241.09,SPACEBOY BIRTHDAY CARD,5.04,0.15526180405590656
22031,213.85,BOTANICAL LAVENDER BIRTHDAY CARD,5.04,2.302526383114807
22024,1004.52,RAINY LADIES BIRTHDAY CARD,5.04,0.4992273861880423
21506,1943.28,"FANCY FONT BIRTHDAY CARD,",5.04,0.2586844050258684
22042,148.17,CHRISTMAS CARD SINGING ANGEL,5.04,3.2896025063638143
22714,1398.18,CARD BIRTHDAY COWBOY,5.04,0.35917390002993116
21507,1368.24,"ELEPHANT, BIRTHDAY CARD,",5.04,0.36700454386578124
22026,700.4,BANQUET BIRTHDAY  CARD,5.04,0.7144477205715583
22025,751.03,RING OF ROSES BIRTHDAY CARD,5.04,0.666604943986668
21445,267.5,12 PINK ROSE PEG PLACE SETTINGS,5.0,1.834862385321101
23566,945.31,EGG CUP MILKMAID HEIDI,5.0,0.5261441003462028
21826,185.18,EIGHT PIECE DINOSAUR SET,5.0,2.6290882322010725
47563A,486.83,RETRO LONGBOARD IRONING BOARD COVER,5.0,1.0166114307789278
47504H,862.09,ENGLISH ROSE SPIRIT LEVEL,5.0,0.5766414097729186
21872,1391.69,GLAMOROUS  MUG,5.0,0.35798924600305004
23024,667.8500000000001,LARGE BONNE JAM JAR  T-LIGHT HOLDER,4.98,0.7401572462583416
23123,733.0699999999999,COCKTAIL SWORDS 50 PIECES,4.9799999999999995,0.6747510331278368
22062,677.86,CERAMIC BOWL WITH LOVE HEART DESIGN,4.9799999999999995,0.7293070118915118
84629,150.0,WHITE 3 FRAME BIRDS AND TREE,4.95,3.1945788964182
23424,2319.35,GINGHAM RECIPE BOOK BOX,4.95,0.21296734500709896
23405,1178.33,HOME SWEET HOME 2 DRAWER CABINET,4.95,0.41832871340680144
21708,853.1500000000001,FOLDING UMBRELLA CREAM POLKADOT,4.95,0.5768558443071902
23117,454.01000000000005,POPPY FIELDS CHOPPING BOARD,4.95,1.078525361687293
23180,588.85,MUM'S KITCHEN CLOCK,4.95,0.8336140114516671
23164,2668.9700000000003,REGENCY CAKE SLICE,4.95,0.1851214696026807
21317,618.68,GLASS SPHERE CANDLE STAND MEDIUM,4.95,0.7937398778121644
79164,697.62,BLACK WINE GLASS,4.949999999999999,0.7045561296383277
23192,5773.45,BUNDLE OF 3 ALPHABET EXERCISE BOOKS,4.949999999999999,0.08566385158521389
23274,1892.9199999999998,STAR T-LIGHT HOLDER WILLIE WINKIE,4.949999999999999,0.2608187072876435
23273,1538.6,HEART T-LIGHT HOLDER WILLIE WINKIE,4.949999999999999,0.3206893200738557
23191,3480.47,BUNDLE OF 3 RETRO NOTE BOOKS,4.949999999999999,0.14202018695020974
23329,2855.0499999999997,DECORATIVE WICKER HEART LARGE,4.949999999999999,0.17307692307692307
22241,2609.43,GARLAND WOODEN HAPPY EASTER,4.8100000000000005,0.18399228838974238
23327,1048.6200000000001,HANGING CLEAR MINI BOTTLE,4.720000000000001,0.4480984297567737
22287,716.4699999999999,"DECORATION , WOBBLY CHICKEN, METAL",4.68,0.6489634611384595
22615,643.3199999999999,PACK OF 12 CIRCUS PARADE TISSUES,4.68,0.7222222222222223
21179,1313.79,NO JUNK MAIL METAL SIGN,4.68,0.3549568818403149
22536,1780.43,MAGIC DRAWING SLATE PURDEY,4.62,0.25881627965603204
22161,1613.88,HEART DECORATION RUSTIC HANGING,4.5600000000000005,0.2817527989916216
21144,16.8,PINK POODLE HANGING DECORATION,4.5600000000000005,21.348314606741575
21650,630.19,ASSORTED TUTTI FRUTTI BRACELET,4.5600000000000005,0.7183930681370619
21084,753.82,SET/6 COLLAGE PAPER CUPS,4.5600000000000005,0.6012816793691818
84660A,813.29,WHITE STITCHED WALL CLOCK,4.54,0.5551275937542033
21578,1652.8,WOODLAND DESIGN  COTTON TOTE BAG,4.5,0.2715259759850359
22650,1252.8899999999999,CERAMIC PIRATE CHEST MONEY BANK,4.35,0.3459959912188604
22262,940.54,FELT EGG COSY CHICKEN,4.25,0.4498354131605965
21407,1421.11,BROWN CHECK CAT DOORSTOP,4.25,0.29817028680473706
84819,758.8100000000001,DANISH ROSE ROUND SEWING BOX,4.25,0.556967997274133
90018A,180.88,SILVER M.O.P ORBIT DROP EARRINGS,4.25,2.2956841138659323
90200B,346.28000000000003,BLACK SWEETHEART BRACELET,4.25,1.2124497189969474
22245,1070.0,"HOOK, 1 HANGER ,MAGIC GARDEN",4.25,0.3956248545496859
90018C,50.400000000000006,SILVER BLACK ORBIT DROP EARRINGS,4.25,7.7767612076852695
22372,1222.12,AIRLINE BAG VINTAGE WORLD CHAMPION,4.25,0.34655120395965333
84809A,115.50000000000001,WHITE CHRYSANTHEMUMS ART FLOWER,4.2,3.508771929824561
84927D,51.86,LA PALMIERA TILE HOOK,4.2,7.491972886193364
85088,534.83,CANDY SPOT HAND BAG,4.2,0.7791774112758102
22515,594.39,CHILDS GARDEN SPADE PINK,4.2,0.7016488748559113
84927E,80.16000000000001,FLOWERS TILE HOOK,4.2,4.978662873399715
10133,1539.6,COLOURING PENCILS BROWN TUBE,4.2,0.27205596579867863
22440,2358.24,BALLOON WATER BOMB PACK OF 35,4.2,0.17778229288362885
72351B,3936.59,SET/6 PINK  BUTTERFLY T-LIGHTS,4.2,0.10657761514823169
20752,920.45,BLUE POLKADOT WASHING UP GLOVES,4.2,0.45422592332233813
22412,1931.8500000000001,METAL SIGN NEIGHBOURHOOD WITCH,4.2,0.21693654606027737
23312,5437.21,VINTAGE CHRISTMAS GIFT SACK,4.15,0.07626769778143701
84997C,16340.19,BLUE 3 PIECE POLKADOT CUTLERY SET,4.15,0.025391052804824177
23390,2680.42,DOLLY GIRL MINI BACKPACK,4.15,0.15458714058489814
23129,3908.2400000000002,HEART SHAPED HOLLY WREATH,4.15,0.10607326979161075
22188,11605.86,BLACK HEART CARD HOLDER,3.95,0.034022951279995106
84884A,1442.1,ANT WHITE WIRE HEART SPIRAL,3.95,0.2731579129352374
84813,1308.24,SET OF 4 DIAMOND NAPKIN RINGS,3.95,0.30102347983142685
22097,645.8100000000001,SWALLOW SQUARE TISSUE BOX,3.9000000000000004,0.6002678117929537
23368,1579.65,SET 12 COLOUR PENCILS DOLLY GIRL,3.9000000000000004,0.2462820877143128
22319,453.70000000000005,HAIRCLIPS FORTIES FABRIC ASSORTED,3.9000000000000004,0.8522727272727274
21395,1139.06,BLUE POLKADOT BEAKER,3.9,0.34121929026387626
21822,605.59,GLITTER CHRISTMAS TREE WITH BELLS,3.9,0.6398792433017769
47591D,6547.67,PINK FAIRY CAKE CHILDRENS APRON,3.9,0.05952771625732459
21143,707.23,ANTIQUE GLASS HEART DECORATION,3.9,0.548422932515855
85132A,1653.97,CHARLIE + LOLA BISCUITS TINS,3.9,0.23524160519220444
21263,327.71999999999997,GREEN GOOSE FEATHER TREE 60CM,3.9,1.1760448706350644
84857B,46.8,BLUE MONTE CARLO HANDBAG,3.9,7.6923076923076925
35004G,405.9,SET OF 3 GOLD FLYING DUCKS,3.9,0.951683748169839
21461,23.86,BLUE EASTER EGG HUNT START POST,3.9,14.048991354466859
21704,3964.68,BAG 250G SWIRLY MARBLES,3.86,0.09726498913958281
84856S,18.6,SMALL TAHITI BEACH BAG,3.81,17.001338688085678
21390,4790.67,FILIGRIS HEART WITH BUTTERFLY,3.75,0.07821592601399126
84870B,146.07999999999998,BLUE GEISHA GIRL,3.75,2.502836548087833
82616C,474.14,MIDNIGHT GLAMOUR SCARF KNITTING KIT,3.75,0.7846994078135137
22511,458.16,RETROSPOT BABUSHKA DOORSTOP,3.75,0.8118464635968045
22772,5036.05,PINK DRAWER KNOB ACRYLIC EDWARDIAN,3.75,0.07440771459184888
23061,1297.76,VINTAGE EMBOSSED HEART,3.75,0.2881268680225277
21775,707.02,DECORATIVE FLORE BATHROOM BOTTLE,3.75,0.5275968316051607
22202,319.35,MILK PAN PINK POLKADOT,3.75,1.160631383472609
90064B,45.0,BLACK VINTAGE  CRYSTAL EARRINGS,3.75,7.6923076923076925
15060B,1832.42,FAIRY CAKE DESIGN UMBRELLA,3.75,0.20422945587826835
84685,177.33,BEACH HUT KEY CABINET,3.75,2.07090788601723
23493,7558.4800000000005,VINTAGE DOILY TRAVEL SEWING KIT,3.5999999999999996,0.04760594968580072
35001W,270.02000000000004,HAND OPEN SHAPE DECO.WHITE,3.49,1.2760045336550765
84559B,255.61999999999998,3D SHEET OF CAT STICKERS,3.4,1.3126399505829667
22250,727.6899999999999,DECORATION  BUTTERFLY  MAGIC GARDEN,3.4,0.465059021461106
22261,531.67,FELT EGG COSY WHITE RABBIT,3.4,0.635430878202852
20982,1786.1,12 PENCILS TALL TUBE SKULLS,3.4,0.1899972059234423
84452,62.9,METAL RABBIT LADDER EASTER,3.4,5.128205128205128
22260,566.03,FELT EGG COSY BLUE RABBIT,3.4,0.597088316386562
22249,811.23,DECORATION WHITE CHICK MAGIC GARDEN,3.4,0.41736739378613597
22354,2853.52,RETROSPOT PADDED SEAT CUSHION,3.39,0.1186596707631672
22713,1414.71,CARD I LOVE LONDON,3.36,0.23694175886944932
22450,657.76,SILK PURSE BABUSHKA BLUE,3.35,0.5067235407118331
23023,427.91999999999996,RIDGED BONNE JAM JAR T-LIGHT HOLDER,3.3,0.7652706275219145
23190,2697.5499999999997,BUNDLE OF 3 SCHOOL EXERCISE BOOKS,3.3,0.12218375696539978
21206,1610.9199999999998,STRAWBERRY HONEYCOMB  GARLAND,3.3,0.20443310081649343
23332,3272.1499999999996,IVORY WICKER HEART LARGE,3.3,0.10074951533377093
85114B,970.31,IVORY ENCHANTED FOREST PLACEMAT,3.3,0.3389447520054231
84595E,154.67999999999998,LARGE TORTILLA DESIGN RED BOWL,3.29,2.082673925428879
21900,2123.6200000000003,"KEY FOB , SHED",3.25,0.15280670656880765
23377,557.11,PACK OF 12 DOLLY GIRL TISSUES,3.12,0.556914124555986
23630,5.48,SET 10 CARDS HANGING BAUBLES 17080,2.99,35.30106257378985
22452,1754.41,MEASURING TAPE BABUSHKA PINK,2.95,0.16786543451540947
22453,1076.64,MEASURING TAPE BABUSHKA BLUE,2.95,0.2732518826591576
22483,2124.82,RED GINGHAM TEDDY BEAR,2.95,0.13864280443844967
90162B,79.65,ANT SILVER LIME GREEN BOUDICCA RING,2.95,3.571428571428571
22811,2070.65,SET OF 6 T-LIGHTS CACTI,2.95,0.1422646604938272
85185B,900.3900000000001,PINK HORSE SOCK PUPPET,2.95,0.32656585560254164
84086B,44.25,YELLOW/BLUE RETRO RADIO,2.95,6.25
21380,6289.81,WOODEN HAPPY BIRTHDAY GARLAND,2.95,0.046879270781024544
15044A,1424.49,PINK PAPER PARASOL,2.95,0.20666367763268512
20936,306.83000000000004,FORKED CACTUS CANDLE,2.95,0.9522887210278261
21316,214.73000000000002,SMALL CHUNKY GLASS ROMAN  BOWL,2.95,1.3552002940095553
85087,1129.99,CANDY SPOT CUSHION COVER,2.95,0.2603844863805674
22272,564.9200000000001,FELTCRAFT DOLL MARIA,2.95,0.5194850934192684
15044B,946.83,BLUE PAPER PARASOL,2.95,0.3105982438038282
22154,1524.73,ANGEL DECORATION 3 BUTTONS,2.94,0.19244994010486557
21972,496.15999999999997,SET OF 36 DINOSAUR PAPER DOILIES,2.9,0.5810924538131688
23189,3319.61,SET OF 12 FORK CANDLES,2.89,0.08698269375470279
21981,1612.4999999999998,PACK OF 12 WOODLAND TISSUES,2.73,0.16901617726268087
20973,3002.8700000000003,12 PENCIL SMALL TUBE WOODLAND,2.6,0.08650893204723388
85188A,278.16999999999996,GREEN METAL SWINGING BUNNY,2.55,0.908378455400399
22305,1573.98,COFFEE MUG PINK PAISLEY DESIGN,2.55,0.16174763563014974
90076,24.119999999999997,MONTANA DIAMOND CLUSTER EARRINGS,2.55,9.561304836895388
22276,820.3199999999999,WASH BAG VINTAGE ROSE PAISLEY,2.55,0.30989099128659453
84659A,676.27,WHITE TRAVEL ALARM CLOCK,2.55,0.37565186647417576
21201,2922.5,TROPICAL  HONEYCOMB PAPER GARLAND,2.55,0.08717799695731696
22908,3460.58,PACK OF 20 NAPKINS RED APPLES,2.55,0.07363281193602318
21588,2947.35,RETROSPOT GIANT TUBE MATCHES,2.55,0.08644360825790705
84508A,3448.05,CAMOUFLAGE DESIGN TEDDY,2.55,0.07390019127108328
22350,3773.6699999999996,ILLUSTRATED CAT BOWL,2.55,0.06752784530562309
22638,439.21999999999997,SET OF 4 NAPKIN CHARMS CROWNS,2.55,0.5772234420626118
21556,2515.52,CERAMIC STRAWBERRY MONEY BOX,2.55,0.1012680346455817
22601,2092.95,CHRISTMAS RETROSPOT ANGEL WOOD,2.55,0.12168933428775948
20772,608.5799999999999,GARDEN PATH JOURNAL,2.55,0.41725983015070445
23437,2283.99,50'S CHRISTMAS GIFT BAG LARGE,2.5,0.1093378934524096
20941,83.78,FROG CANDLE,2.5,2.897542883634678
21272,777.5699999999999,SALLE DE BAIN HOOK,2.5,0.32048405912289923
21125,812.35,SET 6 FOOTBALL CELEBRATION CANDLES,2.5,0.30680493342332943
21494,3282.46,ROTATING LEAVES T-LIGHT HOLDER,2.5,0.07610442745117141
85183A,835.79,CHARLIE & LOLA WASTEPAPER BIN BLUE,2.5,0.29822615085471615
23503,4586.88,PLAYING CARDS KEEP CALM & CARRY ON,2.5,0.054473589025097066
35471D,927.29,SET OF 3 BIRD LIGHT PINK FEATHER,2.5,0.26887791866980715
84800S,120.07000000000001,SMALL WHITE/PINK ROSE ART FLOWER,2.5,2.0396508117810233
23150,350.93,IVORY SWEETHEART SOAP DISH,2.49,0.7045441684115217
23122,1707.84,PARTY CHARMS 50 PIECES,2.4899999999999998,0.14558593955552437
22096,496.73,PINK PAISLEY SQUARE TISSUE BOX,2.34,0.46887210210992447
84251B,70.78,"GREETING CARD, STICKY GORDON",2.2800000000000002,3.1207226936764307
79337,259.96,BLUE FLOCK GLASS CANDLEHOLDER,2.2800000000000002,0.8694325808419772
21088,422.89,SET/6 FRUIT SALAD PAPER CUPS,2.2800000000000002,0.5362560858009738
20751,2039.42,FUNKY WASHING UP GLOVES ASSORTED,2.1,0.10286453230925977
85170B,316.75,SET/6 BLACK BIRD T-LIGHT CANDLES,2.1,0.6586169045005488
20754,3088.86,RETROSPOT RED WASHING UP GLOVES,2.1,0.06794005745787716
20830,409.83,SILVER PHOTO FRAME,2.1,0.5097953535794917
21417,513.49,COCKLE SHELL DISH,2.1,0.4073003743284393
22878,204.19,NUMBER TILE COTTAGE GARDEN NO,2.1,1.0179843909060062
22378,3565.04,WALL TIDY RETROSPOT,2.1,0.05887069192686579
21647,224.70000000000002,ASSORTED TUTTI FRUTTI LARGE PURSE,2.1,0.9259259259259258
23419,979.45,HOME SWEET HOME BOTTLE,2.08,0.21191405255060977
22066,1038.57,LOVE HEART TRINKET POT,1.9500000000000002,0.18740629685157423
84927F,175.15,PSYCHEDELIC TILE HOOK,1.9500000000000002,1.1010728402032752
84857C,232.32999999999998,PINK MONTE CARLO HANDBAG,1.95,0.8323373740822948
22877,138.10999999999999,NUMBER TILE COTTAGE GARDEN 9,1.95,1.3922604598029418
22882,209.79999999999998,NUMBER TILE VINTAGE FONT 3,1.95,0.9208972845336483
22885,156.26,NUMBER TILE VINTAGE FONT 6,1.95,1.2325390304026296
20705,383.5,MRS ROBOT SOFT TOY,1.95,0.5059021922428331
22471,1364.94,TV DINNER TRAY AIR HOSTESS,1.95,0.14265961416061276
22869,246.14,NUMBER TILE COTTAGE GARDEN 1,1.95,0.7860050788020477
22789,1621.69,T-LIGHT HOLDER SWEETHEART HANGING,1.95,0.12010051489246384
22883,183.22,NUMBER TILE VINTAGE FONT 4,1.95,1.0530863530809527
84906,123.02,PINK B'FLY C/COVER W BOBBLES,1.95,1.5603744898775707
22131,3850.21,FOOD CONTAINER SET 3 LOVE HEART,1.95,0.05062095032397409
21033,4851.73,JUMBO BAG CHARLIE AND LOLA TOYS,1.79,0.03688044965303533
17129F,552.1999999999999,BLUE GLASS GEMS IN BAG,1.7,0.3069146055244629
23285,4560.150000000001,PINK VINTAGE SPOT BEAKER,1.7,0.037265583041967615
22581,966.56,WOOD STOCKING CHRISTMAS SCANDISPOT,1.7,0.17557267676037427
21385,3401.8599999999997,IVORY HANGING DECORATION  HEART,1.7,0.049947701818096345
21422,1295.0,PORCELAIN ROSE SMALL,1.7,0.1311020282254955
22228,766.4699999999999,BUNNY WOODEN PAINTED WITH BIRD,1.7,0.2213051798430035
22229,431.28999999999996,BUNNY WOODEN PAINTED WITH FLOWER,1.7,0.3926187671770711
84849B,478.83,FAIRY SOAP SOAP HOLDER,1.69,0.3517023224839757
22152,1040.48,PLACE SETTING WHITE STAR,1.68,0.1612036539494895
23280,1454.72,FOLDING BUTTERFLY MIRROR HOT PINK,1.66,0.11398124115958747
22195,3519.66,LARGE HEART MEASURING SPOONS,1.65,0.04685756153249784
85025B,545.2399999999999,EAU DE NILE HEART SHAPE PHOTO FRAME,1.65,0.30170601034943045
22906,2732.18,12 MESSAGE CARDS WITH ENVELOPES,1.65,0.060354886733995895
85025C,520.91,PINK HEART SHAPE PHOTO FRAME,1.65,0.3157532149418249
21319,175.78,GLASS CHALICE GREEN  SMALL,1.65,0.9299442033477991
85039C,262.51,S/4 BLACK MINI ROSE CANDLE IN BOWL,1.65,0.6246214415505755
85024C,19.799999999999997,PINK SMALL JEWELLED PHOTOFRAME,1.65,7.6923076923076925
22296,5158.66,HEART IVORY TRELLIS LARGE,1.65,0.03197482321798497
85039A,1098.33,SET/4 RED MINI ROSE CANDLE IN BOWL,1.65,0.15000272732231493
21584,1670.75,RETROSPOT SMALL TUBE MATCHES,1.65,0.09866060751016503
21935,5962.67,SUKI  SHOULDER BAG,1.65,0.02766451162915471
22331,2937.23,WOODLAND PARTY BAG + STICKER SET,1.65,0.05614383710801393
85211,175.16,S/4 GROOVY CAT MAGNETS,1.58,0.89396854136019
37327,840.0799999999999,ASSTD MULTICOLOUR CIRCLES MUG,1.56,0.18535240720498078
46000M,1542.25,POLYESTER FILLER PAD 45X45CM,1.55,0.10040160642570282
47574A,665.2,ENGLISH ROSE SCENTED HANGING FLOWER,1.5,0.22498875056247186
22136,672.6999999999999,LOVE HEART SOCK HANGER,1.45,0.2150856634280205
21973,230.54999999999998,SET OF 36 MUSHROOM PAPER DOILIES,1.45,0.625
21248,310.41999999999996,DOOR HANGER  MUM + DADS ROOM,1.45,0.46493731362426655
22671,1579.0499999999997,FRENCH LAUNDRY SIGN BLUE METAL,1.45,0.09174311926605505
47013C,12.969999999999999,WINE BOTTLE DRESSING DARK BLUE,1.44,9.993060374739764
22608,1080.26,PENS ASSORTED FUNKY JEWELED,1.33,0.12296711323144631
22820,566.7900000000001,GIFT BAG BIRTHDAY,1.3,0.22883698005597705
21383,736.58,PACK OF 12 STICKY BUNNIES,1.3,0.1761804087385483
22227,1658.42,HANGING HEART MIRROR DECORATION,1.3,0.07832646470488998
79190A,159.29,RETRO PLASTIC 70'S TRAY,1.26,0.784802242292121
22999,1204.84,TRAVEL CARD WALLET RETRO PETALS,1.26,0.10446894950667443
23100,2593.33,SILVER BELLS TABLE DECORATION,1.25,0.048177354330951445
22977,1239.06,DOLLY GIRL CHILDRENS EGG CUP,1.25,0.10078125629882852
20707,465.93,CRAZY DAISY HEART DECORATION,1.25,0.26756282375101675
85169D,356.08,PINK LOVE BIRD CANDLE,1.25,0.34981669605126914
22477,1950.68,WATERING CAN GARDEN MARKER,1.25,0.06403918173295149
22053,3606.4199999999996,EMPIRE DESIGN ROSETTE,1.25,0.03464840187711182
21648,975.41,ASSORTED TUTTI FRUTTI SMALL PURSE,1.25,0.1279872217557799
22975,1588.74,SPACEBOY CHILDRENS EGG CUP,1.25,0.07861684664683426
22563,2953.21,HAPPY STENCIL CRAFT,1.25,0.04230891601172465
22279,953.92,POCKET BAG BLUE PAISLEY RED SPOT,1.25,0.13086675670299527
21774,1125.34,DECORATIVE CATS BATHROOM BOTTLE,1.25,0.11095429570651258
21163,680.55,DO NOT TOUCH MY STUFF DOOR HANGER,1.25,0.1833382223525961
21718,2083.55,RED METAL BEACH SPADE,1.25,0.059957789716039905
84510A,1680.92,SET OF 4 ENGLISH ROSE COASTERS,1.25,0.07430877973094277
21447,1478.1,12 IVORY ROSE PEG PLACE SETTINGS,1.25,0.08449656943928077
85036A,730.93,GARDENIA 1 WICK MORRIS BOXED CANDLE,1.25,0.17072304624545878
22316,738.62,200 BENDY SKULL STRAWS,1.25,0.16894859907821644
22954,241.38,HEN PARTY CORDON BARRIER TAPE,1.25,0.5151877344104191
10135,2107.75,COLOURING PENCILS BROWN TUBE,1.25,0.05926979611190138
21456,207.22,2 PICTURE BOOK EGGS EASTER CHICKS,1.25,0.5996066580323308
23370,1995.99,SET 36 COLOUR PENCILS DOILEY,1.25,0.06258636918948149
23264,2423.3,SET OF 3 WOODEN SLEIGH DECORATIONS,1.25,0.05155595883772246
22757,995.59,LARGE RED BABUSHKA NOTEBOOK,1.25,0.12539625215681555
22409,295.97,MONEY BOX BISCUITS DESIGN,1.25,0.4205638920664827
23567,270.61,EGG CUP HENRIETTA HEN PINK,1.25,0.45979548296917533
35921,133.23,EASTER BUNNY HANGING GARLAND,1.25,0.9295062462819751
22406,352.7,MONEY BOX KINGS CHOICE DESIGN,1.25,0.3531572255968357
37340,1650.56,MULTICOLOUR SPRING FLOWER MUG,1.17,0.07083482167182287
21736,137.22000000000003,GOLD SCROLL GLASS T-LIGHT HOLDER,1.17,0.8454368090179925
21015,519.2099999999999,DARK BIRD HOUSE TREE DECORATION,1.16,0.22291830812690974
22560,8500.36,TRADITIONAL MODELLING CLAY,1.06,0.012468505261473967
22405,371.75,MONEY BOX POCKET MONEY DESIGN,1.06,0.2843271371476087
23398,470.84,HANGING HEART BONHEUR,0.85,0.18020309949331126
72140E,26.349999999999998,BEST DAD CANDLE LETTERS,0.85,3.125
85213,330.54999999999995,MINI  ZINC GARDEN DECORATIONS,0.85,0.2564876282438141
21722,90.64,SWEET PUDDING STICKER SHEET,0.85,0.9290632856049842
85176,825.06,SEWING SUSAN 21 NEEDLE SET,0.85,0.10291678270029421
85177,631.9499999999999,BASKET OF FLOWERS SEWING KIT,0.85,0.13432364096080912
84006,784.0999999999999,MAGIC TREE -PAPER FLOWERS,0.85,0.10828715204790115
20832,520.8299999999999,RED FLOCK LOVE HEART PHOTO FRAME,0.85,0.16293513264836681
22594,1772.6299999999999,CHRISTMAS GINGHAM TREE,0.85,0.0479283668268038
84971S,1497.24,SMALL HEART FLOWERS HOOK,0.85,0.05673891421743687
35961,2561.45,FOLKART ZINC HEART CHRISTMAS DEC,0.85,0.033173320844553725
21389,952.3299999999999,IVORY HANGING DECORATION  BIRD,0.85,0.0891751820222833
21520,213.35999999999999,BOOZE & WOMEN GREETING CARD,0.84,0.39215686274509803
22489,3891.2799999999997,PACK OF 12 TRADITIONAL CRAYONS,0.84,0.02158206838432525
22534,1824.5,MAGIC DRAWING SLATE SPACEBOY,0.84,0.046018823890343716
23508,1132.88,MINI PLAYING CARDS DOLLY GIRL,0.84,0.07409236848604593
22547,295.12,MINI JIGSAW DINOSAUR,0.84,0.28382213812677387
22421,1299.51,LIPSTICK PEN FUSCHIA,0.84,0.06459799284807936
62043B,14.11,BLUE CHECK BAG W HANDLE 34X20CM,0.83,5.555555555555555
23375,1066.29,50'S CHRISTMAS PAPER GIFT BAG,0.82,0.07684306210231373
84751B,37.11,BLACK MEDIUM GLASS CAKE STAND,0.79,2.0844327176781006
85160B,62.239999999999995,BLACK BIRD GARDEN DESIGN MUG,0.78,1.2377023167248493
35598D,461.81,PINK/WHITE CHRISTMAS TREE 60CM,0.65,0.14055269644942267
51020A,116.32999999999998,SUMMER FUN DESIGN SHOWER CAP,0.58,0.4961081173552305
22338,1071.5600000000002,STAR DECORATION PAINTED ZINC,0.5700000000000001,0.05316519451932135
47422,245.76,ASSORTED MONKEY SUCTION CUP HOOK,0.42,0.17060687301974167
21503,288.92,TOYBOX  WRAP,0.42,0.1451579456694546
44234,153.93,ASSORTED CIRCULAR MOBILE,0.42,0.27210884353741494
84228,124.08999999999999,HEN HOUSE W CHICK STANDING,0.42,0.3373223034294434
21802,919.14,CHRISTMAS TREE HEART DECORATION,0.42,0.045674018008612816
22540,911.89,MINI JIGSAW CIRCUS PARADE,0.42,0.04603698304304458
22545,399.90999999999997,MINI JIGSAW BUNNIES,0.42,0.10491344640671448
22546,773.29,MINI JIGSAW PURDEY,0.42,0.05428390482222022
16258A,145.82,SWIRLY CIRCULAR RUBBERS IN BAG,0.42,0.2871991247264771
23005,2046.1299999999999,TRAVEL CARD WALLET I LOVE LONDON,0.42,0.020522342478805796
21982,2156.91,PACK OF 12 SUKI TISSUES,0.39,0.018078153247114453
79030D,350.22999999999996,"TUMBLER, BAROQUE",0.39,0.11123153271347899
22400,710.91,MAGNETS PACK OF 4 HOME SWEET HOME,0.39,0.05482918599746942
84927A,70.45,WAKE UP COCKEREL TILE HOOK,0.39,0.5505364201016375
35923,681.16,CANDY HEART HANGING DECORATION,0.39,0.057222507519624384
84750B,54.99,BLACK SMALL GLASS CAKE STAND,0.39,0.7042253521126761
51020B,70.57,STRIPY DESIGN SHOWER CAP,0.29,0.4092576912221281
23185,112.24,FRENCH STYLE STORAGE JAR JAM,0.29,0.2577090553630143
16235,678.6,RECYCLED PENCIL WITH RABBIT ERASER,0.21,0.03093649180182967
21883,716.32,STARS GIFT TAPE,0.19,0.026517424739361625
85204,324.4,HANGING WOOD AND FELT FLOWER,0.12,0.03697769012695674
