CustomerID,cohort_month,first_order_ts,last_order_ts,orders,lifetime_revenue,recency,frequency,monetary,R,F,M,FM,segment,t12_revenue
12346,2010-03-01,2010-03-02 13:08:00,2010-06-28 13:53:00,2,169.35999999999996,529,2,169.35999999999996,1,2,1,2,Lost,0.0
12347,2010-10-01,2010-10-31 14:20:00,2011-12-07 15:52:00,8,4921.53,2,8,4921.53,5,4,5,4,Champions,3598.21
12348,2010-09-01,2010-09-27 14:59:00,2011-09-25 13:13:00,5,1658.4,75,5,1658.4,3,4,4,4,Loyal,1437.24
12349,2010-04-01,2010-04-29 13:20:00,2011-11-21 09:51:00,3,3678.6899999999996,18,3,3678.6899999999996,5,3,5,4,Champions,1457.55
12350,2011-02-01,2011-02-02 16:01:00,2011-02-02 16:01:00,1,294.40000000000003,310,1,294.40000000000003,2,1,2,2,Hibernating,294.40000000000003
12351,2010-11-01,2010-11-29 15:23:00,2010-11-29 15:23:00,1,300.93,375,1,300.93,2,1,2,2,Hibernating,0.0
12352,2010-11-01,2010-11-12 10:20:00,2011-11-03 14:37:00,9,1729.54,36,9,1729.54,4,5,4,4,Champions,1385.74
12353,2010-10-01,2010-10-27 12:44:00,2011-05-19 17:47:00,2,406.75999999999993,204,2,406.75999999999993,2,2,2,2,Hibernating,89.0
12354,2011-04-01,2011-04-21 13:11:00,2011-04-21 13:11:00,1,1079.4,232,1,1079.4,2,1,3,2,Hibernating,1079.4
12355,2010-05-01,2010-05-21 11:59:00,2011-05-09 13:49:00,2,947.6099999999999,214,2,947.6099999999999,2,2,3,2,Hibernating,459.4
12356,2010-10-01,2010-10-11 09:42:00,2011-11-17 08:40:00,6,5611.7300000000005,22,6,5611.7300000000005,4,4,5,4,Champions,2487.4300000000003
12357,2010-11-01,2010-11-16 10:05:00,2011-11-06 16:07:00,2,17437.65999999999,33,2,17437.65999999999,4,2,5,4,Champions,6207.669999999996
12358,2009-12-01,2009-12-08 07:59:00,2011-12-08 10:26:00,5,3447.0700000000006,1,5,3447.0700000000006,5,4,5,4,Champions,928.06
12359,2009-12-01,2009-12-05 13:32:00,2011-10-13 12:47:00,10,8873.39,57,10,8873.39,4,5,5,5,Champions,6310.03
12360,2010-02-01,2010-02-22 09:32:00,2011-10-18 15:22:00,6,3612.89,52,6,3612.89,4,4,5,4,Champions,2302.06
12361,2010-01-01,2010-01-26 14:37:00,2011-02-25 13:51:00,4,451.25,287,4,451.25,2,3,2,2,Hibernating,174.89999999999998
12362,2011-02-01,2011-02-17 10:30:00,2011-12-06 15:40:00,10,4737.2300000000005,3,10,4737.2300000000005,5,5,5,5,Champions,4737.2300000000005
12363,2011-04-01,2011-04-11 13:29:00,2011-08-22 10:18:00,2,552.0,109,2,552.0,3,2,2,2,Need Attention,552.0
12364,2011-08-01,2011-08-19 15:24:00,2011-12-02 10:22:00,4,1208.1,7,4,1208.1,5,3,4,4,Champions,1208.1
12365,2011-02-01,2011-02-21 13:51:00,2011-02-21 13:51:00,1,320.69,291,1,320.69,2,1,2,2,Hibernating,320.69
12366,2010-03-01,2010-03-16 10:28:00,2010-03-16 10:28:00,1,500.24,633,1,500.24,1,1,2,2,Lost,0.0
12367,2011-12-01,2011-12-05 16:48:00,2011-12-05 16:48:00,1,150.9,4,1,150.9,5,1,1,1,New & Promising,150.9
12368,2010-03-01,2010-03-21 15:56:00,2010-03-21 15:56:00,1,917.6999999999999,628,1,917.6999999999999,1,1,3,2,Lost,0.0
12369,2010-03-01,2010-03-08 08:09:00,2010-10-22 13:13:00,3,1511.1500000000005,413,3,1511.1500000000005,1,3,4,4,At Risk – High Value,0.0
12370,2010-02-01,2010-02-09 09:41:00,2011-10-19 14:51:00,7,3956.56,51,7,3956.56,4,4,5,4,Champions,3421.94
12371,2010-03-01,2010-03-04 18:23:00,2011-10-11 10:43:00,4,3347.38,59,4,3347.38,3,3,5,4,Loyal,1527.9600000000003
12372,2011-02-01,2011-02-16 12:46:00,2011-09-29 12:12:00,3,1196.04,71,3,1196.04,3,3,3,3,Loyal,1196.04
12373,2010-02-01,2010-02-04 12:08:00,2011-02-01 13:10:00,3,927.65,311,3,927.65,2,3,3,3,At Risk,324.6
12374,2010-04-01,2010-04-30 14:01:00,2011-11-14 15:37:00,3,2669.2200000000003,25,3,2669.2200000000003,4,3,4,4,Champions,622.93
12375,2011-09-01,2011-09-02 14:23:00,2011-11-29 10:36:00,2,377.50000000000006,10,2,377.50000000000006,5,2,2,2,New & Promising,377.50000000000006
12376,2010-10-01,2010-10-18 08:42:00,2010-11-15 12:15:00,2,383.15,389,2,383.15,2,2,2,2,Hibernating,0.0
12377,2010-04-01,2010-04-29 15:34:00,2011-01-28 15:45:00,4,3266.3199999999997,315,4,3266.3199999999997,2,3,5,4,At Risk – High Value,1548.1199999999997
12378,2010-05-01,2010-05-26 14:07:00,2011-08-02 10:34:00,2,5416.3200000000015,129,2,5416.3200000000015,3,2,5,4,Loyal,4008.6200000000013
12379,2010-06-01,2010-06-23 12:49:00,2011-09-19 10:09:00,4,1470.22,81,4,1470.22,3,3,4,4,Loyal,777.24
12380,2010-02-01,2010-02-15 12:05:00,2011-11-18 11:27:00,8,7210.650000000001,21,8,7210.650000000001,4,4,5,4,Champions,2427.81
12381,2011-08-01,2011-08-12 09:57:00,2011-12-05 12:44:00,3,1474.81,4,3,1474.81,5,3,4,4,Champions,1474.81
12383,2010-12-01,2010-12-22 14:28:00,2011-06-08 08:02:00,5,1628.56,184,5,1628.56,3,4,4,4,Loyal,1628.56
12384,2011-08-01,2011-08-10 11:23:00,2011-11-11 08:39:00,2,425.27,28,2,425.27,4,2,2,2,New & Promising,425.27
12385,2010-11-01,2010-11-25 15:14:00,2010-11-25 15:14:00,1,1668.3999999999999,379,1,1668.3999999999999,2,1,4,2,Hibernating,0.0
12386,2010-12-01,2010-12-08 09:53:00,2011-01-06 12:37:00,2,401.90000000000003,337,2,401.90000000000003,2,2,2,2,Hibernating,143.0
12387,2010-10-01,2010-10-20 16:27:00,2010-10-20 16:27:00,1,143.94,415,1,143.94,1,1,1,1,Lost,0.0
12388,2010-05-01,2010-05-06 12:54:00,2011-11-24 12:30:00,8,3901.1100000000006,15,8,3901.1100000000006,5,4,5,4,Champions,2780.6600000000003
12389,2010-02-01,2010-02-22 10:15:00,2010-11-02 11:52:00,3,1433.3299999999997,402,3,1433.3299999999997,2,3,4,4,At Risk – High Value,0.0
12390,2011-09-01,2011-09-21 09:33:00,2011-09-21 09:33:00,1,504.84,79,1,504.84,3,1,2,2,Need Attention,504.84
12391,2010-02-01,2010-02-15 10:12:00,2011-11-18 12:07:00,6,2724.84,21,6,2724.84,4,4,4,4,Champions,439.65999999999997
12392,2010-04-01,2010-04-27 14:04:00,2010-04-27 14:04:00,1,234.75000000000003,591,1,234.75000000000003,1,1,1,1,Lost,0.0
12393,2010-10-01,2010-10-07 13:49:00,2011-09-28 15:41:00,6,2399.45,72,6,2399.45,3,4,4,4,Loyal,1582.6
12394,2011-05-01,2011-05-06 14:01:00,2011-10-07 08:08:00,2,1080.48,63,2,1080.48,3,2,3,2,Need Attention,1080.48
12395,2010-04-01,2010-04-16 10:16:00,2011-11-20 15:21:00,15,4241.17,19,15,4241.17,5,5,5,5,Champions,2372.53
12396,2010-02-01,2010-02-03 13:22:00,2010-02-03 13:22:00,1,931.4300000000006,674,1,931.4300000000006,1,1,3,2,Lost,0.0
12397,2011-07-01,2011-07-27 14:21:00,2011-11-04 09:52:00,2,2214.8999999999996,35,2,2214.8999999999996,4,2,4,3,Loyal,2214.8999999999996
12398,2011-10-01,2011-10-25 10:27:00,2011-10-25 10:27:00,1,1435.6599999999999,45,1,1435.6599999999999,4,1,4,2,New & Promising,1435.6599999999999
12399,2010-03-01,2010-03-05 08:45:00,2011-08-12 13:15:00,7,1842.2999999999997,119,7,1842.2999999999997,3,4,4,4,Loyal,1033.65
12400,2010-10-01,2010-10-21 13:45:00,2010-10-21 13:45:00,1,205.25,414,1,205.25,1,1,1,1,Lost,0.0
12401,2011-02-01,2011-02-09 13:50:00,2011-02-09 13:50:00,1,69.3,303,1,69.3,2,1,1,1,Hibernating,69.3
12402,2010-02-01,2010-02-07 12:41:00,2011-01-20 13:49:00,6,1136.9,323,6,1136.9,2,4,3,4,At Risk – High Value,195.6
12403,2010-07-01,2010-07-06 11:39:00,2011-10-21 10:51:00,2,947.3600000000001,49,2,947.3600000000001,4,2,3,2,New & Promising,391.7
12405,2011-07-01,2011-07-14 08:52:00,2011-07-14 08:52:00,1,1390.3900000000006,148,1,1390.3900000000006,3,1,4,2,Need Attention,1390.3900000000006
12406,2010-01-01,2010-01-11 14:04:00,2011-11-17 19:22:00,5,6390.360000000001,22,5,6390.360000000001,4,4,5,4,Champions,3415.3
12407,2011-03-01,2011-03-20 13:21:00,2011-10-21 10:11:00,5,1507.12,49,5,1507.12,4,4,4,4,Champions,1507.12
12408,2010-07-01,2010-07-29 13:27:00,2011-11-07 12:27:00,8,3905.7699999999995,32,8,3905.7699999999995,4,4,5,4,Champions,2618.55
12409,2010-05-01,2010-05-23 15:21:00,2011-09-22 10:38:00,7,23419.29,78,7,23419.29,3,4,5,4,Loyal,11072.67
12410,2010-07-01,2010-07-25 13:26:00,2011-02-04 10:39:00,3,773.71,308,3,773.71,2,3,3,3,At Risk,533.3299999999999
12411,2010-10-01,2010-10-26 09:25:00,2010-10-26 09:25:00,1,346.9,409,1,346.9,1,1,2,2,Lost,0.0
12412,2010-06-01,2010-06-18 13:22:00,2011-09-26 10:16:00,6,2404.93,74,6,2404.93,3,4,4,4,Loyal,1142.88
12413,2010-11-01,2010-11-02 13:26:00,2011-10-04 09:00:00,4,871.45,66,4,871.45,3,3,3,3,Loyal,686.1
12414,2010-09-01,2010-09-02 12:22:00,2011-05-06 14:51:00,4,532.4100000000001,217,4,532.4100000000001,2,3,2,2,Hibernating,442.41
12415,2010-06-01,2010-06-30 08:30:00,2011-11-15 14:22:00,24,144033.37,24,24,144033.37,4,5,5,5,Champions,124564.53
12416,2010-02-01,2010-02-21 10:19:00,2010-02-21 10:19:00,1,202.56,656,1,202.56,1,1,1,1,Lost,0.0
12417,2009-12-01,2009-12-06 10:30:00,2011-12-06 14:52:00,20,5998.41,3,20,5998.41,5,5,5,5,Champions,3226.1
12418,2010-03-01,2010-03-19 14:47:00,2011-08-19 11:08:00,4,2021.1999999999998,112,4,2021.1999999999998,3,3,4,4,Loyal,668.5799999999997
12419,2010-10-01,2010-10-22 10:40:00,2010-11-19 10:04:00,2,391.01,385,2,391.01,2,2,2,2,Hibernating,0.0
12420,2011-10-01,2011-10-07 08:55:00,2011-10-07 08:55:00,1,600.3900000000001,63,1,600.3900000000001,3,1,2,2,Need Attention,600.3900000000001
12421,2010-07-01,2010-07-22 13:57:00,2011-11-24 09:07:00,6,874.6,15,6,874.6,5,4,3,4,Champions,639.0400000000001
12422,2009-12-01,2009-12-18 12:44:00,2011-09-05 09:48:00,12,3639.3500000000004,95,12,3639.3500000000004,3,5,5,5,Loyal,683.56
12423,2010-08-01,2010-08-31 09:31:00,2011-12-09 10:10:00,10,2301.3900000000003,0,10,2301.3900000000003,5,5,4,4,Champions,1634.3100000000002
12424,2010-06-01,2010-06-09 15:15:00,2011-06-30 12:06:00,4,3340.0300000000007,162,4,3340.0300000000007,3,3,5,4,Loyal,1760.9600000000003
12425,2010-09-01,2010-09-17 14:10:00,2011-09-22 17:31:00,2,1741.41,78,2,1741.41,3,2,4,3,Loyal,777.1999999999999
12426,2010-02-01,2010-02-15 08:41:00,2011-05-29 12:26:00,2,1201.21,194,2,1201.21,2,2,3,2,Hibernating,510.7299999999999
12427,2010-12-01,2010-12-03 10:44:00,2011-11-18 08:56:00,3,699.8,21,3,699.8,4,3,3,3,Loyal,450.29999999999995
12428,2011-03-01,2011-03-01 09:33:00,2011-11-14 08:22:00,8,6405.259999999999,25,8,6405.259999999999,4,4,5,4,Champions,6405.259999999999
12429,2010-06-01,2010-06-11 13:28:00,2011-11-30 17:22:00,8,5842.410000000002,9,8,5842.410000000002,5,4,5,4,Champions,2250.9
12430,2011-10-01,2011-10-27 15:09:00,2011-10-27 15:09:00,1,216.4,43,1,216.4,4,1,1,1,New & Promising,216.4
12431,2010-01-01,2010-01-15 09:04:00,2011-11-04 11:55:00,25,10102.220000000001,35,25,10102.220000000001,4,5,5,5,Champions,5956.7
12432,2011-06-01,2011-06-20 13:27:00,2011-10-28 11:43:00,4,4359.320000000001,42,4,4359.320000000001,4,3,5,4,Champions,4359.320000000001
12433,2010-08-01,2010-08-20 09:23:00,2011-12-09 10:02:00,10,16794.140000000003,0,10,16794.140000000003,5,5,5,5,Champions,9588.750000000002
12434,2010-11-01,2010-11-23 13:38:00,2011-09-16 12:38:00,3,1103.4299999999998,84,3,1103.4299999999998,3,3,3,3,Loyal,806.1399999999999
12435,2009-12-01,2009-12-02 13:58:00,2011-09-21 09:06:00,6,13925.929999999998,79,6,13925.929999999998,3,4,5,4,Loyal,7829.889999999999
12436,2011-09-01,2011-09-01 12:09:00,2011-09-01 12:09:00,1,429.01000000000005,99,1,429.01000000000005,3,1,2,2,Need Attention,429.01000000000005
12437,2009-12-01,2009-12-02 16:24:00,2011-12-08 11:35:00,38,11282.400000000001,1,38,11282.400000000001,5,5,5,5,Champions,4447.41
12438,2011-07-01,2011-07-22 13:29:00,2011-11-25 13:28:00,2,2466.85,14,2,2466.85,5,2,4,3,Loyal,2466.85
12439,2009-12-01,2009-12-14 08:40:00,2010-01-26 12:11:00,2,1142.88,682,2,1142.88,1,2,3,2,Lost,0.0
12440,2009-12-01,2009-12-22 12:03:00,2010-09-03 13:11:00,2,739.2,462,2,739.2,1,2,3,2,Lost,0.0
12441,2010-12-01,2010-12-08 10:45:00,2010-12-08 10:45:00,1,155.55,366,1,155.55,2,1,1,1,Hibernating,0.0
12442,2011-12-01,2011-12-06 14:22:00,2011-12-06 14:22:00,1,144.06,3,1,144.06,5,1,1,1,New & Promising,144.06
12443,2009-12-01,2009-12-07 15:42:00,2009-12-07 15:42:00,1,365.31000000000006,732,1,365.31000000000006,1,1,2,2,Lost,0.0
12444,2011-06-01,2011-06-21 14:00:00,2011-11-18 13:23:00,5,4085.46,21,5,4085.46,4,4,5,4,Champions,4085.4599999999996
12445,2010-10-01,2010-10-15 12:28:00,2011-11-17 18:43:00,2,378.98,22,2,378.98,4,2,2,2,New & Promising,77.4
12446,2011-10-01,2011-10-13 12:50:00,2011-10-13 12:50:00,1,1002.3099999999998,57,1,1002.3099999999998,4,1,3,2,New & Promising,1002.3099999999998
12447,2011-04-01,2011-04-10 13:25:00,2011-04-10 13:25:00,1,431.49,243,1,431.49,2,1,2,2,Hibernating,431.49
12448,2011-10-01,2011-10-26 13:46:00,2011-10-26 13:46:00,1,365.4500000000001,44,1,365.4500000000001,4,1,2,2,New & Promising,365.4500000000001
12449,2010-09-01,2010-09-27 09:37:00,2011-11-17 13:46:00,5,4274.889999999999,22,5,4274.889999999999,4,4,5,4,Champions,3596.29
12450,2010-08-01,2010-08-22 13:11:00,2011-07-06 14:41:00,5,688.2,156,5,688.2,3,4,3,4,Loyal,197.88
12451,2010-06-01,2010-06-28 12:58:00,2011-11-29 08:40:00,8,12629.88,10,8,12629.88,5,4,5,4,Champions,8995.519999999999
12452,2011-11-01,2011-11-23 08:05:00,2011-11-23 08:05:00,1,348.57000000000005,16,1,348.57000000000005,5,1,2,2,New & Promising,348.57000000000005
12453,2011-07-01,2011-07-28 14:08:00,2011-07-28 14:08:00,1,707.0899999999999,134,1,707.0899999999999,3,1,3,2,Need Attention,707.0899999999999
12454,2010-10-01,2010-10-14 17:33:00,2011-10-14 17:13:00,4,16459.78,56,4,16459.78,4,3,5,4,Champions,3528.34
12455,2009-12-01,2009-12-18 12:33:00,2011-09-27 15:31:00,9,5722.949999999999,73,9,5722.949999999999,3,5,5,5,Loyal,2339.8599999999997
12456,2011-03-01,2011-03-30 09:12:00,2011-10-26 14:41:00,3,2581.04,44,3,2581.04,4,3,4,4,Champions,2581.04
12457,2010-09-01,2010-09-30 17:59:00,2011-10-04 13:13:00,7,2555.91,66,7,2555.91,3,4,4,4,Loyal,2043.23
12458,2010-08-01,2010-08-09 10:33:00,2011-09-29 15:25:00,4,1502.4900000000002,71,4,1502.4900000000002,3,3,4,4,Loyal,787.4000000000001
12459,2010-04-01,2010-04-13 14:53:00,2010-04-13 14:53:00,1,398.3599999999999,605,1,398.3599999999999,1,1,2,2,Lost,0.0
12460,2010-09-01,2010-09-09 13:51:00,2010-09-09 13:51:00,1,296.65,456,1,296.65,1,1,2,2,Lost,0.0
12461,2011-07-01,2011-07-08 10:23:00,2011-07-08 10:23:00,1,626.8800000000001,154,1,626.8800000000001,3,1,3,2,Need Attention,626.8800000000001
12462,2011-02-01,2011-02-09 14:44:00,2011-11-21 09:11:00,2,937.5899999999999,18,2,937.5899999999999,5,2,3,2,New & Promising,937.5899999999999
12463,2011-04-01,2011-04-12 12:47:00,2011-10-17 13:44:00,4,1200.7800000000002,53,4,1200.7800000000002,4,3,3,3,Loyal,1200.7800000000002
12464,2011-02-01,2011-02-03 13:30:00,2011-11-29 13:33:00,8,957.05,10,8,957.05,5,4,3,4,Champions,957.05
12465,2011-06-01,2011-06-23 13:37:00,2011-11-22 16:34:00,2,682.19,17,2,682.19,5,2,3,2,New & Promising,682.19
12467,2010-10-01,2010-10-12 15:41:00,2010-10-12 15:41:00,1,132.79999999999998,423,1,132.79999999999998,1,1,1,1,Lost,0.0
12468,2010-01-01,2010-01-26 10:09:00,2011-06-05 11:36:00,5,3238.74,187,5,3238.74,2,4,5,4,At Risk – High Value,657.54
12469,2010-06-01,2010-06-21 10:30:00,2010-07-05 12:40:00,2,3070.54,522,2,3070.54,1,2,5,4,At Risk – High Value,0.0
12470,2010-01-01,2010-01-19 11:01:00,2010-01-19 11:01:00,1,211.95000000000002,689,1,211.95000000000002,1,1,1,1,Lost,0.0
12471,2009-12-01,2009-12-07 10:41:00,2011-12-07 15:43:00,71,35099.9,2,71,35099.9,5,5,5,5,Champions,17388.649999999998
12472,2009-12-01,2009-12-14 10:49:00,2011-11-07 14:01:00,19,14971.29,32,19,14971.29,4,5,5,5,Champions,4544.8099999999995
12473,2011-06-01,2011-06-01 10:15:00,2011-10-17 11:27:00,3,2585.73,53,3,2585.73,4,3,4,4,Champions,2585.73
12474,2010-02-01,2010-02-11 09:41:00,2011-11-22 14:39:00,29,11310.75,17,29,11310.75,5,5,5,5,Champions,6694.09
12475,2010-10-01,2010-10-26 08:49:00,2011-10-17 10:10:00,2,1065.64,53,2,1065.64,4,2,3,2,New & Promising,669.38
12476,2010-07-01,2010-07-26 09:04:00,2011-11-24 12:40:00,18,12319.91,15,18,12319.91,5,5,5,5,Champions,5898.42
12477,2010-03-01,2010-03-26 14:01:00,2011-11-17 09:51:00,9,20276.37,22,9,20276.37,4,5,5,5,Champions,13219.74
12478,2011-12-01,2011-12-06 09:56:00,2011-12-06 09:56:00,1,545.99,3,1,545.99,5,1,2,2,New & Promising,545.99
12479,2011-11-01,2011-11-28 13:26:00,2011-11-28 13:26:00,1,473.2,11,1,473.2,5,1,2,2,New & Promising,473.2
12480,2010-07-01,2010-07-20 13:21:00,2011-11-11 14:52:00,7,4834.85,28,7,4834.85,4,4,5,4,Champions,2885.63
12481,2010-04-01,2010-04-11 13:10:00,2011-11-17 08:29:00,14,11033.509999999998,22,14,11033.509999999998,4,5,5,5,Champions,4862.44
12482,2010-02-01,2010-02-24 10:24:00,2010-05-12 16:51:00,27,21941.72,576,27,21941.72,1,5,5,5,At Risk – High Value,0.0
12483,2010-01-01,2010-01-31 13:28:00,2011-11-22 17:02:00,19,4069.1800000000003,17,19,4069.1800000000003,5,5,5,5,Champions,1910.98
12484,2010-01-01,2010-01-27 16:41:00,2011-11-04 15:18:00,9,5557.1,35,9,5557.1,4,5,5,5,Champions,3939.3199999999997
12485,2010-06-01,2010-06-28 15:22:00,2010-06-28 15:22:00,1,708.0999999999999,529,1,708.0999999999999,1,1,3,2,Lost,0.0
12486,2010-10-01,2010-10-04 12:14:00,2010-10-04 12:14:00,1,917.2800000000001,431,1,917.2800000000001,1,1,3,2,Lost,0.0
12487,2009-12-01,2009-12-09 11:36:00,2009-12-09 11:36:00,1,285.29999999999995,730,1,285.29999999999995,1,1,2,2,Lost,0.0
12488,2011-09-01,2011-09-25 10:34:00,2011-11-30 08:50:00,3,1244.6599999999999,9,3,1244.6599999999999,5,3,4,4,Champions,1244.6599999999999
12489,2011-01-01,2011-01-07 13:13:00,2011-01-07 13:13:00,1,298.93,336,1,298.93,2,1,2,2,Hibernating,298.93
12490,2009-12-01,2009-12-01 12:52:00,2011-12-04 16:07:00,20,8764.64,5,20,8764.64,5,5,5,5,Champions,4859.93
12491,2011-11-01,2011-11-01 12:18:00,2011-11-01 12:18:00,1,424.4000000000001,38,1,424.4000000000001,4,1,2,2,New & Promising,424.4000000000001
12492,2010-11-01,2010-11-01 14:58:00,2011-10-07 15:15:00,3,607.21,63,3,607.21,3,3,3,3,Loyal,227.21
12493,2011-05-01,2011-05-26 14:53:00,2011-06-27 10:17:00,2,379.74,165,2,379.74,3,2,2,2,Need Attention,379.74
12494,2010-05-01,2010-05-12 13:52:00,2011-11-24 09:34:00,9,1563.27,15,9,1563.27,5,5,4,4,Champions,1044.5
12495,2010-03-01,2010-03-09 10:53:00,2010-03-09 10:53:00,1,277.4,640,1,277.4,1,1,1,1,Lost,0.0
12496,2010-03-01,2010-03-29 13:57:00,2010-03-29 14:06:00,2,45.339999999999996,620,2,45.339999999999996,1,2,1,2,Lost,0.0
12497,2010-03-01,2010-03-05 09:39:00,2011-09-19 12:29:00,3,5996.5,81,3,5996.5,3,3,5,4,Loyal,953.1
12498,2011-10-01,2011-10-13 09:30:00,2011-11-18 12:53:00,3,349.7,21,3,349.7,4,3,2,2,New & Promising,349.7
12499,2010-05-01,2010-05-28 15:12:00,2010-05-28 15:12:00,1,357.71999999999997,560,1,357.71999999999997,1,1,2,2,Lost,0.0
12500,2010-02-01,2010-02-04 15:05:00,2011-11-16 16:20:00,18,5559.210000000001,23,18,5559.210000000001,4,5,5,5,Champions,4059.8199999999997
12501,2011-01-01,2011-01-07 12:28:00,2011-01-07 12:28:00,1,2025.3899999999992,336,1,2025.3899999999992,2,1,4,2,Hibernating,2025.3899999999992
12502,2011-02-01,2011-02-03 10:41:00,2011-09-05 11:52:00,5,2995.87,95,5,2995.87,3,4,5,4,Loyal,2995.87
12503,2010-05-01,2010-05-04 13:59:00,2010-05-04 13:59:00,1,896.0,584,1,896.0,1,1,3,2,Lost,0.0
12504,2010-04-01,2010-04-22 10:24:00,2011-11-21 16:02:00,4,689.05,18,4,689.05,5,3,3,3,Loyal,428.04999999999995
12505,2010-10-01,2010-10-27 09:18:00,2010-10-27 09:18:00,1,787.2,408,1,787.2,2,1,3,2,Hibernating,0.0
12506,2011-04-01,2011-04-21 08:54:00,2011-04-21 08:54:00,1,73.50000000000003,232,1,73.50000000000003,2,1,1,1,Hibernating,73.50000000000003
12507,2010-05-01,2010-05-04 09:23:00,2011-07-28 17:09:00,4,1508.06,134,4,1508.06,3,3,4,4,Loyal,1052.81
12508,2011-11-01,2011-11-10 16:27:00,2011-11-13 15:37:00,2,397.88,26,2,397.88,4,2,2,2,New & Promising,397.88
12509,2011-02-01,2011-02-28 14:45:00,2011-02-28 14:45:00,1,158.5,284,1,158.5,2,1,1,1,Hibernating,158.5
12510,2009-12-01,2009-12-04 13:47:00,2011-07-20 10:15:00,7,3039.0300000000007,142,7,3039.0300000000007,3,4,5,4,Loyal,814.57
12511,2010-10-01,2010-10-07 10:39:00,2010-10-07 10:39:00,1,3084.0200000000004,428,1,3084.0200000000004,1,1,5,3,At Risk,0.0
12512,2011-10-01,2011-10-04 14:53:00,2011-10-04 14:55:00,2,132.18000000000004,66,2,132.18000000000004,3,2,1,2,Need Attention,132.18000000000004
12513,2011-08-01,2011-08-19 10:51:00,2011-08-19 10:51:00,1,558.2900000000001,112,1,558.2900000000001,3,1,2,2,Need Attention,558.2900000000001
12514,2010-03-01,2010-03-08 12:18:00,2011-03-17 16:38:00,2,1597.7600000000002,267,2,1597.7600000000002,2,2,4,3,At Risk,1017.6800000000002
12515,2010-12-01,2010-12-21 15:43:00,2010-12-21 15:43:00,1,278.7,353,1,278.7,2,1,1,1,Hibernating,278.7
12516,2010-04-01,2010-04-19 14:14:00,2011-09-23 09:13:00,4,2288.6199999999994,77,4,2288.6199999999994,3,3,4,4,Loyal,1186.06
12517,2011-06-01,2011-06-02 15:13:00,2011-11-11 13:57:00,4,2301.6000000000004,28,4,2301.6000000000004,4,3,4,4,Champions,2301.6000000000004
12518,2011-08-01,2011-08-21 13:18:00,2011-12-09 10:13:00,5,1840.8900000000003,0,5,1840.8900000000003,5,4,4,4,Champions,1840.8900000000003
12519,2010-08-01,2010-08-20 08:21:00,2011-10-07 09:26:00,2,626.54,63,2,626.54,3,2,3,2,Need Attention,276.84
12520,2011-03-01,2011-03-11 11:35:00,2011-09-21 15:23:00,5,2346.2600000000007,79,5,2346.2600000000007,3,4,4,4,Loyal,2346.2600000000007
12521,2011-07-01,2011-07-20 10:51:00,2011-07-20 10:51:00,1,545.6800000000001,142,1,545.6800000000001,3,1,2,2,Need Attention,545.6800000000001
12522,2011-10-01,2011-10-19 14:41:00,2011-10-31 15:30:00,2,156.72,39,2,156.72,4,2,1,2,New & Promising,156.72
12523,2009-12-01,2009-12-07 13:46:00,2011-11-20 12:55:00,23,4010.35,19,23,4010.35,5,5,5,5,Champions,1699.77
12524,2010-02-01,2010-02-08 14:41:00,2011-11-30 15:31:00,17,9794.109999999999,9,17,9794.109999999999,5,5,5,5,Champions,3945.7200000000003
12525,2010-03-01,2010-03-02 14:01:00,2010-07-29 16:08:00,3,883.7299999999998,498,3,883.7299999999998,1,3,3,3,At Risk,0.0
12526,2011-09-01,2011-09-06 14:19:00,2011-12-09 12:09:00,3,1172.6599999999999,0,3,1172.6599999999999,5,3,3,3,Loyal,1172.6599999999999
12527,2010-06-01,2010-06-28 15:37:00,2011-09-19 11:55:00,5,717.5099999999999,81,5,717.5099999999999,3,4,3,4,Loyal,330.71000000000004
12528,2011-01-01,2011-01-31 09:05:00,2011-11-30 14:40:00,6,1645.4799999999998,9,6,1645.4799999999998,5,4,4,4,Champions,1645.48
12529,2010-06-01,2010-06-29 13:10:00,2010-06-29 13:10:00,1,316.47999999999996,528,1,316.47999999999996,1,1,2,2,Lost,0.0
12530,2010-03-01,2010-03-07 14:37:00,2011-10-11 12:34:00,9,3381.2599999999998,59,9,3381.2599999999998,3,5,5,5,Loyal,1500.2800000000002
12531,2010-01-01,2010-01-22 14:17:00,2011-11-25 11:12:00,2,1771.1999999999996,14,2,1771.1999999999996,5,2,4,3,Loyal,125.22
12532,2011-11-01,2011-11-09 13:47:00,2011-11-09 13:47:00,1,313.83,30,1,313.83,4,1,2,2,New & Promising,313.83
12533,2009-12-01,2009-12-01 11:50:00,2010-03-22 10:56:00,2,1223.89,627,2,1223.89,1,2,4,3,At Risk,0.0
12534,2011-08-01,2011-08-01 10:26:00,2011-08-01 10:26:00,1,981.1800000000001,130,1,981.1800000000001,3,1,3,2,Need Attention,981.1800000000001
12535,2011-06-01,2011-06-06 12:47:00,2011-09-09 08:48:00,2,716.3500000000001,91,2,716.3500000000001,3,2,3,2,Need Attention,716.3500000000001
12536,2011-10-01,2011-10-11 14:52:00,2011-10-11 14:52:00,1,4279.710000000004,59,1,4279.710000000004,3,1,5,3,Loyal,4279.710000000004
12537,2010-10-01,2010-10-27 08:36:00,2010-10-27 08:36:00,1,612.9399999999998,408,1,612.9399999999998,2,1,3,2,Hibernating,0.0
12538,2010-11-01,2010-11-26 13:02:00,2011-11-10 17:16:00,2,640.45,29,2,640.45,4,2,3,2,New & Promising,363.95
12539,2009-12-01,2009-12-23 13:00:00,2011-11-17 13:30:00,7,11186.75,22,7,11186.75,4,4,5,4,Champions,5568.35
12540,2009-12-01,2009-12-07 16:56:00,2011-11-20 11:31:00,32,19250.489999999998,19,32,19250.489999999998,5,5,5,5,Champions,11580.24
12541,2011-03-01,2011-03-04 09:32:00,2011-11-10 10:40:00,3,841.1799999999998,29,3,841.1799999999998,4,3,3,3,Loyal,841.1799999999998
12542,2010-03-01,2010-03-09 16:26:00,2010-08-12 19:12:00,2,481.87999999999994,484,2,481.87999999999994,1,2,2,2,Lost,0.0
12543,2010-09-01,2010-09-17 15:51:00,2010-09-17 15:51:00,1,840.2500000000001,448,1,840.2500000000001,1,1,3,2,Lost,0.0
12544,2011-11-01,2011-11-03 16:15:00,2011-11-03 16:15:00,1,316.7,36,1,316.7,4,1,2,2,New & Promising,316.7
12545,2011-03-01,2011-03-25 12:04:00,2011-09-25 13:39:00,2,832.39,75,2,832.39,3,2,3,2,Need Attention,832.39
12546,2011-09-01,2011-09-23 09:44:00,2011-10-24 12:09:00,2,1021.5,46,2,1021.5,4,2,3,2,New & Promising,1021.5
12547,2010-07-01,2010-07-27 13:55:00,2011-05-26 12:38:00,3,299.58000000000004,197,3,299.58000000000004,2,3,2,2,Hibernating,151.8
12548,2011-06-01,2011-06-26 15:35:00,2011-06-26 15:35:00,1,67.19999999999999,166,1,67.19999999999999,3,1,1,1,Need Attention,67.19999999999999
12549,2010-01-01,2010-01-11 12:29:00,2010-05-13 12:05:00,5,1570.6799999999998,575,5,1570.6799999999998,1,4,4,4,At Risk – High Value,0.0
12550,2011-09-01,2011-09-21 14:35:00,2011-09-21 14:35:00,1,824.8299999999994,79,1,824.8299999999994,3,1,3,2,Need Attention,824.8299999999994
12551,2010-12-01,2010-12-17 11:23:00,2010-12-17 11:23:00,1,168.0,357,1,168.0,2,1,1,1,Hibernating,168.0
12552,2011-10-01,2011-10-31 12:11:00,2011-10-31 12:11:00,1,317.81999999999994,39,1,317.81999999999994,4,1,2,2,New & Promising,317.81999999999994
12553,2010-10-01,2010-10-12 13:35:00,2011-12-01 16:38:00,12,4104.75,8,12,4104.75,5,5,5,5,Champions,3278.28
12554,2010-09-01,2010-09-17 12:29:00,2010-09-17 12:29:00,1,384.49999999999994,448,1,384.49999999999994,1,1,2,2,Lost,0.0
12556,2011-07-01,2011-07-11 13:35:00,2011-10-20 13:06:00,2,599.5599999999997,50,2,599.5599999999997,4,2,2,2,New & Promising,599.5599999999997
12557,2009-12-01,2009-12-17 10:39:00,2011-11-23 16:59:00,8,18096.14,16,8,18096.14,5,4,5,4,Champions,11370.96
12558,2011-12-01,2011-12-02 10:41:00,2011-12-02 10:41:00,1,269.96000000000004,7,1,269.96000000000004,5,1,1,1,New & Promising,269.96000000000004
12559,2011-01-01,2011-01-24 10:12:00,2011-02-02 09:49:00,2,525.7099999999999,310,2,525.7099999999999,2,2,2,2,Hibernating,525.7099999999999
12560,2011-07-01,2011-07-19 15:55:00,2011-12-04 13:54:00,2,1918.01,5,2,1918.01,5,2,4,3,Loyal,1918.01
12561,2011-02-01,2011-02-10 11:39:00,2011-02-10 11:39:00,1,238.85,302,1,238.85,2,1,1,1,Hibernating,238.85
12562,2010-09-01,2010-09-30 13:13:00,2011-12-01 17:20:00,9,4426.92,8,9,4426.92,5,5,5,5,Champions,3385.7400000000002
12563,2010-10-01,2010-10-27 09:52:00,2010-10-27 09:52:00,1,221.24,408,1,221.24,2,1,1,1,Hibernating,0.0
12564,2011-03-01,2011-03-23 14:55:00,2011-03-23 14:55:00,1,402.9000000000001,261,1,402.9000000000001,2,1,2,2,Hibernating,402.9000000000001
12565,2011-02-01,2011-02-24 10:34:00,2011-02-24 10:34:00,1,145.92,288,1,145.92,2,1,1,1,Hibernating,145.92
12566,2011-09-01,2011-09-14 14:30:00,2011-09-14 14:30:00,1,297.65000000000003,86,1,297.65000000000003,3,1,2,2,Need Attention,297.65000000000003
12567,2010-02-01,2010-02-11 10:30:00,2011-11-17 11:02:00,15,10741.48,22,15,10741.48,4,5,5,5,Champions,6882.899999999998
12568,2010-03-01,2010-03-05 09:15:00,2010-03-05 09:15:00,1,52.0,644,1,52.0,1,1,1,1,Lost,0.0
12569,2011-04-01,2011-04-01 13:47:00,2011-12-07 16:24:00,32,3152.6900000000005,2,32,3152.6900000000005,5,5,5,5,Champions,3152.69
12571,2011-08-01,2011-08-10 12:35:00,2011-10-31 10:19:00,2,519.61,39,2,519.61,4,2,2,2,New & Promising,519.61
12572,2011-10-01,2011-10-19 08:20:00,2011-12-01 09:20:00,2,912.4200000000002,8,2,912.4200000000002,5,2,3,2,New & Promising,912.4200000000002
12573,2010-08-01,2010-08-31 17:25:00,2011-04-26 15:52:00,5,717.4100000000001,227,5,717.4100000000001,2,4,3,4,At Risk – High Value,160.54
12574,2011-01-01,2011-01-28 09:20:00,2011-01-28 09:20:00,1,182.45000000000002,315,1,182.45000000000002,2,1,1,1,Hibernating,182.45000000000002
12575,2010-07-01,2010-07-01 09:15:00,2010-09-08 13:09:00,2,568.8199999999999,457,2,568.8199999999999,1,2,2,2,Lost,0.0
12576,2010-07-01,2010-07-01 13:46:00,2011-11-04 10:11:00,8,2062.72,35,8,2062.72,4,4,4,4,Champions,1315.83
12577,2009-12-01,2009-12-03 19:31:00,2011-11-04 13:24:00,8,1613.1499999999999,35,8,1613.1499999999999,4,4,4,4,Champions,622.6500000000001
12578,2010-09-01,2010-09-22 11:19:00,2011-11-18 13:30:00,4,4026.4500000000007,21,4,4026.4500000000007,4,3,5,4,Champions,2402.51
12579,2011-09-01,2011-09-22 17:15:00,2011-09-22 17:15:00,1,386.41999999999996,78,1,386.41999999999996,3,1,2,2,Need Attention,386.41999999999996
12580,2010-05-01,2010-05-12 11:45:00,2011-04-07 10:24:00,2,962.9000000000001,246,2,962.9000000000001,2,2,3,2,Hibernating,379.7
12581,2011-10-01,2011-10-31 08:56:00,2011-10-31 08:56:00,1,179.70999999999998,39,1,179.70999999999998,4,1,1,1,New & Promising,179.70999999999998
12582,2010-05-01,2010-05-11 09:55:00,2011-04-15 08:45:00,4,1820.3999999999999,238,4,1820.3999999999999,2,3,4,4,At Risk – High Value,351.36
12583,2009-12-01,2009-12-06 11:57:00,2011-12-07 08:07:00,27,12493.58,2,27,12493.58,5,5,5,5,Champions,5903.52
12584,2011-03-01,2011-03-04 15:15:00,2011-12-06 09:35:00,9,2254.15,3,9,2254.15,5,5,4,4,Champions,2254.15
12585,2010-12-01,2010-12-23 12:58:00,2011-04-19 13:39:00,2,1824.1,234,2,1824.1,2,2,4,3,At Risk,1824.1
12586,2009-12-01,2009-12-16 13:15:00,2011-11-22 16:24:00,4,2062.67,17,4,2062.67,5,3,4,4,Champions,196.94
12587,2011-12-01,2011-12-02 12:47:00,2011-12-02 12:47:00,1,104.0,7,1,104.0,5,1,1,1,New & Promising,104.0
12588,2010-04-01,2010-04-21 12:22:00,2011-10-31 15:01:00,3,718.78,39,3,718.78,4,3,3,3,Loyal,174.9
12589,2010-01-01,2010-01-19 12:26:00,2011-11-11 10:19:00,6,3294.91,28,6,3294.91,4,4,5,4,Champions,574.68
12590,2011-05-01,2011-05-12 14:46:00,2011-05-12 14:46:00,1,9341.260000000004,211,1,9341.260000000004,2,1,5,3,At Risk,9341.260000000004
12591,2010-10-01,2010-10-27 10:42:00,2011-01-26 14:35:00,3,1114.9499999999998,317,3,1114.9499999999998,2,3,3,3,At Risk,368.84999999999985
12592,2010-07-01,2010-07-08 14:06:00,2011-09-08 15:04:00,4,1723.6399999999999,92,4,1723.6399999999999,3,3,4,4,Loyal,401.6
12593,2011-05-01,2011-05-05 09:29:00,2011-08-23 12:43:00,3,382.1,108,3,382.1,3,3,2,2,Need Attention,382.1
12594,2010-03-01,2010-03-03 13:51:00,2011-11-02 12:20:00,14,4890.110000000001,37,14,4890.110000000001,4,5,5,5,Champions,3208.2200000000003
12595,2010-07-01,2010-07-23 09:10:00,2010-07-23 09:10:00,1,281.02000000000004,504,1,281.02000000000004,1,1,1,1,Lost,0.0
12596,2011-04-01,2011-04-11 13:22:00,2011-10-19 13:02:00,2,450.27,51,2,450.27,4,2,2,2,New & Promising,450.27
12597,2011-03-01,2011-03-16 14:00:00,2011-11-20 13:33:00,4,3195.220000000001,19,4,3195.220000000001,5,3,5,4,Champions,3195.220000000001
12598,2010-03-01,2010-03-01 09:58:00,2011-11-30 12:18:00,10,4192.09,9,10,4192.09,5,5,5,5,Champions,2807.0800000000004
12599,2010-05-01,2010-05-11 10:42:00,2011-11-10 13:34:00,13,2026.7200000000003,29,13,2026.7200000000003,4,5,4,4,Champions,888.58
12600,2009-12-01,2009-12-07 13:37:00,2011-11-11 10:29:00,20,4385.85,28,20,4385.85,4,5,5,5,Champions,2252.54
12601,2010-10-01,2010-10-31 10:57:00,2011-06-03 10:17:00,6,573.26,189,6,573.26,2,4,2,3,At Risk,487.06
12602,2011-10-01,2011-10-12 11:22:00,2011-10-12 11:22:00,1,153.12000000000003,58,1,153.12000000000003,4,1,1,1,New & Promising,153.12000000000003
12603,2011-11-01,2011-11-18 10:42:00,2011-11-18 10:42:00,1,613.1999999999999,21,1,613.1999999999999,4,1,3,2,New & Promising,613.1999999999999
12604,2011-03-01,2011-03-23 12:06:00,2011-09-21 14:08:00,2,236.18,79,2,236.18,3,2,1,2,Need Attention,236.18
12605,2010-09-01,2010-09-07 14:21:00,2010-11-28 14:18:00,3,1124.9499999999998,376,3,1124.9499999999998,2,3,3,3,At Risk,0.0
12607,2011-10-01,2011-10-10 16:06:00,2011-10-10 16:06:00,1,1579.51,60,1,1579.51,3,1,4,2,Need Attention,1579.51
12608,2010-10-01,2010-10-31 10:49:00,2010-10-31 10:49:00,1,415.78999999999996,404,1,415.78999999999996,2,1,2,2,Hibernating,0.0
12609,2009-12-01,2009-12-20 13:30:00,2011-09-22 16:34:00,9,3021.86,78,9,3021.86,3,5,5,5,Loyal,964.8500000000001
12610,2011-08-01,2011-08-05 13:52:00,2011-11-17 09:34:00,4,1747.54,22,4,1747.54,4,3,4,4,Champions,1747.54
12611,2011-10-01,2011-10-18 13:12:00,2011-10-18 13:12:00,1,1193.32,52,1,1193.32,4,1,3,2,New & Promising,1193.32
12612,2011-09-01,2011-09-26 15:35:00,2011-09-26 15:35:00,1,668.0400000000001,74,1,668.0400000000001,3,1,3,2,Need Attention,668.0400000000001
12613,2009-12-01,2009-12-14 13:10:00,2011-10-13 14:59:00,9,6277.370000000001,57,9,6277.370000000001,4,5,5,5,Champions,3092.38
12614,2011-03-01,2011-03-07 10:22:00,2011-03-07 10:22:00,1,315.59999999999997,277,1,315.59999999999997,2,1,2,2,Hibernating,315.59999999999997
12615,2010-03-01,2010-03-18 14:09:00,2011-12-07 15:02:00,8,5362.98,2,8,5362.98,5,4,5,4,Champions,2093.19
12616,2010-11-01,2010-11-16 11:38:00,2011-09-05 15:17:00,3,1023.0999999999999,95,3,1023.0999999999999,3,3,3,3,Loyal,641.3
12617,2011-11-01,2011-11-10 14:39:00,2011-11-10 14:39:00,1,352.9800000000002,29,1,352.9800000000002,4,1,2,2,New & Promising,352.9800000000002
12618,2011-11-01,2011-11-18 11:10:00,2011-11-18 11:10:00,1,137.31,21,1,137.31,4,1,1,1,New & Promising,137.31
12619,2010-05-01,2010-05-28 12:52:00,2011-11-23 14:52:00,9,3085.699999999999,16,9,3085.699999999999,5,5,5,5,Champions,2945.5599999999995
12620,2011-05-01,2011-05-19 12:10:00,2011-11-25 10:20:00,3,1303.4099999999999,14,3,1303.4099999999999,5,3,4,4,Champions,1303.4099999999999
12621,2010-02-01,2010-02-09 12:01:00,2011-12-08 11:25:00,35,22097.200000000004,1,35,22097.200000000004,5,5,5,5,Champions,11983.06
12622,2011-04-01,2011-04-21 16:39:00,2011-04-21 16:39:00,1,162.09999999999997,232,1,162.09999999999997,2,1,1,1,Hibernating,162.09999999999997
12623,2010-01-01,2010-01-12 11:45:00,2011-03-08 13:50:00,7,3315.8399999999997,276,7,3315.8399999999997,2,4,5,4,At Risk – High Value,269.1
12624,2011-06-01,2011-06-15 12:34:00,2011-08-25 15:04:00,2,569.13,106,2,569.13,3,2,2,2,Need Attention,569.13
12625,2010-04-01,2010-04-22 11:33:00,2011-05-12 09:54:00,4,4678.88,211,4,4678.88,2,3,5,4,At Risk – High Value,2413.8199999999997
12626,2011-01-01,2011-01-17 11:01:00,2011-11-16 16:06:00,9,5954.479999999998,23,9,5954.479999999998,4,5,5,5,Champions,5954.479999999999
12627,2011-07-01,2011-07-22 13:59:00,2011-11-29 12:07:00,6,4082.5299999999997,10,6,4082.5299999999997,5,4,5,4,Champions,4082.5299999999993
12628,2011-10-01,2011-10-06 09:28:00,2011-12-05 13:15:00,3,732.46,4,3,732.46,5,3,3,3,Loyal,732.46
12629,2010-10-01,2010-10-12 16:40:00,2010-11-19 09:18:00,2,1198.2200000000003,385,2,1198.2200000000003,2,2,3,2,Hibernating,0.0
12630,2011-10-01,2011-10-27 10:41:00,2011-11-30 10:48:00,2,1030.88,9,2,1030.88,5,2,3,2,New & Promising,1030.88
12631,2010-01-01,2010-01-15 14:50:00,2011-10-13 13:53:00,6,3321.5700000000006,57,6,3321.5700000000006,4,4,5,4,Champions,480.50000000000017
12632,2010-05-01,2010-05-24 09:07:00,2010-07-07 09:39:00,2,714.8800000000001,520,2,714.8800000000001,1,2,3,2,Lost,0.0
12633,2010-07-01,2010-07-02 11:44:00,2011-10-12 11:40:00,7,5156.16,58,7,5156.16,4,4,5,4,Champions,1929.98
12634,2010-06-01,2010-06-09 15:41:00,2010-06-09 15:41:00,1,360.0,548,1,360.0,1,1,2,2,Lost,0.0
12635,2010-09-01,2010-09-09 10:50:00,2011-09-11 11:04:00,4,2624.409999999999,89,4,2624.409999999999,3,3,4,4,Loyal,1509.1799999999994
12637,2010-06-01,2010-06-14 13:36:00,2011-10-03 13:46:00,12,8085.8099999999995,67,12,8085.8099999999995,3,5,5,5,Loyal,5804.9
12638,2010-03-01,2010-03-10 10:30:00,2011-11-06 13:11:00,2,681.49,33,2,681.49,4,2,3,2,New & Promising,511.69
12639,2010-03-01,2010-03-22 09:05:00,2011-04-15 12:48:00,3,1072.37,238,3,1072.37,2,3,3,3,At Risk,366.1
12640,2011-09-01,2011-09-19 12:01:00,2011-11-16 11:52:00,3,994.5799999999999,23,3,994.5799999999999,4,3,3,3,Loyal,994.5799999999999
12641,2011-08-01,2011-08-16 13:26:00,2011-08-16 13:26:00,1,145.9,115,1,145.9,3,1,1,1,Need Attention,145.9
12642,2011-08-01,2011-08-24 09:23:00,2011-11-14 15:03:00,3,905.26,25,3,905.26,4,3,3,3,Loyal,905.26
12643,2010-04-01,2010-04-07 14:16:00,2011-08-03 12:56:00,11,7803.82,128,11,7803.82,3,5,5,5,Loyal,3041.6400000000003
12644,2010-01-01,2010-01-14 13:02:00,2011-08-02 10:33:00,4,1900.4900000000002,129,4,1900.4900000000002,3,3,4,4,Loyal,477.9100000000001
12645,2010-02-01,2010-02-09 10:49:00,2011-11-06 12:38:00,8,3215.3,33,8,3215.3,4,4,5,4,Champions,1631.1799999999998
12646,2011-10-01,2011-10-21 12:52:00,2011-12-05 10:14:00,2,1346.9699999999998,4,2,1346.9699999999998,5,2,4,3,Loyal,1346.9699999999998
12647,2010-01-01,2010-01-13 15:06:00,2011-11-17 12:56:00,35,14109.550000000001,22,35,14109.550000000001,4,5,5,5,Champions,2340.02
12648,2010-01-01,2010-01-07 18:38:00,2011-07-08 11:55:00,4,1039.0,154,4,1039.0,3,3,3,3,Loyal,300.05
12649,2010-01-01,2010-01-12 17:24:00,2011-08-24 14:41:00,8,2096.6499999999996,107,8,2096.6499999999996,3,4,4,4,Loyal,569.51
12650,2011-12-01,2011-12-06 16:34:00,2011-12-06 16:34:00,1,242.44,3,1,242.44,5,1,1,1,New & Promising,242.44
12651,2010-08-01,2010-08-31 15:21:00,2011-01-09 12:46:00,4,377.75,334,4,377.75,2,3,2,2,Hibernating,114.00000000000003
12652,2010-10-01,2010-10-01 15:16:00,2011-01-12 15:00:00,2,891.0299999999997,331,2,891.0299999999997,2,2,3,2,Hibernating,793.9799999999998
12653,2010-07-01,2010-07-01 09:56:00,2011-07-14 10:41:00,3,4160.83,148,3,4160.83,3,3,5,4,Loyal,2209.85
12654,2011-02-01,2011-02-17 13:16:00,2011-11-29 10:10:00,5,529.98,10,5,529.98,5,4,2,3,Loyal,529.98
12655,2010-10-01,2010-10-12 09:17:00,2010-10-12 09:17:00,1,243.35,423,1,243.35,1,1,1,1,Lost,0.0
12656,2010-05-01,2010-05-26 09:00:00,2011-11-22 13:42:00,8,5723.83,17,8,5723.83,5,4,5,4,Champions,3619.17
12657,2011-09-01,2011-09-22 11:40:00,2011-11-28 15:47:00,4,1427.1799999999998,11,4,1427.1799999999998,5,3,4,4,Champions,1427.18
12658,2011-11-01,2011-11-21 10:22:00,2011-11-21 10:22:00,1,632.0500000000001,18,1,632.0500000000001,5,1,3,2,New & Promising,632.0500000000001
12659,2011-11-01,2011-11-10 11:53:00,2011-11-10 11:53:00,1,73.68,29,1,73.68,4,1,1,1,New & Promising,73.68
12660,2011-11-01,2011-11-28 13:26:00,2011-11-28 13:26:00,1,227.10000000000002,11,1,227.10000000000002,5,1,1,1,New & Promising,227.10000000000002
12661,2010-09-01,2010-09-29 16:46:00,2010-09-29 16:46:00,1,162.00000000000003,436,1,162.00000000000003,1,1,1,1,Lost,0.0
12662,2010-04-01,2010-04-01 09:50:00,2011-12-09 11:59:00,20,6130.540000000001,0,20,6130.540000000001,5,5,5,5,Champions,3300.3000000000006
12663,2010-02-01,2010-02-09 14:28:00,2010-03-25 09:40:00,2,185.40000000000003,624,2,185.40000000000003,1,2,1,2,Lost,0.0
12664,2009-12-01,2009-12-13 10:28:00,2011-12-01 17:07:00,11,5420.04,8,11,5420.04,5,5,5,5,Champions,4391.88
12665,2010-02-01,2010-02-08 15:11:00,2011-01-19 08:34:00,3,259.6,324,3,259.6,2,3,1,2,Hibernating,45.0
12666,2010-11-01,2010-11-10 16:40:00,2010-11-10 16:40:00,1,1248.42,394,1,1248.42,2,1,4,2,Hibernating,0.0
12667,2011-10-01,2011-10-12 17:00:00,2011-10-12 17:00:00,1,460.12999999999994,58,1,460.12999999999994,4,1,2,2,New & Promising,460.12999999999994
12668,2010-01-01,2010-01-31 15:45:00,2011-11-28 10:56:00,9,9906.030000000002,11,9,9906.030000000002,5,5,5,5,Champions,3177.15
12669,2011-03-01,2011-03-28 10:15:00,2011-07-12 09:54:00,2,1427.7300000000002,150,2,1427.7300000000002,3,2,4,3,Loyal,1427.7300000000002
12670,2010-02-01,2010-02-11 10:13:00,2011-11-29 15:23:00,7,3436.2899999999995,10,7,3436.2899999999995,5,4,5,4,Champions,2744.0499999999997
12671,2010-04-01,2010-04-12 16:30:00,2010-04-12 16:30:00,1,2622.480000000001,606,1,2622.480000000001,1,1,4,2,Lost,0.0
12672,2010-04-01,2010-04-23 09:57:00,2011-01-14 09:20:00,2,407.05000000000007,329,2,407.05000000000007,2,2,2,2,Hibernating,225.9
12673,2010-11-01,2010-11-03 10:46:00,2011-12-04 13:55:00,3,1140.02,5,3,1140.02,5,3,3,3,Loyal,574.52
12674,2011-05-01,2011-05-16 09:10:00,2011-11-01 12:12:00,4,1844.6,38,4,1844.6,4,3,4,4,Champions,1844.6
12675,2010-05-01,2010-05-10 16:44:00,2010-06-04 09:49:00,2,873.25,553,2,873.25,1,2,3,2,Lost,0.0
12676,2010-08-01,2010-08-13 13:29:00,2011-11-15 12:25:00,10,2333.09,24,10,2333.09,4,5,4,4,Champions,1091.3899999999999
12677,2010-02-01,2010-02-11 13:55:00,2010-06-02 14:30:00,2,359.1,555,2,359.1,1,2,2,2,Lost,0.0
12678,2010-01-01,2010-01-07 16:46:00,2011-10-28 13:04:00,15,32595.18,42,15,32595.18,4,5,5,5,Champions,16331.460000000005
12679,2011-03-01,2011-03-01 12:26:00,2011-10-12 12:30:00,4,951.0200000000002,58,4,951.0200000000002,4,3,3,3,Loyal,951.0200000000002
12680,2011-08-01,2011-08-18 15:44:00,2011-12-09 12:50:00,4,790.81,0,4,790.81,5,3,3,3,Loyal,790.8099999999998
12681,2009-12-01,2009-12-13 13:31:00,2011-11-25 11:33:00,44,26936.760000000002,14,44,26936.760000000002,5,5,5,5,Champions,11404.02
12682,2009-12-01,2009-12-01 09:28:00,2011-12-06 10:00:00,51,20736.22,3,51,20736.22,5,5,5,5,Champions,10070.53
12683,2009-12-01,2009-12-13 15:01:00,2011-12-05 16:28:00,20,10445.699999999997,4,20,10445.699999999997,5,5,5,5,Champions,6657.49
12684,2011-05-01,2011-05-10 12:55:00,2011-12-02 09:53:00,6,2073.6299999999997,7,6,2073.6299999999997,5,4,4,4,Champions,2073.6299999999997
12685,2011-09-01,2011-09-07 10:28:00,2011-11-11 13:46:00,6,2575.08,28,6,2575.08,4,4,4,4,Champions,2575.08
12686,2010-12-01,2010-12-03 09:51:00,2010-12-03 09:51:00,1,71.14,371,1,71.14,2,1,1,1,Hibernating,0.0
12687,2010-08-01,2010-08-16 12:12:00,2010-08-16 12:12:00,1,1858.91,480,1,1858.91,1,1,4,2,Lost,0.0
12688,2011-08-01,2011-08-18 08:49:00,2011-08-18 08:49:00,1,4873.810000000005,113,1,4873.810000000005,3,1,5,3,Loyal,4873.810000000005
12689,2011-08-01,2011-08-04 10:04:00,2011-11-14 08:31:00,2,1139.6100000000004,25,2,1139.6100000000004,4,2,3,2,New & Promising,1139.6100000000004
12690,2011-05-01,2011-05-18 09:09:00,2011-05-18 09:09:00,1,335.00999999999993,205,1,335.00999999999993,2,1,2,2,Hibernating,335.00999999999993
12691,2010-10-01,2010-10-15 12:00:00,2011-11-11 16:49:00,6,1044.4,28,6,1044.4,4,4,3,4,Champions,927.8
12692,2010-03-01,2010-03-12 14:02:00,2010-03-12 14:02:00,1,110.95,637,1,110.95,1,1,1,1,Lost,0.0
12693,2010-07-01,2010-07-05 13:56:00,2011-08-04 17:51:00,7,1415.02,127,7,1415.02,3,4,4,4,Loyal,711.9100000000001
12694,2010-10-01,2010-10-14 19:39:00,2011-09-30 13:06:00,3,1663.35,70,3,1663.35,3,3,4,4,Loyal,761.6699999999998
12695,2010-02-01,2010-02-12 13:22:00,2011-12-02 13:22:00,7,1371.12,7,7,1371.12,5,4,4,4,Champions,582.0999999999999
12696,2010-07-01,2010-07-19 10:02:00,2010-10-01 10:43:00,2,731.91,434,2,731.91,1,2,3,2,Lost,0.0
12697,2011-06-01,2011-06-23 15:44:00,2011-11-11 08:47:00,3,757.59,28,3,757.59,4,3,3,3,Loyal,757.59
12698,2010-04-01,2010-04-28 15:51:00,2010-04-28 15:51:00,1,285.75000000000006,590,1,285.75000000000006,1,1,2,2,Lost,0.0
12699,2010-10-01,2010-10-18 12:07:00,2010-10-18 12:07:00,1,566.1100000000001,417,1,566.1100000000001,1,1,2,2,Lost,0.0
12700,2011-05-01,2011-05-08 16:10:00,2011-12-02 10:47:00,4,4525.989999999999,7,4,4525.989999999999,5,3,5,4,Champions,4525.989999999999
12701,2010-03-01,2010-03-16 13:23:00,2011-09-21 10:47:00,6,2248.41,79,6,2248.41,3,4,4,4,Loyal,725.71
12702,2011-11-01,2011-11-20 10:36:00,2011-11-20 10:36:00,1,201.0,19,1,201.0,5,1,1,1,New & Promising,201.0
12703,2010-01-01,2010-01-24 12:05:00,2011-09-29 17:52:00,4,898.5299999999999,71,4,898.5299999999999,3,3,3,3,Loyal,265.54999999999995
12704,2011-06-01,2011-06-23 10:20:00,2011-12-02 13:15:00,8,1740.8400000000001,7,8,1740.8400000000001,5,4,4,4,Champions,1740.8400000000001
12705,2010-06-01,2010-06-24 09:51:00,2011-11-24 13:17:00,13,11114.1,15,13,11114.1,5,5,5,5,Champions,6382.29
12707,2011-02-01,2011-02-21 08:38:00,2011-02-21 08:38:00,1,603.42,291,1,603.42,2,1,3,2,Hibernating,603.42
12708,2009-12-01,2009-12-18 10:25:00,2011-11-10 09:52:00,18,4559.66,29,18,4559.66,4,5,5,5,Champions,2264.4700000000003
12709,2009-12-01,2009-12-09 13:49:00,2011-11-24 15:38:00,32,29487.18,15,32,29487.18,5,5,5,5,Champions,9003.82
12710,2011-05-01,2011-05-22 14:05:00,2011-09-04 12:00:00,3,1023.0200000000003,96,3,1023.0200000000003,3,3,3,3,Loyal,1023.0200000000003
12711,2010-02-01,2010-02-01 11:30:00,2010-04-07 11:59:00,2,1213.0500000000002,611,2,1213.0500000000002,1,2,4,3,At Risk,0.0
12712,2009-12-01,2009-12-09 10:46:00,2011-11-11 08:19:00,21,5985.030000000001,28,21,5985.030000000001,4,5,5,5,Champions,3511.5
12713,2011-12-01,2011-12-09 12:16:00,2011-12-09 12:16:00,1,794.5499999999998,0,1,794.5499999999998,5,1,3,2,New & Promising,794.5499999999998
12714,2009-12-01,2009-12-04 10:00:00,2011-11-30 15:43:00,12,12815.71,9,12,12815.71,5,5,5,5,Champions,4294.86
12715,2011-08-01,2011-08-25 15:22:00,2011-08-25 15:22:00,1,263.36,106,1,263.36,3,1,1,1,Need Attention,263.36
12716,2011-07-01,2011-07-29 13:28:00,2011-12-06 08:55:00,2,963.4899999999996,3,2,963.4899999999996,5,2,3,2,New & Promising,963.4899999999996
12717,2010-04-01,2010-04-28 14:34:00,2011-07-11 14:47:00,3,1058.91,151,3,1058.91,3,3,3,3,Loyal,830.98
12718,2011-09-01,2011-09-29 16:38:00,2011-09-29 16:38:00,1,202.25000000000003,71,1,202.25000000000003,3,1,1,1,Need Attention,202.25000000000003
12719,2011-10-01,2011-10-05 14:50:00,2011-12-04 13:45:00,2,572.95,5,2,572.95,5,2,2,2,New & Promising,572.95
12720,2010-07-01,2010-07-21 09:46:00,2011-12-07 08:03:00,29,6905.280000000001,2,29,6905.280000000001,5,5,5,5,Champions,4714.34
12721,2010-08-01,2010-08-25 11:07:00,2011-11-08 12:13:00,8,3635.08,31,8,3635.08,4,4,5,4,Champions,2386.13
12722,2011-07-01,2011-07-12 11:55:00,2011-09-15 14:50:00,4,979.6299999999999,85,4,979.6299999999999,3,3,3,3,Loyal,979.6299999999999
12723,2011-10-01,2011-10-05 15:52:00,2011-12-06 10:19:00,5,707.0699999999999,3,5,707.0699999999999,5,4,3,4,Champions,707.0699999999999
12724,2010-06-01,2010-06-22 14:00:00,2011-12-04 16:02:00,7,2083.5200000000004,5,7,2083.5200000000004,5,4,4,4,Champions,923.4100000000002
12725,2010-05-01,2010-05-04 13:59:00,2010-12-03 15:45:00,3,1906.7600000000002,371,3,1906.7600000000002,2,3,4,4,At Risk – High Value,0.0
12726,2010-03-01,2010-03-25 16:25:00,2011-11-11 13:35:00,11,3690.6000000000004,28,11,3690.6000000000004,4,5,5,5,Champions,2411.1000000000004
12727,2010-02-01,2010-02-23 09:54:00,2011-11-29 11:46:00,10,4905.530000000001,10,10,4905.530000000001,5,5,5,5,Champions,3440.7000000000003
12728,2010-11-01,2010-11-21 11:34:00,2011-09-29 15:31:00,5,926.1700000000001,71,5,926.1700000000001,3,4,3,4,Loyal,728.3299999999999
12729,2011-08-01,2011-08-18 11:40:00,2011-08-18 11:40:00,1,417.0100000000001,113,1,417.0100000000001,3,1,2,2,Need Attention,417.0100000000001
12730,2010-07-01,2010-07-06 12:19:00,2010-07-06 12:19:00,1,703.2500000000001,521,1,703.2500000000001,1,1,3,2,Lost,0.0
12731,2010-03-01,2010-03-02 09:23:00,2011-11-16 11:59:00,17,25631.710000000003,23,17,25631.710000000003,4,5,5,5,Champions,18751.91
12732,2011-06-01,2011-06-13 11:33:00,2011-06-13 11:33:00,1,218.2600000000001,179,1,218.2600000000001,3,1,1,1,Need Attention,218.2600000000001
12733,2010-01-01,2010-01-19 13:23:00,2011-04-19 16:19:00,4,2424.02,234,4,2424.02,2,3,4,4,At Risk – High Value,383.95
12734,2010-11-01,2010-11-12 13:26:00,2010-12-22 12:47:00,3,603.65,352,3,603.65,2,3,3,3,At Risk,110.39999999999999
12735,2011-01-01,2011-01-06 14:26:00,2011-01-28 13:37:00,2,689.5699999999998,315,2,689.5699999999998,2,2,3,2,Hibernating,689.5699999999998
12736,2011-01-01,2011-01-11 07:57:00,2011-01-11 07:57:00,1,144.0,332,1,144.0,2,1,1,1,Hibernating,144.0
12738,2010-12-01,2010-12-02 18:27:00,2010-12-02 18:27:00,1,137.35,372,1,137.35,2,1,1,1,Hibernating,0.0
12739,2010-11-01,2010-11-10 14:27:00,2011-09-01 17:45:00,2,2421.2299999999996,99,2,2421.2299999999996,3,2,4,3,Loyal,975.5400000000001
12740,2011-10-01,2011-10-07 10:44:00,2011-10-07 10:44:00,1,427.5999999999999,63,1,427.5999999999999,3,1,2,2,Need Attention,427.5999999999999
12741,2010-06-01,2010-06-24 16:24:00,2010-06-24 16:24:00,1,236.07000000000005,533,1,236.07000000000005,1,1,1,1,Lost,0.0
12742,2010-03-01,2010-03-24 12:43:00,2010-03-24 12:43:00,1,1201.52,625,1,1201.52,1,1,4,2,Lost,0.0
12743,2011-07-01,2011-07-28 16:06:00,2011-07-28 16:21:00,2,540.1299999999999,134,2,540.1299999999999,3,2,2,2,Need Attention,540.1299999999999
12744,2010-04-01,2010-04-27 16:19:00,2011-10-14 14:54:00,8,13158.159999999998,56,8,13158.159999999998,4,4,5,4,Champions,9120.39
12745,2010-05-01,2010-05-14 16:50:00,2010-08-10 10:14:00,2,723.8499999999999,486,2,723.8499999999999,1,2,3,2,Lost,0.0
12746,2010-06-01,2010-06-17 10:41:00,2010-06-17 10:41:00,1,254.54999999999998,540,1,254.54999999999998,1,1,1,1,Lost,0.0
12747,2009-12-01,2009-12-07 13:23:00,2011-12-07 14:34:00,26,8898.48,2,26,8898.48,5,5,5,5,Champions,3837.45
12748,2009-12-01,2009-12-04 17:31:00,2011-12-09 12:20:00,322,49176.73999999999,0,322,49176.73999999999,5,5,5,5,Champions,29721.559999999998
12749,2010-07-01,2010-07-06 15:05:00,2011-12-06 09:56:00,9,6847.360000000001,3,9,6847.360000000001,5,5,5,5,Champions,4040.880000000001
12750,2011-08-01,2011-08-03 09:13:00,2011-08-03 09:13:00,1,275.88,128,1,275.88,3,1,1,1,Need Attention,275.88
12751,2010-09-01,2010-09-21 12:49:00,2010-09-21 12:49:00,1,268.27,444,1,268.27,1,1,1,1,Lost,0.0
12752,2011-09-01,2011-09-19 13:32:00,2011-09-19 13:32:00,1,4366.779999999999,81,1,4366.779999999999,3,1,5,3,Loyal,4366.779999999999
12753,2010-12-01,2010-12-12 11:44:00,2011-11-17 10:52:00,6,21429.39,22,6,21429.39,4,4,5,4,Champions,21429.39
12754,2011-02-01,2011-02-04 10:31:00,2011-04-18 09:00:00,3,3010.7400000000002,235,3,3010.7400000000002,2,3,5,4,At Risk – High Value,3010.74
12755,2010-01-01,2010-01-15 11:57:00,2011-03-04 12:42:00,11,5236.259999999999,280,11,5236.259999999999,2,5,5,5,At Risk – High Value,17.549999999999997
12756,2011-09-01,2011-09-14 09:31:00,2011-09-14 09:31:00,1,112.08000000000001,86,1,112.08000000000001,3,1,1,1,Need Attention,112.08000000000001
12757,2011-05-01,2011-05-12 19:01:00,2011-11-24 12:30:00,9,4176.749999999999,15,9,4176.749999999999,5,5,5,5,Champions,4176.749999999999
12758,2009-12-01,2009-12-01 14:40:00,2011-08-15 10:22:00,7,9903.240000000002,116,7,9903.240000000002,3,4,5,4,Loyal,2791.59
12759,2009-12-01,2009-12-04 10:47:00,2011-10-18 14:49:00,8,4618.74,52,8,4618.74,4,4,5,4,Champions,1411.4399999999998
12760,2010-09-01,2010-09-10 08:50:00,2010-09-10 08:50:00,1,317.79999999999995,455,1,317.79999999999995,1,1,2,2,Lost,0.0
12761,2010-09-01,2010-09-01 10:47:00,2010-09-01 10:47:00,1,712.9499999999999,464,1,712.9499999999999,1,1,3,2,Lost,0.0
12762,2011-11-01,2011-11-14 14:23:00,2011-12-02 10:23:00,2,1702.5200000000007,7,2,1702.5200000000007,5,2,4,3,Loyal,1702.5200000000007
12763,2010-12-01,2010-12-05 15:46:00,2011-07-24 14:12:00,2,494.08,138,2,494.08,3,2,2,2,Need Attention,174.0
12764,2011-01-01,2011-01-27 10:19:00,2011-01-27 10:19:00,1,1693.8800000000003,316,1,1693.8800000000003,2,1,4,2,Hibernating,1693.8800000000003
12765,2010-03-01,2010-03-08 09:43:00,2010-08-24 13:51:00,6,1299.58,472,6,1299.58,1,4,4,4,At Risk – High Value,0.0
12766,2010-10-01,2010-10-28 09:29:00,2011-12-06 08:46:00,9,8134.99,3,9,8134.99,5,5,5,5,Champions,5476.339999999999
12767,2010-11-01,2010-11-29 09:38:00,2010-11-29 09:38:00,1,949.8199999999999,375,1,949.8199999999999,2,1,3,2,Hibernating,0.0
12768,2010-09-01,2010-09-15 12:08:00,2010-09-15 12:08:00,1,168.69000000000003,450,1,168.69000000000003,1,1,1,1,Lost,0.0
12769,2011-04-01,2011-04-15 10:25:00,2011-04-15 10:25:00,1,1143.6000000000001,238,1,1143.6000000000001,2,1,3,2,Hibernating,1143.6000000000001
12770,2010-09-01,2010-09-09 11:43:00,2011-05-13 09:33:00,2,3246.45,210,2,3246.45,2,2,5,4,At Risk – High Value,1351.4499999999998
12771,2010-08-01,2010-08-11 11:51:00,2010-08-11 11:51:00,1,226.30000000000004,485,1,226.30000000000004,1,1,1,1,Lost,0.0
12772,2011-10-01,2011-10-11 09:19:00,2011-10-11 09:19:00,1,752.4700000000004,59,1,752.4700000000004,3,1,3,2,Need Attention,752.4700000000004
12773,2010-05-01,2010-05-24 17:30:00,2010-05-24 17:30:00,1,124.25,564,1,124.25,1,1,1,1,Lost,0.0
12774,2010-06-01,2010-06-22 10:38:00,2010-06-22 10:38:00,1,83.7,535,1,83.7,1,1,1,1,Lost,0.0
12775,2010-10-01,2010-10-26 14:24:00,2011-11-22 16:33:00,7,1551.12,17,7,1551.12,5,4,4,4,Champions,1281.04
12776,2010-02-01,2010-02-10 12:11:00,2010-02-10 12:11:00,1,27.5,667,1,27.5,1,1,1,1,Lost,0.0
12777,2010-09-01,2010-09-08 11:35:00,2010-09-08 11:35:00,1,519.4499999999999,457,1,519.4499999999999,1,1,2,2,Lost,0.0
12778,2010-04-01,2010-04-16 09:57:00,2011-11-20 11:30:00,9,1541.68,19,9,1541.68,5,5,4,4,Champions,693.23
12779,2009-12-01,2009-12-03 07:25:00,2011-11-02 11:43:00,14,6474.109999999999,37,14,6474.109999999999,4,5,5,5,Champions,3733.2
12780,2010-04-01,2010-04-20 09:40:00,2010-04-20 09:40:00,1,322.39999999999986,598,1,322.39999999999986,1,1,2,2,Lost,0.0
12781,2011-02-01,2011-02-28 08:43:00,2011-10-07 10:37:00,2,786.74,63,2,786.74,3,2,3,2,Need Attention,786.74
12782,2010-07-01,2010-07-08 13:31:00,2011-12-05 09:16:00,11,3862.24,4,11,3862.24,5,5,5,5,Champions,1938.9199999999998
12783,2011-09-01,2011-09-25 15:35:00,2011-12-07 15:56:00,4,1295.87,2,4,1295.87,5,3,4,4,Champions,1295.87
12784,2010-06-01,2010-06-28 13:06:00,2011-11-24 12:53:00,2,1511.15,15,2,1511.15,5,2,4,3,Loyal,476.81999999999994
12785,2009-12-01,2009-12-08 13:56:00,2010-12-10 13:48:00,3,904.4000000000001,364,3,904.4000000000001,2,3,3,3,At Risk,255.95
12786,2010-04-01,2010-04-09 12:12:00,2010-04-09 12:12:00,1,668.4999999999999,609,1,668.4999999999999,1,1,3,2,Lost,0.0
12787,2010-10-01,2010-10-22 14:57:00,2011-11-30 08:44:00,4,799.1800000000001,9,4,799.1800000000001,5,3,3,3,Loyal,418.65999999999997
12788,2010-06-01,2010-06-29 13:05:00,2010-09-02 14:21:00,4,384.90000000000003,463,4,384.90000000000003,1,3,2,2,Lost,0.0
12789,2010-01-01,2010-01-15 12:06:00,2011-10-05 13:34:00,3,225.35000000000002,65,3,225.35000000000002,3,3,1,2,Need Attention,76.85000000000001
12790,2010-10-01,2010-10-25 13:04:00,2011-05-31 14:14:00,2,546.8500000000001,192,2,546.8500000000001,2,2,2,2,Hibernating,294.9200000000001
12791,2010-03-01,2010-03-25 17:29:00,2010-12-01 11:27:00,5,656.83,373,5,656.83,2,4,3,4,At Risk – High Value,0.0
12792,2010-06-01,2010-06-23 10:49:00,2011-03-28 11:36:00,2,715.01,256,2,715.01,2,2,3,2,Hibernating,344.54
12793,2010-11-01,2010-11-03 13:05:00,2011-01-09 12:12:00,3,745.53,334,3,745.53,2,3,3,3,At Risk,357.68
12794,2011-09-01,2011-09-02 12:01:00,2011-10-17 14:54:00,2,860.4100000000001,53,2,860.4100000000001,4,2,3,2,New & Promising,860.4100000000001
12795,2011-11-01,2011-11-21 10:27:00,2011-11-21 10:27:00,1,318.4800000000001,18,1,318.4800000000001,5,1,2,2,New & Promising,318.4800000000001
12796,2010-03-01,2010-03-21 15:49:00,2010-03-21 15:49:00,1,351.0,628,1,351.0,1,1,2,2,Lost,0.0
12797,2010-10-01,2010-10-11 12:53:00,2010-12-09 10:55:00,2,468.0799999999999,365,2,468.0799999999999,2,2,2,2,Hibernating,0.0
12798,2010-10-01,2010-10-14 12:27:00,2011-11-29 15:52:00,4,8510.93,10,4,8510.93,5,3,5,4,Champions,6977.04
12799,2010-06-01,2010-06-28 15:57:00,2010-06-28 15:57:00,1,219.35000000000002,529,1,219.35000000000002,1,1,1,1,Lost,0.0
12800,2010-02-01,2010-02-01 11:02:00,2010-08-26 14:11:00,2,500.25,470,2,500.25,1,2,2,2,Lost,0.0
12801,2010-07-01,2010-07-27 09:38:00,2010-07-27 09:38:00,1,871.8199999999999,500,1,871.8199999999999,1,1,3,2,Lost,0.0
12802,2010-05-01,2010-05-25 09:34:00,2011-06-06 09:36:00,5,2186.4200000000005,186,5,2186.4200000000005,3,4,4,4,Loyal,397.58
12803,2010-11-01,2010-11-11 14:57:00,2010-11-11 14:57:00,1,1017.81,393,1,1017.81,2,1,3,2,Hibernating,0.0
12804,2010-07-01,2010-07-27 13:52:00,2010-08-31 11:58:00,2,325.37,465,2,325.37,1,2,2,2,Lost,0.0
12805,2010-02-01,2010-02-03 09:06:00,2010-11-23 12:27:00,4,1230.95,381,4,1230.95,2,3,4,4,At Risk – High Value,0.0
12806,2010-04-01,2010-04-30 10:44:00,2010-05-16 13:49:00,2,2558.959999999999,572,2,2558.959999999999,1,2,4,3,At Risk,0.0
12807,2010-11-01,2010-11-21 14:21:00,2010-11-21 14:21:00,1,250.34999999999997,383,1,250.34999999999997,2,1,1,1,Hibernating,0.0
12808,2010-09-01,2010-09-03 10:24:00,2011-11-03 10:05:00,5,748.7,36,5,748.7,4,4,3,4,Champions,354.25
12809,2010-03-01,2010-03-02 14:19:00,2011-06-15 10:51:00,3,1384.3400000000001,177,3,1384.3400000000001,3,3,4,4,Loyal,405.31
12810,2010-02-01,2010-02-01 09:52:00,2010-06-23 10:53:00,2,534.9900000000001,534,2,534.9900000000001,1,2,2,2,Lost,0.0
12811,2010-10-01,2010-10-08 12:20:00,2011-03-23 10:55:00,4,893.9000000000001,261,4,893.9000000000001,2,3,3,3,At Risk,458.85
12812,2011-10-01,2011-10-26 09:54:00,2011-10-26 09:54:00,1,229.63999999999993,44,1,229.63999999999993,4,1,1,1,New & Promising,229.63999999999993
12813,2010-01-01,2010-01-15 16:52:00,2010-07-26 09:50:00,3,1621.8000000000002,501,3,1621.8000000000002,1,3,4,4,At Risk – High Value,0.0
12814,2011-08-01,2011-08-30 12:11:00,2011-08-30 12:11:00,1,85.92,101,1,85.92,3,1,1,1,Need Attention,85.92
12815,2011-05-01,2011-05-25 13:34:00,2011-07-15 10:21:00,2,863.4599999999998,147,2,863.4599999999998,3,2,3,2,Need Attention,863.4599999999998
12816,2011-06-01,2011-06-16 13:24:00,2011-09-05 12:41:00,2,452.20000000000005,95,2,452.20000000000005,3,2,2,2,Need Attention,452.20000000000005
12817,2010-10-01,2010-10-01 08:57:00,2011-03-03 16:28:00,3,570.98,281,3,570.98,2,3,2,2,Hibernating,126.03999999999999
12818,2011-03-01,2011-03-23 12:06:00,2011-03-23 12:06:00,1,1182.08,261,1,1182.08,2,1,3,2,Hibernating,1182.08
12819,2010-09-01,2010-09-07 15:20:00,2010-09-07 15:20:00,1,540.5200000000001,458,1,540.5200000000001,1,1,2,2,Lost,0.0
12820,2009-12-01,2009-12-05 13:37:00,2011-12-06 15:12:00,11,2689.52,3,11,2689.52,5,5,4,4,Champions,942.3400000000001
12821,2010-04-01,2010-04-07 15:14:00,2011-05-09 15:51:00,2,220.8,214,2,220.8,2,2,1,2,Hibernating,92.72
12822,2011-09-01,2011-09-13 13:46:00,2011-09-30 10:04:00,2,948.8799999999998,70,2,948.8799999999998,3,2,3,2,Need Attention,948.8799999999998
12823,2010-01-01,2010-01-29 12:52:00,2011-09-26 07:35:00,18,6501.5,74,18,6501.5,3,5,5,5,Loyal,1759.5
12824,2011-10-01,2011-10-11 12:49:00,2011-10-11 12:49:00,1,397.11999999999995,59,1,397.11999999999995,3,1,2,2,Need Attention,397.11999999999995
12825,2010-03-01,2010-03-08 10:17:00,2010-07-06 13:56:00,2,518.63,521,2,518.63,1,2,2,2,Lost,0.0
12826,2009-12-01,2009-12-18 10:43:00,2011-12-07 10:25:00,12,2800.75,2,12,2800.75,5,5,4,4,Champions,1319.72
12827,2011-10-01,2011-10-26 15:44:00,2011-12-04 12:17:00,3,430.15,5,3,430.15,5,3,2,2,New & Promising,430.15
12828,2011-08-01,2011-08-01 16:16:00,2011-12-07 08:45:00,6,1018.71,2,6,1018.71,5,4,3,4,Champions,1018.71
12829,2010-06-01,2010-06-07 15:04:00,2011-01-07 11:13:00,3,385.3,336,3,385.3,2,3,2,2,Hibernating,293.0
12830,2011-06-01,2011-06-21 10:53:00,2011-11-02 11:54:00,6,6814.639999999999,37,6,6814.639999999999,4,4,5,4,Champions,6814.64
12831,2010-09-01,2010-09-02 15:58:00,2011-03-22 13:02:00,3,451.11,262,3,451.11,2,3,2,2,Hibernating,215.05
12832,2011-09-01,2011-09-02 13:48:00,2011-11-07 13:30:00,2,383.03,32,2,383.03,4,2,2,2,New & Promising,383.03
12833,2011-07-01,2011-07-17 13:46:00,2011-07-17 13:46:00,1,417.37999999999994,145,1,417.37999999999994,3,1,2,2,Need Attention,417.37999999999994
12834,2011-03-01,2011-03-02 09:49:00,2011-03-02 09:49:00,1,312.38,282,1,312.38,2,1,2,2,Hibernating,312.38
12835,2009-12-01,2009-12-03 12:13:00,2010-10-08 10:59:00,41,5996.83,427,41,5996.83,1,5,5,5,At Risk – High Value,0.0
12836,2009-12-01,2009-12-01 14:19:00,2011-10-11 15:10:00,15,6559.7300000000005,59,15,6559.7300000000005,3,5,5,5,Loyal,2610.36
12837,2010-05-01,2010-05-19 15:10:00,2011-06-19 16:07:00,2,662.66,173,2,662.66,3,2,3,2,Need Attention,134.1
12838,2010-04-01,2010-04-26 09:59:00,2011-11-06 12:20:00,10,2975.91,33,10,2975.91,4,5,5,5,Champions,281.15999999999997
12839,2009-12-01,2009-12-07 09:18:00,2011-12-07 12:33:00,26,9669.120000000003,2,26,9669.120000000003,5,5,5,5,Champions,5188.81
12840,2010-02-01,2010-02-03 14:51:00,2011-07-19 09:29:00,7,4041.9700000000003,143,7,4041.9700000000003,3,4,5,4,Loyal,2726.7699999999995
12841,2010-07-01,2010-07-08 15:38:00,2011-12-05 11:13:00,40,6958.200000000001,4,40,6958.200000000001,5,5,5,5,Champions,3485.59
12842,2009-12-01,2009-12-02 08:15:00,2011-09-30 15:33:00,4,1917.99,70,4,1917.99,3,3,4,4,Loyal,1118.99
12843,2009-12-01,2009-12-13 11:41:00,2011-10-05 12:09:00,28,6461.869999999999,65,28,6461.869999999999,3,5,5,5,Loyal,1702.26
12844,2010-04-01,2010-04-25 11:51:00,2011-11-10 13:31:00,4,648.5999999999999,29,4,648.5999999999999,4,3,3,3,Loyal,325.96000000000004
12845,2011-02-01,2011-02-22 14:10:00,2011-03-17 13:34:00,4,354.09000000000003,267,4,354.09000000000003,2,3,2,2,Hibernating,354.09
12847,2010-11-01,2010-11-17 12:44:00,2011-11-17 13:16:00,2,1608.9999999999998,22,2,1608.9999999999998,4,2,4,3,Loyal,843.6399999999999
12848,2010-02-01,2010-02-02 12:45:00,2010-02-02 12:45:00,1,208.00000000000003,675,1,208.00000000000003,1,1,1,1,Lost,0.0
12849,2010-04-01,2010-04-27 13:44:00,2011-11-08 13:41:00,6,3015.98,31,6,3015.98,4,4,5,4,Champions,992.65
12850,2010-09-01,2010-09-20 12:26:00,2010-09-20 12:26:00,1,330.0,445,1,330.0,1,1,2,2,Lost,0.0
12851,2010-08-01,2010-08-19 15:13:00,2011-09-04 12:41:00,2,280.76,96,2,280.76,3,2,1,2,Need Attention,131.80999999999997
12852,2011-02-01,2011-02-18 08:47:00,2011-02-18 08:47:00,1,311.54999999999995,294,1,311.54999999999995,2,1,2,2,Hibernating,311.54999999999995
12853,2010-02-01,2010-02-05 11:57:00,2011-07-28 11:29:00,11,3907.5,134,11,3907.5,3,5,5,5,Loyal,1957.1000000000001
12854,2009-12-01,2009-12-11 12:55:00,2011-09-22 12:15:00,7,2970.9700000000003,78,7,2970.9700000000003,3,4,5,4,Loyal,1316.25
12855,2010-11-01,2010-11-02 18:16:00,2010-12-02 09:37:00,4,612.8400000000003,372,4,612.8400000000003,2,3,3,3,At Risk,0.0
12856,2011-10-01,2011-10-07 12:38:00,2011-12-02 10:52:00,6,2170.78,7,6,2170.78,5,4,4,4,Champions,2170.7799999999997
12857,2010-01-01,2010-01-25 15:37:00,2011-05-13 10:20:00,6,3687.9999999999995,210,6,3687.9999999999995,2,4,5,4,At Risk – High Value,1106.4
12858,2010-11-01,2010-11-21 12:55:00,2010-11-21 12:55:00,1,147.26999999999998,383,1,147.26999999999998,2,1,1,1,Hibernating,0.0
12859,2010-09-01,2010-09-07 12:20:00,2010-09-07 12:20:00,1,575.0999999999999,458,1,575.0999999999999,1,1,2,2,Lost,0.0
12860,2010-01-01,2010-01-15 15:22:00,2010-01-15 15:22:00,1,54.22,693,1,54.22,1,1,1,1,Lost,0.0
12861,2010-03-01,2010-03-30 11:39:00,2010-03-30 11:39:00,1,68.25,619,1,68.25,1,1,1,1,Lost,0.0
12862,2010-08-01,2010-08-01 15:20:00,2010-10-10 11:47:00,2,984.6200000000001,425,2,984.6200000000001,1,2,3,2,Lost,0.0
12863,2010-04-01,2010-04-29 13:54:00,2011-10-18 14:15:00,6,2792.5499999999997,52,6,2792.5499999999997,4,4,4,4,Champions,521.2
12864,2010-07-01,2010-07-19 17:22:00,2011-07-24 13:03:00,2,299.57,138,2,299.57,3,2,2,2,Need Attention,147.12
12865,2010-08-01,2010-08-20 12:20:00,2011-11-13 14:31:00,4,3323.47,26,4,3323.47,4,3,5,4,Champions,1568.2299999999996
12866,2010-07-01,2010-07-25 11:37:00,2011-03-01 14:11:00,3,1092.35,283,3,1092.35,2,3,3,3,At Risk,499.11999999999995
12867,2009-12-01,2009-12-16 16:25:00,2011-11-13 15:30:00,13,7829.26,26,13,7829.26,4,5,5,5,Champions,4009.34
12868,2010-11-01,2010-11-12 10:05:00,2011-06-07 10:42:00,8,2043.7600000000002,185,8,2043.7600000000002,3,4,4,4,Loyal,1403.7600000000002
12869,2010-01-01,2010-01-27 12:10:00,2010-01-27 12:10:00,1,337.66999999999996,681,1,337.66999999999996,1,1,2,2,Lost,0.0
12870,2010-03-01,2010-03-25 14:32:00,2010-11-29 13:42:00,3,1676.9500000000003,375,3,1676.9500000000003,2,3,4,4,At Risk – High Value,0.0
12871,2010-09-01,2010-09-26 10:34:00,2011-09-16 15:07:00,3,744.02,84,3,744.02,3,3,3,3,Loyal,380.64
12872,2009-12-01,2009-12-03 20:03:00,2011-01-17 10:52:00,12,3283.96,326,12,3283.96,2,5,5,5,At Risk – High Value,221.44000000000003
12873,2010-01-01,2010-01-27 09:50:00,2011-03-02 14:58:00,3,2027.3000000000004,282,3,2027.3000000000004,2,3,4,4,At Risk – High Value,374.0
12874,2010-06-01,2010-06-03 12:51:00,2010-11-19 15:23:00,2,873.4200000000001,385,2,873.4200000000001,2,2,3,2,Hibernating,0.0
12875,2010-01-01,2010-01-11 12:37:00,2011-07-19 15:30:00,5,1356.99,143,5,1356.99,3,4,4,4,Loyal,343.2300000000001
12876,2010-04-01,2010-04-28 13:26:00,2011-10-13 12:26:00,4,3751.790000000001,57,4,3751.790000000001,4,3,5,4,Champions,2053.0200000000004
12877,2010-01-01,2010-01-18 10:23:00,2011-12-06 10:30:00,20,2942.1400000000003,3,20,2942.1400000000003,5,5,5,5,Champions,1535.7700000000002
12878,2011-03-01,2011-03-18 14:02:00,2011-04-17 13:07:00,2,854.99,236,2,854.99,2,2,3,2,Hibernating,854.99
12879,2011-09-01,2011-09-09 12:11:00,2011-10-26 12:24:00,3,573.22,44,3,573.22,4,3,2,2,New & Promising,573.22
12880,2010-05-01,2010-05-14 11:57:00,2010-11-23 10:50:00,2,640.13,381,2,640.13,2,2,3,2,Hibernating,0.0
12881,2011-03-01,2011-03-09 11:44:00,2011-03-09 11:44:00,1,298.0,275,1,298.0,2,1,2,2,Hibernating,298.0
12882,2011-11-01,2011-11-06 11:22:00,2011-11-30 16:18:00,2,1463.04,9,2,1463.04,5,2,4,3,Loyal,1463.04
12883,2011-09-01,2011-09-11 15:18:00,2011-11-15 09:32:00,4,703.4700000000001,24,4,703.4700000000001,4,3,3,3,Loyal,703.47
12884,2011-09-01,2011-09-12 13:10:00,2011-09-12 13:10:00,1,309.05000000000007,88,1,309.05000000000007,3,1,2,2,Need Attention,309.05000000000007
12885,2011-08-01,2011-08-08 11:45:00,2011-10-07 13:40:00,3,1175.22,63,3,1175.22,3,3,3,3,Loyal,1175.22
12886,2011-05-01,2011-05-04 11:21:00,2011-10-03 10:09:00,2,1378.4,67,2,1378.4,3,2,4,3,Loyal,1378.4
12887,2010-11-01,2010-11-21 11:18:00,2010-11-21 11:18:00,1,222.4,383,1,222.4,2,1,1,1,Hibernating,0.0
12888,2011-03-01,2011-03-29 14:31:00,2011-05-09 16:02:00,2,354.12,214,2,354.12,2,2,2,2,Hibernating,354.12
12889,2010-07-01,2010-07-25 14:32:00,2010-11-23 16:08:00,4,385.46000000000004,381,4,385.46000000000004,2,3,2,2,Hibernating,0.0
12890,2010-11-01,2010-11-17 14:05:00,2011-11-15 17:26:00,2,706.0199999999998,24,2,706.0199999999998,4,2,3,2,New & Promising,376.7199999999999
12891,2010-02-01,2010-02-18 14:32:00,2011-06-07 12:31:00,11,840.5,185,11,840.5,3,5,3,4,Loyal,331.0
12892,2010-11-01,2010-11-08 09:51:00,2010-11-08 09:51:00,1,263.37999999999994,396,1,263.37999999999994,2,1,1,1,Hibernating,0.0
12893,2011-11-01,2011-11-09 12:34:00,2011-11-09 12:34:00,1,176.55,30,1,176.55,4,1,1,1,New & Promising,176.55
12894,2010-05-01,2010-05-13 14:47:00,2010-05-13 14:47:00,1,157.35,575,1,157.35,1,1,1,1,Lost,0.0
12895,2011-09-01,2011-09-14 08:35:00,2011-10-28 13:51:00,2,372.79999999999995,42,2,372.79999999999995,4,2,2,2,New & Promising,372.79999999999995
12897,2010-06-01,2010-06-14 11:58:00,2011-05-19 12:13:00,4,514.25,204,4,514.25,2,3,2,2,Hibernating,216.5
12898,2010-02-01,2010-02-18 12:36:00,2010-09-02 08:08:00,2,296.21000000000004,463,2,296.21000000000004,1,2,2,2,Lost,0.0
12899,2010-10-01,2010-10-22 09:53:00,2010-10-22 09:53:00,1,366.4,413,1,366.4,1,1,2,2,Lost,0.0
12900,2010-10-01,2010-10-13 15:17:00,2010-10-13 15:17:00,1,340.33000000000004,422,1,340.33000000000004,1,1,2,2,Lost,0.0
12901,2011-03-01,2011-03-14 10:41:00,2011-12-01 10:07:00,28,17654.54,8,28,17654.54,5,5,5,5,Champions,17654.54
12902,2011-03-01,2011-03-20 12:06:00,2011-03-20 12:06:00,1,138.68,264,1,138.68,2,1,1,1,Hibernating,138.68
12903,2010-10-01,2010-10-07 12:39:00,2010-10-07 12:39:00,1,833.5300000000001,428,1,833.5300000000001,1,1,3,2,Lost,0.0
12904,2011-06-01,2011-06-20 13:18:00,2011-11-21 14:34:00,2,496.05999999999995,18,2,496.05999999999995,5,2,2,2,New & Promising,496.05999999999995
12905,2010-01-01,2010-01-26 14:06:00,2010-05-12 10:05:00,2,1018.4200000000002,576,2,1018.4200000000002,1,2,3,2,Lost,0.0
12906,2011-09-01,2011-09-22 15:03:00,2011-11-28 09:55:00,5,2919.8099999999995,11,5,2919.8099999999995,5,4,5,4,Champions,2919.8099999999995
12907,2010-08-01,2010-08-02 14:33:00,2010-11-09 12:08:00,2,508.9099999999999,395,2,508.9099999999999,2,2,2,2,Hibernating,0.0
12908,2010-03-01,2010-03-19 15:59:00,2011-06-16 15:39:00,5,1776.0,176,5,1776.0,3,4,4,4,Loyal,750.0
12909,2010-02-01,2010-02-24 12:14:00,2011-10-31 12:43:00,8,3103.19,39,8,3103.19,4,4,5,4,Champions,2178.67
12910,2010-03-01,2010-03-28 13:10:00,2011-11-16 14:28:00,13,5796.52,23,13,5796.52,4,5,5,5,Champions,3075.0400000000004
12911,2010-06-01,2010-06-06 12:13:00,2010-06-06 12:13:00,1,1651.7199999999998,551,1,1651.7199999999998,1,1,4,2,Lost,0.0
12912,2011-10-01,2011-10-30 11:35:00,2011-12-07 08:55:00,5,1662.3000000000002,2,5,1662.3000000000002,5,4,4,4,Champions,1662.3
12913,2009-12-01,2009-12-01 12:18:00,2011-12-05 12:11:00,13,6283.24,4,13,6283.24,5,5,5,5,Champions,2066.0099999999998
12914,2010-11-01,2010-11-04 12:28:00,2010-11-04 12:28:00,1,223.98,400,1,223.98,2,1,1,1,Hibernating,0.0
12915,2010-04-01,2010-04-29 19:36:00,2011-07-14 11:34:00,4,975.1,148,4,975.1,3,3,3,3,Loyal,164.0
12916,2010-01-01,2010-01-24 11:26:00,2011-07-24 10:35:00,7,4479.73,138,7,4479.73,3,4,5,4,Loyal,2944.95
12917,2009-12-01,2009-12-09 14:22:00,2011-08-03 16:42:00,6,4359.2,128,6,4359.2,3,4,5,4,Loyal,594.0
12919,2011-06-01,2011-06-23 09:22:00,2011-12-01 13:47:00,6,1335.1899999999998,8,6,1335.1899999999998,5,4,4,4,Champions,1335.19
12920,2009-12-01,2009-12-14 15:58:00,2011-11-22 15:05:00,4,486.64,17,4,486.64,5,3,2,2,New & Promising,162.78000000000003
12921,2009-12-01,2009-12-01 13:43:00,2011-11-30 16:22:00,74,35233.240000000005,9,74,35233.240000000005,5,5,5,5,Champions,15899.29
12922,2011-07-01,2011-07-01 15:35:00,2011-07-01 15:35:00,1,405.38,161,1,405.38,3,1,2,2,Need Attention,405.38
12923,2010-05-01,2010-05-13 14:55:00,2011-10-06 16:20:00,3,769.1700000000001,64,3,769.1700000000001,3,3,3,3,Loyal,171.57
12924,2009-12-01,2009-12-09 12:40:00,2011-09-12 13:55:00,12,2461.4500000000007,88,12,2461.4500000000007,3,5,4,4,Loyal,925.75
12925,2010-04-01,2010-04-26 10:32:00,2011-12-05 11:11:00,3,729.3299999999999,4,3,729.3299999999999,5,3,3,3,Loyal,694.05
12926,2009-12-01,2009-12-14 14:35:00,2010-10-24 15:57:00,4,1523.5899999999997,411,4,1523.5899999999997,1,3,4,4,At Risk – High Value,0.0
12927,2010-11-01,2010-11-10 10:02:00,2010-11-10 10:02:00,1,197.31,394,1,197.31,2,1,1,1,Hibernating,0.0
12928,2010-06-01,2010-06-08 10:16:00,2011-11-04 14:24:00,12,4304.89,35,12,4304.89,4,5,5,5,Champions,2062.7
12929,2011-02-01,2011-02-01 12:08:00,2011-02-01 12:08:00,1,117.85000000000001,311,1,117.85000000000001,2,1,1,1,Hibernating,117.85000000000001
12930,2011-06-01,2011-06-21 13:25:00,2011-09-22 15:18:00,2,415.8,78,2,415.8,3,2,2,2,Need Attention,415.8
12931,2009-12-01,2009-12-01 11:46:00,2011-11-18 12:39:00,57,92347.34000000001,21,57,92347.34000000001,4,5,5,5,Champions,42055.96000000001
12932,2010-02-01,2010-02-10 08:46:00,2010-06-18 14:22:00,8,1698.56,539,8,1698.56,1,4,4,4,At Risk – High Value,0.0
12933,2009-12-01,2009-12-10 16:39:00,2011-11-15 16:38:00,8,1636.63,24,8,1636.63,4,4,4,4,Champions,607.53
12934,2009-12-01,2009-12-03 10:51:00,2009-12-03 10:51:00,1,181.65,736,1,181.65,1,1,1,1,Lost,0.0
12935,2010-04-01,2010-04-11 15:59:00,2011-12-07 17:25:00,15,4243.86,2,15,4243.86,5,5,5,5,Champions,2160.7
12936,2011-09-01,2011-09-22 13:51:00,2011-11-22 17:32:00,4,1063.9,17,4,1063.9,5,3,3,3,Loyal,1063.9
12937,2009-12-01,2009-12-03 15:43:00,2011-11-24 15:05:00,9,3097.6099999999997,15,9,3097.6099999999997,5,5,5,5,Champions,1504.2699999999995
12938,2011-11-01,2011-11-14 11:21:00,2011-11-14 11:21:00,1,114.14,25,1,114.14,4,1,1,1,New & Promising,114.14
12939,2010-01-01,2010-01-12 11:27:00,2011-10-06 14:33:00,20,25264.8,64,20,25264.8,3,5,5,5,Loyal,11581.800000000001
12940,2011-09-01,2011-09-13 10:16:00,2011-10-16 12:09:00,2,899.69,54,2,899.69,4,2,3,2,New & Promising,899.69
12941,2009-12-01,2009-12-15 13:12:00,2009-12-15 13:12:00,1,377.4900000000002,724,1,377.4900000000002,1,1,2,2,Lost,0.0
12942,2010-12-01,2010-12-09 09:34:00,2011-07-31 14:39:00,3,675.5999999999999,131,3,675.5999999999999,3,3,3,3,Loyal,416.84999999999985
12943,2010-04-01,2010-04-13 11:03:00,2010-05-30 13:52:00,2,496.5,558,2,496.5,1,2,2,2,Lost,0.0
12944,2010-12-01,2010-12-20 10:41:00,2011-11-04 11:04:00,2,604.51,35,2,604.51,4,2,3,2,New & Promising,604.51
12945,2010-02-01,2010-02-21 15:18:00,2011-02-24 14:15:00,2,900.1100000000001,288,2,900.1100000000001,2,2,3,2,Hibernating,462.95000000000005
12946,2010-09-01,2010-09-29 10:14:00,2010-09-29 10:14:00,1,324.45,436,1,324.45,1,1,2,2,Lost,0.0
12947,2010-12-01,2010-12-01 16:21:00,2011-07-19 10:06:00,6,1603.9900000000002,143,6,1603.9900000000002,3,4,4,4,Loyal,1299.9500000000003
12948,2009-12-01,2009-12-02 12:28:00,2011-11-23 17:10:00,9,2317.4300000000003,16,9,2317.4300000000003,5,5,4,4,Champions,2064.95
12949,2009-12-01,2009-12-03 15:56:00,2011-11-09 11:25:00,22,15526.7,30,22,15526.7,4,5,5,5,Champions,4167.219999999999
12950,2011-11-01,2011-11-15 13:48:00,2011-12-07 13:17:00,3,1843.0,2,3,1843.0,5,3,4,4,Champions,1843.0
12951,2010-01-01,2010-01-10 12:43:00,2011-12-01 12:14:00,15,3213.7200000000003,8,15,3213.7200000000003,5,5,5,5,Champions,1064.0700000000002
12952,2011-09-01,2011-09-22 16:37:00,2011-12-04 10:35:00,4,1387.7900000000002,5,4,1387.7900000000002,5,3,4,4,Champions,1387.7900000000002
12953,2010-07-01,2010-07-05 13:37:00,2011-11-30 09:24:00,2,828.81,9,2,828.81,5,2,3,2,New & Promising,329.84999999999997
12954,2010-03-01,2010-03-11 10:16:00,2010-03-11 10:16:00,1,162.45,638,1,162.45,1,1,1,1,Lost,0.0
12955,2011-03-01,2011-03-17 09:03:00,2011-12-08 16:29:00,11,4757.16,1,11,4757.16,5,5,5,5,Champions,4757.16
12956,2009-12-01,2009-12-15 19:03:00,2011-02-06 16:08:00,4,521.89,306,4,521.89,2,3,2,2,Hibernating,108.07
12957,2009-12-01,2009-12-11 12:01:00,2011-11-30 09:53:00,13,8706.970000000001,9,13,8706.970000000001,5,5,5,5,Champions,4017.54
12958,2010-05-01,2010-05-05 16:22:00,2010-11-04 16:16:00,2,467.3399999999999,400,2,467.3399999999999,2,2,2,2,Hibernating,0.0
12959,2010-08-01,2010-08-12 17:20:00,2010-08-12 17:20:00,1,150.95000000000002,484,1,150.95000000000002,1,1,1,1,Lost,0.0
12960,2010-02-01,2010-02-16 13:32:00,2010-10-22 09:31:00,4,1322.07,413,4,1322.07,1,3,4,4,At Risk – High Value,0.0
12961,2010-11-01,2010-11-25 16:44:00,2010-11-25 16:44:00,1,211.99,379,1,211.99,2,1,1,1,Hibernating,0.0
12962,2011-08-01,2011-08-18 13:38:00,2011-12-02 15:55:00,2,266.39000000000004,7,2,266.39000000000004,5,2,1,2,New & Promising,266.39000000000004
12963,2010-07-01,2010-07-08 14:45:00,2011-12-01 12:55:00,12,3235.7900000000004,8,12,3235.7900000000004,5,5,5,5,Champions,1490.83
12964,2010-09-01,2010-09-28 17:47:00,2010-09-28 17:47:00,1,132.24,437,1,132.24,1,1,1,1,Lost,0.0
12965,2011-09-01,2011-09-11 15:31:00,2011-09-11 15:31:00,1,769.8099999999997,89,1,769.8099999999997,3,1,3,2,Need Attention,769.8099999999997
12966,2011-11-01,2011-11-30 12:38:00,2011-11-30 12:38:00,1,160.18,9,1,160.18,5,1,1,1,New & Promising,160.18
12967,2010-11-01,2010-11-21 11:03:00,2010-12-16 19:10:00,3,2938.5200000000004,358,3,2938.5200000000004,2,3,5,4,At Risk – High Value,292.5
12968,2011-08-01,2011-08-19 15:44:00,2011-08-19 15:44:00,1,135.95,112,1,135.95,3,1,1,1,Need Attention,135.95
12969,2010-04-01,2010-04-16 10:50:00,2010-04-16 10:50:00,1,122.45,602,1,122.45,1,1,1,1,Lost,0.0
12970,2009-12-01,2009-12-04 14:19:00,2011-12-02 14:30:00,10,1452.5399999999995,7,10,1452.5399999999995,5,5,4,4,Champions,405.46999999999986
12971,2009-12-01,2009-12-15 19:04:00,2011-12-06 12:20:00,116,15704.599999999995,3,116,15704.599999999995,5,5,5,5,Champions,10921.72
12972,2010-02-01,2010-02-16 14:30:00,2010-10-22 08:41:00,4,1161.2000000000003,413,4,1161.2000000000003,1,3,3,3,At Risk,0.0
12973,2010-10-01,2010-10-22 10:14:00,2010-10-22 10:14:00,1,385.55,413,1,385.55,1,1,2,2,Lost,0.0
12974,2010-05-01,2010-05-23 11:45:00,2011-05-26 09:33:00,2,408.95000000000005,197,2,408.95000000000005,2,2,2,2,Hibernating,144.8
12975,2009-12-01,2009-12-06 10:38:00,2010-09-29 09:46:00,6,2100.09,436,6,2100.09,1,4,4,4,At Risk – High Value,0.0
12976,2010-02-01,2010-02-12 15:46:00,2011-05-12 09:55:00,8,3156.38,211,8,3156.38,2,4,5,4,At Risk – High Value,738.6
12977,2010-07-01,2010-07-16 16:25:00,2011-07-06 16:40:00,4,513.88,156,4,513.88,3,3,2,2,Need Attention,39.24
12978,2009-12-01,2009-12-10 12:10:00,2010-11-19 14:29:00,5,2502.82,385,5,2502.82,2,4,4,4,At Risk – High Value,0.0
12979,2009-12-01,2009-12-10 15:45:00,2009-12-10 15:45:00,1,517.7000000000002,729,1,517.7000000000002,1,1,2,2,Lost,0.0
12980,2009-12-01,2009-12-02 11:26:00,2011-07-05 09:34:00,21,16245.779999999999,157,21,16245.779999999999,3,5,5,5,Loyal,7374.900000000001
12981,2011-07-01,2011-07-29 14:14:00,2011-11-10 12:00:00,2,372.22,29,2,372.22,4,2,2,2,New & Promising,372.22
12982,2010-04-01,2010-04-12 13:50:00,2011-04-11 11:51:00,8,2744.81,242,8,2744.81,2,4,4,4,At Risk – High Value,390.53999999999996
12983,2010-04-01,2010-04-20 12:58:00,2010-04-20 12:58:00,1,490.08,598,1,490.08,1,1,2,2,Lost,0.0
12984,2011-11-01,2011-11-21 12:37:00,2011-11-21 12:37:00,1,97.5,18,1,97.5,5,1,1,1,New & Promising,97.5
12985,2011-11-01,2011-11-11 12:44:00,2011-12-09 10:46:00,2,1239.3799999999999,0,2,1239.3799999999999,5,2,4,3,Loyal,1239.3799999999999
12986,2010-01-01,2010-01-21 10:45:00,2010-10-07 11:57:00,10,2729.84,428,10,2729.84,1,5,4,4,At Risk – High Value,0.0
12987,2010-01-01,2010-01-20 09:57:00,2011-09-27 12:03:00,5,1312.21,73,5,1312.21,3,4,4,4,Loyal,558.7
12988,2011-02-01,2011-02-20 14:31:00,2011-02-20 14:31:00,1,505.82,292,1,505.82,2,1,2,2,Hibernating,505.82
12989,2009-12-01,2009-12-10 13:27:00,2011-12-06 15:28:00,33,13551.75,3,33,13551.75,5,5,5,5,Champions,6924.11
12990,2010-03-01,2010-03-30 11:36:00,2011-11-08 13:01:00,7,955.5,31,7,955.5,4,4,3,4,Champions,409.5
12991,2010-11-01,2010-11-15 13:43:00,2011-11-16 15:34:00,3,764.8199999999999,23,3,764.8199999999999,4,3,3,3,Loyal,503.76
12992,2009-12-01,2009-12-14 16:46:00,2009-12-14 16:46:00,1,93.35000000000001,725,1,93.35000000000001,1,1,1,1,Lost,0.0
12993,2010-02-01,2010-02-18 10:35:00,2011-11-16 15:49:00,8,1259.63,23,8,1259.63,4,4,4,4,Champions,414.76000000000005
12994,2011-03-01,2011-03-16 08:31:00,2011-12-05 15:43:00,3,974.4200000000001,4,3,974.4200000000001,5,3,3,3,Loyal,974.4200000000001
12995,2011-09-01,2011-09-15 15:44:00,2011-09-15 15:44:00,1,211.32,85,1,211.32,3,1,1,1,Need Attention,211.32
12996,2010-11-01,2010-11-29 09:27:00,2010-11-29 09:27:00,1,355.5,375,1,355.5,2,1,2,2,Hibernating,0.0
12997,2010-04-01,2010-04-06 11:06:00,2011-11-17 15:47:00,8,2110.91,22,8,2110.91,4,4,4,4,Champions,1226.8899999999999
12998,2010-02-01,2010-02-24 11:55:00,2010-08-04 08:05:00,3,920.0800000000002,492,3,920.0800000000002,1,3,3,3,At Risk,0.0
12999,2011-04-01,2011-04-08 10:26:00,2011-05-27 13:24:00,3,455.87999999999994,196,3,455.87999999999994,2,3,2,2,Hibernating,455.87999999999994
13000,2009-12-01,2009-12-14 17:03:00,2011-08-25 10:43:00,4,1032.5000000000002,106,4,1032.5000000000002,3,3,3,3,Loyal,534.85
13001,2009-12-01,2009-12-03 16:21:00,2011-12-05 14:51:00,33,24042.65,4,33,24042.65,5,5,5,5,Champions,9785.97
13002,2010-10-01,2010-10-01 11:58:00,2011-01-25 15:18:00,3,414.13000000000005,318,3,414.13000000000005,2,3,2,2,Hibernating,120.94999999999999
13003,2011-05-01,2011-05-09 08:23:00,2011-08-26 10:50:00,3,149.05,105,3,149.05,3,3,1,2,Need Attention,149.05
13004,2009-12-01,2009-12-15 09:44:00,2011-11-28 11:27:00,36,11650.849999999999,11,36,11650.849999999999,5,5,5,5,Champions,5655.91
13005,2010-09-01,2010-09-08 12:52:00,2011-06-19 10:53:00,4,999.68,173,4,999.68,3,3,3,3,Loyal,513.7
13006,2011-10-01,2011-10-14 13:49:00,2011-10-14 13:49:00,1,81.57,56,1,81.57,4,1,1,1,New & Promising,81.57
13007,2010-05-01,2010-05-09 10:38:00,2010-05-09 10:38:00,1,175.25,579,1,175.25,1,1,1,1,Lost,0.0
13008,2009-12-01,2009-12-16 16:07:00,2011-01-20 14:24:00,3,612.13,323,3,612.13,2,3,3,3,At Risk,229.47000000000003
13009,2010-02-01,2010-02-05 12:22:00,2010-02-05 12:22:00,1,234.0,672,1,234.0,1,1,1,1,Lost,0.0
13010,2010-03-01,2010-03-01 11:28:00,2010-11-30 15:09:00,2,330.12,374,2,330.12,2,2,2,2,Hibernating,0.0
13011,2010-12-01,2010-12-02 17:22:00,2010-12-02 17:22:00,1,50.550000000000004,372,1,50.550000000000004,2,1,1,1,Hibernating,0.0
13012,2010-04-01,2010-04-26 14:14:00,2011-11-30 13:05:00,11,2957.83,9,11,2957.83,5,5,5,5,Champions,1646.8400000000001
13013,2009-12-01,2009-12-14 10:34:00,2011-12-08 15:01:00,29,11097.43,1,29,11097.43,5,5,5,5,Champions,3282.6000000000004
13014,2010-10-01,2010-10-03 11:35:00,2011-11-29 12:27:00,11,5381.080000000001,10,11,5381.080000000001,5,5,5,5,Champions,3466.28
13015,2010-04-01,2010-04-15 16:35:00,2011-10-17 13:19:00,11,6579.779999999999,53,11,6579.779999999999,4,5,5,5,Champions,3339.6399999999994
13016,2011-08-01,2011-08-08 15:00:00,2011-09-27 14:08:00,3,789.8899999999999,73,3,789.8899999999999,3,3,3,3,Loyal,789.8899999999998
13017,2011-12-01,2011-12-02 15:53:00,2011-12-02 15:53:00,1,204.0,7,1,204.0,5,1,1,1,New & Promising,204.0
13018,2010-03-01,2010-03-01 12:34:00,2011-11-23 13:28:00,35,9763.16,16,35,9763.16,5,5,5,5,Champions,7277.700000000001
13019,2009-12-01,2009-12-06 15:40:00,2010-11-25 14:56:00,6,1229.9500000000003,379,6,1229.9500000000003,2,4,4,4,At Risk – High Value,0.0
13020,2010-02-01,2010-02-18 10:35:00,2010-05-26 11:12:00,2,618.96,562,2,618.96,1,2,3,2,Lost,0.0
13021,2009-12-01,2009-12-05 12:02:00,2011-12-05 16:37:00,17,4887.24,4,17,4887.24,5,5,5,5,Champions,2616.38
13022,2010-10-01,2010-10-06 10:50:00,2010-10-06 10:50:00,1,50.3,429,1,50.3,1,1,1,1,Lost,0.0
13023,2010-06-01,2010-06-29 09:51:00,2011-10-06 16:27:00,3,1251.0300000000004,64,3,1251.0300000000004,3,3,4,4,Loyal,599.9000000000001
13024,2010-05-01,2010-05-06 14:25:00,2010-08-26 09:42:00,2,555.8700000000001,470,2,555.8700000000001,1,2,2,2,Lost,0.0
13025,2009-12-01,2009-12-08 10:02:00,2009-12-08 10:02:00,1,323.39,731,1,323.39,1,1,2,2,Lost,0.0
13026,2009-12-01,2009-12-13 11:34:00,2011-12-08 16:58:00,9,1733.0800000000002,1,9,1733.0800000000002,5,5,4,4,Champions,975.3600000000001
13027,2010-01-01,2010-01-20 10:41:00,2011-08-18 09:39:00,19,17239.2,113,19,17239.2,3,5,5,5,Loyal,6912.0
13028,2011-10-01,2011-10-25 14:09:00,2011-11-17 11:10:00,2,661.3199999999999,22,2,661.3199999999999,4,2,3,2,New & Promising,661.3199999999999
13029,2010-07-01,2010-07-04 13:46:00,2011-11-09 09:13:00,5,1927.3,30,5,1927.3,4,4,4,4,Champions,1247.5
13030,2010-12-01,2010-12-06 14:31:00,2011-11-28 14:30:00,2,752.44,11,2,752.44,5,2,3,2,New & Promising,350.08000000000004
13031,2010-06-01,2010-06-03 14:57:00,2010-10-28 15:34:00,5,3292.84,407,5,3292.84,2,4,5,4,At Risk – High Value,0.0
13032,2010-09-01,2010-09-05 14:01:00,2011-10-18 15:54:00,9,2815.96,52,9,2815.96,4,5,4,4,Champions,1010.18
13033,2010-10-01,2010-10-06 09:37:00,2010-12-17 14:23:00,2,220.54999999999998,357,2,220.54999999999998,2,2,1,2,Hibernating,190.54999999999998
13034,2010-11-01,2010-11-03 15:22:00,2011-10-16 12:21:00,3,756.82,54,3,756.82,4,3,3,3,Loyal,476.91
13035,2010-10-01,2010-10-04 15:41:00,2011-09-27 08:57:00,3,1364.1999999999998,73,3,1364.1999999999998,3,3,4,4,Loyal,921.8799999999999
13036,2010-01-01,2010-01-24 11:35:00,2010-01-24 11:35:00,1,307.1,684,1,307.1,1,1,2,2,Lost,0.0
13037,2009-12-01,2009-12-03 17:04:00,2011-07-24 15:46:00,12,3914.95,138,12,3914.95,3,5,5,5,Loyal,881.0699999999999
13038,2011-02-01,2011-02-22 11:43:00,2011-09-20 14:37:00,3,908.46,80,3,908.46,3,3,3,3,Loyal,908.46
13039,2009-12-01,2009-12-17 16:43:00,2010-05-04 16:45:00,4,1010.73,584,4,1010.73,1,3,3,3,At Risk,0.0
13040,2011-11-01,2011-11-06 13:53:00,2011-12-01 10:38:00,2,676.99,8,2,676.99,5,2,3,2,New & Promising,676.99
13041,2010-04-01,2010-04-29 08:43:00,2010-09-15 11:44:00,4,799.13,450,4,799.13,1,3,3,3,At Risk,0.0
13042,2009-12-01,2009-12-07 15:42:00,2010-04-20 13:43:00,3,1488.5900000000004,598,3,1488.5900000000004,1,3,4,4,At Risk – High Value,0.0
13043,2011-03-01,2011-03-11 14:52:00,2011-03-11 14:52:00,1,516.4200000000001,273,1,516.4200000000001,2,1,2,2,Hibernating,516.4200000000001
13044,2010-01-01,2010-01-08 14:46:00,2011-02-21 15:20:00,11,4848.05,291,11,4848.05,2,5,5,5,At Risk – High Value,560.4700000000001
13045,2010-08-01,2010-08-10 13:02:00,2011-09-01 15:04:00,3,808.9200000000001,99,3,808.9200000000001,3,3,3,3,Loyal,305.28
13046,2010-09-01,2010-09-09 13:09:00,2011-11-09 08:36:00,3,949.25,30,3,949.25,4,3,3,3,Loyal,629.31
13047,2009-12-01,2009-12-16 11:43:00,2011-10-14 11:15:00,23,8423.58,56,23,8423.58,4,5,5,5,Champions,2865.96
13048,2010-01-01,2010-01-27 12:55:00,2011-11-25 13:23:00,9,4049.13,14,9,4049.13,5,5,5,5,Champions,1819.41
13049,2010-11-01,2010-11-03 15:39:00,2011-10-06 15:31:00,4,1408.24,64,4,1408.24,3,3,4,4,Loyal,656.6800000000001
13050,2009-12-01,2009-12-15 15:06:00,2011-11-25 09:18:00,34,11877.289999999999,14,34,11877.289999999999,5,5,5,5,Champions,5505.1
13051,2010-03-01,2010-03-30 11:11:00,2010-05-10 09:14:00,2,155.8,578,2,155.8,1,2,1,2,Lost,0.0
13052,2010-02-01,2010-02-23 12:31:00,2011-05-11 14:12:00,7,3118.4800000000005,212,7,3118.4800000000005,2,4,5,4,At Risk – High Value,348.15000000000003
13053,2010-03-01,2010-03-28 11:28:00,2010-03-28 11:28:00,1,127.65,621,1,127.65,1,1,1,1,Lost,0.0
13055,2010-10-01,2010-10-06 08:17:00,2011-09-22 14:26:00,4,2321.1099999999997,78,4,2321.1099999999997,3,3,4,4,Loyal,1214.4099999999996
13056,2010-06-01,2010-06-06 14:10:00,2010-06-06 14:10:00,1,209.48000000000002,551,1,209.48000000000002,1,1,1,1,Lost,0.0
13057,2010-03-01,2010-03-18 12:14:00,2010-06-27 15:44:00,3,709.59,530,3,709.59,1,3,3,3,At Risk,0.0
13058,2011-07-01,2011-07-11 12:01:00,2011-11-15 12:43:00,3,271.4,24,3,271.4,4,3,1,2,New & Promising,271.4
13059,2010-03-01,2010-03-31 12:23:00,2011-04-04 10:40:00,10,2291.77,249,10,2291.77,2,5,4,4,At Risk – High Value,183.4
13060,2011-03-01,2011-03-31 11:37:00,2011-03-31 11:37:00,1,307.53000000000003,253,1,307.53000000000003,2,1,2,2,Hibernating,307.53000000000003
13061,2011-09-01,2011-09-28 16:04:00,2011-09-28 16:04:00,1,248.61,72,1,248.61,3,1,1,1,Need Attention,248.61
13062,2011-06-01,2011-06-01 15:12:00,2011-06-01 15:12:00,1,346.98,191,1,346.98,2,1,2,2,Hibernating,346.98
13063,2010-08-01,2010-08-16 12:27:00,2010-08-16 12:27:00,1,188.39999999999998,480,1,188.39999999999998,1,1,1,1,Lost,0.0
13064,2010-04-01,2010-04-27 10:08:00,2011-11-27 12:31:00,6,1666.84,12,6,1666.84,5,4,4,4,Champions,1105.5899999999997
13065,2010-06-01,2010-06-10 11:44:00,2010-12-01 16:52:00,5,1055.0500000000002,373,5,1055.0500000000002,2,4,3,4,At Risk – High Value,0.0
13066,2011-11-01,2011-11-07 17:06:00,2011-11-15 12:57:00,2,470.80000000000007,24,2,470.80000000000007,4,2,2,2,New & Promising,470.80000000000007
13067,2010-09-01,2010-09-19 13:43:00,2011-09-18 13:38:00,3,508.51,82,3,508.51,3,3,2,2,Need Attention,115.46000000000002
13068,2011-01-01,2011-01-24 08:20:00,2011-11-29 15:00:00,2,344.0,10,2,344.0,5,2,2,2,New & Promising,344.0
13069,2010-06-01,2010-06-14 14:27:00,2011-12-09 08:39:00,38,9284.45,0,38,9284.45,5,5,5,5,Champions,4098.94
13070,2009-12-01,2009-12-07 14:44:00,2011-05-31 13:45:00,4,751.7,192,4,751.7,2,3,3,3,At Risk,228.8
13071,2010-04-01,2010-04-06 13:37:00,2010-04-06 13:37:00,1,129.22,612,1,129.22,1,1,1,1,Lost,0.0
13072,2011-03-01,2011-03-18 08:12:00,2011-03-18 08:12:00,1,177.14999999999998,266,1,177.14999999999998,2,1,1,1,Hibernating,177.14999999999998
13073,2010-09-01,2010-09-28 09:27:00,2010-10-24 14:06:00,2,418.08,411,2,418.08,1,2,2,2,Lost,0.0
13074,2009-12-01,2009-12-16 11:46:00,2010-07-16 16:53:00,4,1378.74,511,4,1378.74,1,3,4,4,At Risk – High Value,0.0
13075,2011-08-01,2011-08-02 10:19:00,2011-08-02 10:19:00,1,919.61,129,1,919.61,3,1,3,2,Need Attention,919.61
13076,2010-09-01,2010-09-08 10:27:00,2010-09-08 10:27:00,1,135.4,457,1,135.4,1,1,1,1,Lost,0.0
13077,2009-12-01,2009-12-11 11:17:00,2011-12-08 19:24:00,11,2740.6499999999996,1,11,2740.6499999999996,5,5,4,4,Champions,414.3
13078,2009-12-01,2009-12-01 09:06:00,2011-12-06 15:36:00,57,29018.059999999998,3,57,29018.059999999998,5,5,5,5,Champions,12113.550000000001
13079,2010-10-01,2010-10-18 14:15:00,2011-12-05 16:53:00,6,419.18,4,6,419.18,5,4,2,3,Loyal,220.10000000000002
13080,2010-04-01,2010-04-09 13:07:00,2011-06-13 14:59:00,4,280.73,179,4,280.73,3,3,1,2,Need Attention,58.08
13081,2009-12-01,2009-12-08 13:58:00,2011-11-28 10:54:00,28,56838.36999999999,11,28,56838.36999999999,5,5,5,5,Champions,25970.59999999999
13082,2009-12-01,2009-12-22 15:37:00,2011-08-05 16:16:00,21,7335.75,126,21,7335.75,3,5,5,5,Loyal,3613.63
13083,2010-10-01,2010-10-10 13:38:00,2011-12-05 15:01:00,3,395.42999999999995,4,3,395.42999999999995,5,3,2,2,New & Promising,303.75
13084,2010-08-01,2010-08-05 08:49:00,2010-08-05 08:49:00,1,122.39999999999999,491,1,122.39999999999999,1,1,1,1,Lost,0.0
13085,2009-12-01,2009-12-01 07:45:00,2011-07-05 12:11:00,8,2433.28,157,8,2433.28,3,4,4,4,Loyal,416.08000000000004
13086,2010-11-01,2010-11-22 10:28:00,2010-11-22 10:28:00,1,439.32999999999987,382,1,439.32999999999987,2,1,2,2,Hibernating,0.0
13087,2009-12-01,2009-12-13 15:16:00,2009-12-13 15:16:00,1,313.64,726,1,313.64,1,1,2,2,Lost,0.0
13088,2010-10-01,2010-10-18 15:35:00,2010-10-18 15:35:00,1,236.11000000000004,417,1,236.11000000000004,1,1,1,1,Lost,0.0
13089,2009-12-01,2009-12-02 15:44:00,2011-12-07 09:02:00,203,113416.90999999999,2,203,113416.90999999999,5,5,5,5,Champions,55531.46
13090,2010-08-01,2010-08-02 13:58:00,2011-12-01 12:39:00,23,13076.740000000002,8,23,13076.740000000002,5,5,5,5,Champions,7902.42
13091,2009-12-01,2009-12-10 12:44:00,2011-11-11 15:54:00,2,1108.8,28,2,1108.8,4,2,3,2,New & Promising,345.82
13092,2010-02-01,2010-02-10 08:44:00,2011-09-30 11:18:00,12,2140.2799999999997,70,12,2140.2799999999997,3,5,4,4,Loyal,477.83
13093,2009-12-01,2009-12-04 10:32:00,2011-03-09 12:14:00,55,54144.25,275,55,54144.25,2,5,5,5,At Risk – High Value,7033.07
13094,2010-11-01,2010-11-15 14:15:00,2011-11-18 14:07:00,13,2209.44,21,13,2209.44,4,5,4,4,Champions,1703.64
13095,2011-09-01,2011-09-30 12:03:00,2011-09-30 12:03:00,1,74.4,70,1,74.4,3,1,1,1,Need Attention,74.4
13096,2010-11-01,2010-11-10 14:08:00,2010-11-10 14:08:00,1,419.70000000000005,394,1,419.70000000000005,2,1,2,2,Hibernating,0.0
13097,2009-12-01,2009-12-01 13:31:00,2011-11-07 10:43:00,27,13015.36,32,27,13015.36,4,5,5,5,Champions,6003.22
13098,2011-01-01,2011-01-26 13:46:00,2011-12-08 14:14:00,28,28882.439999999995,1,28,28882.439999999995,5,5,5,5,Champions,28882.44
13099,2011-09-01,2011-09-01 17:40:00,2011-09-01 17:40:00,1,207.35999999999999,99,1,207.35999999999999,3,1,1,1,Need Attention,207.35999999999999
13101,2010-01-01,2010-01-27 15:49:00,2011-04-19 14:37:00,4,695.4000000000001,234,4,695.4000000000001,2,3,3,3,At Risk,101.18999999999998
13102,2010-05-01,2010-05-06 13:12:00,2011-12-08 12:52:00,37,11380.1,1,37,11380.1,5,5,5,5,Champions,6107.27
13103,2010-05-01,2010-05-11 14:41:00,2011-10-31 09:38:00,3,709.6399999999999,39,3,709.6399999999999,4,3,3,3,Loyal,243.94
13104,2010-02-01,2010-02-24 15:06:00,2011-12-06 13:10:00,9,1709.1000000000001,3,9,1709.1000000000001,5,5,4,4,Champions,1098.48
13105,2010-09-01,2010-09-29 13:41:00,2010-09-29 13:41:00,1,72.0,436,1,72.0,1,1,1,1,Lost,0.0
13106,2010-10-01,2010-10-22 13:10:00,2011-07-29 15:12:00,2,603.46,133,2,603.46,3,2,3,2,Need Attention,76.5
13107,2010-02-01,2010-02-04 10:50:00,2011-10-26 14:52:00,9,5253.07,44,9,5253.07,4,5,5,5,Champions,1531.6200000000001
13108,2010-09-01,2010-09-30 17:09:00,2010-12-02 10:35:00,2,748.46,372,2,748.46,2,2,3,2,Hibernating,0.0
13109,2010-06-01,2010-06-06 12:59:00,2011-10-11 10:16:00,3,1134.0300000000002,59,3,1134.0300000000002,3,3,3,3,Loyal,786.5400000000001
13110,2009-12-01,2009-12-01 14:14:00,2011-11-08 14:30:00,12,2957.47,31,12,2957.47,4,5,5,5,Champions,1488.6699999999998
13111,2009-12-01,2009-12-21 09:00:00,2009-12-21 09:00:00,1,321.88000000000005,718,1,321.88000000000005,1,1,2,2,Lost,0.0
13112,2010-06-01,2010-06-16 17:03:00,2010-06-16 17:03:00,1,20.6,541,1,20.6,1,1,1,1,Lost,0.0
13113,2010-03-01,2010-03-28 16:13:00,2011-12-09 12:49:00,37,18230.07,0,37,18230.07,5,5,5,5,Champions,11872.99
13114,2009-12-01,2009-12-09 09:56:00,2009-12-09 09:56:00,1,234.37999999999997,730,1,234.37999999999997,1,1,1,1,Lost,0.0
13115,2010-04-01,2010-04-19 13:29:00,2011-11-28 12:38:00,10,5494.700000000001,11,10,5494.700000000001,5,5,5,5,Champions,2294.78
13116,2011-07-01,2011-07-24 14:33:00,2011-07-24 14:33:00,1,501.14000000000004,138,1,501.14000000000004,3,1,2,2,Need Attention,501.14000000000004
13117,2010-03-01,2010-03-26 13:50:00,2011-11-18 12:02:00,18,2255.66,21,18,2255.66,4,5,4,4,Champions,596.76
13118,2010-09-01,2010-09-26 15:46:00,2011-11-20 12:46:00,9,2415.41,19,9,2415.41,5,5,4,4,Champions,1197.8100000000002
13119,2010-02-01,2010-02-09 08:38:00,2010-02-09 08:38:00,1,134.9,668,1,134.9,1,1,1,1,Lost,0.0
13120,2011-04-01,2011-04-15 10:19:00,2011-04-15 10:19:00,1,30.599999999999998,238,1,30.599999999999998,2,1,1,1,Hibernating,30.599999999999998
13121,2011-03-01,2011-03-15 16:47:00,2011-03-15 16:47:00,1,283.7299999999999,269,1,283.7299999999999,2,1,1,1,Hibernating,283.7299999999999
13122,2011-04-01,2011-04-13 14:12:00,2011-09-06 15:53:00,2,922.3900000000002,94,2,922.3900000000002,3,2,3,2,Need Attention,922.3900000000002
13123,2010-06-01,2010-06-28 12:43:00,2010-08-24 10:18:00,2,506.74999999999994,472,2,506.74999999999994,1,2,2,2,Lost,0.0
13124,2010-11-01,2010-11-19 15:50:00,2011-09-11 12:45:00,4,4641.660000000001,89,4,4641.660000000001,3,3,5,4,Loyal,3756.330000000001
13125,2010-07-01,2010-07-04 11:58:00,2010-07-04 11:58:00,1,148.62,523,1,148.62,1,1,1,1,Lost,0.0
13126,2010-03-01,2010-03-02 12:24:00,2011-12-05 10:00:00,13,3774.8100000000004,4,13,3774.8100000000004,5,5,5,5,Champions,1876.2
13127,2011-09-01,2011-09-23 10:26:00,2011-09-23 10:26:00,1,259.16999999999996,77,1,259.16999999999996,3,1,1,1,Need Attention,259.16999999999996
13128,2010-03-01,2010-03-18 15:08:00,2010-03-18 15:08:00,1,263.5,631,1,263.5,1,1,1,1,Lost,0.0
13129,2010-06-01,2010-06-28 11:54:00,2010-09-13 13:47:00,2,233.25,452,2,233.25,1,2,1,2,Lost,0.0
13130,2011-09-01,2011-09-06 15:30:00,2011-09-06 15:30:00,1,64.0,94,1,64.0,3,1,1,1,Need Attention,64.0
13131,2010-02-01,2010-02-09 09:47:00,2011-11-16 13:21:00,7,3313.77,23,7,3313.77,4,4,5,4,Champions,1073.3
13132,2011-03-01,2011-03-23 12:44:00,2011-03-23 12:44:00,1,77.3,261,1,77.3,2,1,1,1,Hibernating,77.3
13133,2010-09-01,2010-09-06 15:30:00,2011-03-11 10:31:00,3,200.45,273,3,200.45,2,3,1,2,Hibernating,109.8
13134,2010-10-01,2010-10-19 13:21:00,2011-09-15 10:35:00,6,2475.23,85,6,2475.23,3,4,4,4,Loyal,1793.58
13135,2010-08-01,2010-08-05 17:28:00,2011-05-27 10:52:00,2,3371.45,196,2,3371.45,2,2,5,4,At Risk – High Value,3096.0
13136,2009-12-01,2009-12-08 18:30:00,2011-10-14 13:41:00,13,6274.56,56,13,6274.56,4,5,5,5,Champions,2607.6099999999997
13137,2010-07-01,2010-07-25 15:40:00,2011-11-29 12:09:00,16,7586.94,10,16,7586.94,5,5,5,5,Champions,3603.2900000000004
13138,2010-11-01,2010-11-08 11:45:00,2011-11-17 16:51:00,7,1274.0100000000002,22,7,1274.0100000000002,4,4,4,4,Champions,769.1600000000001
13139,2010-09-01,2010-09-28 09:12:00,2011-11-23 13:54:00,8,8202.98,16,8,8202.98,5,4,5,4,Champions,5064.9400000000005
13140,2010-08-01,2010-08-05 19:05:00,2011-08-23 15:33:00,5,1054.92,108,5,1054.92,3,4,3,4,Loyal,264.21
13141,2009-12-01,2009-12-09 13:34:00,2011-09-16 09:54:00,17,7656.08,84,17,7656.08,3,5,5,5,Loyal,2388.75
13142,2011-11-01,2011-11-20 16:07:00,2011-11-20 16:07:00,1,307.0899999999999,19,1,307.0899999999999,5,1,2,2,New & Promising,307.0899999999999
13143,2010-05-01,2010-05-04 12:22:00,2010-05-04 12:22:00,1,405.1,584,1,405.1,1,1,2,2,Lost,0.0
13144,2010-10-01,2010-10-04 14:14:00,2011-01-11 11:15:00,2,135.35,332,2,135.35,2,2,1,2,Hibernating,110.94999999999999
13145,2010-04-01,2010-04-19 11:11:00,2011-10-31 12:45:00,7,1128.52,39,7,1128.52,4,4,3,4,Champions,323.52000000000004
13146,2011-11-01,2011-11-13 15:29:00,2011-11-13 15:29:00,1,228.91,26,1,228.91,4,1,1,1,New & Promising,228.91
13147,2011-09-01,2011-09-01 12:28:00,2011-11-29 13:59:00,4,712.8000000000001,10,4,712.8000000000001,5,3,3,3,Loyal,712.8000000000001
13148,2009-12-01,2009-12-07 15:26:00,2011-11-10 15:23:00,26,8488.32,29,26,8488.32,4,5,5,5,Champions,3683.26
13149,2011-02-01,2011-02-23 13:57:00,2011-11-25 13:09:00,4,1676.0600000000002,14,4,1676.0600000000002,5,3,4,4,Champions,1676.0600000000002
13150,2010-03-01,2010-03-19 09:03:00,2010-08-12 12:59:00,3,449.9699999999999,484,3,449.9699999999999,1,3,2,2,Lost,0.0
13151,2010-03-01,2010-03-22 10:26:00,2011-02-17 12:29:00,3,2454.7100000000005,295,3,2454.7100000000005,2,3,4,4,At Risk – High Value,1257.8700000000003
13152,2010-01-01,2010-01-14 10:01:00,2010-10-18 13:44:00,7,2146.38,417,7,2146.38,1,4,4,4,At Risk – High Value,0.0
13153,2011-12-01,2011-12-04 12:14:00,2011-12-04 12:14:00,1,486.22,5,1,486.22,5,1,2,2,New & Promising,486.22
13154,2009-12-01,2009-12-04 08:46:00,2010-11-05 16:00:00,3,1624.8400000000001,399,3,1624.8400000000001,2,3,4,4,At Risk – High Value,0.0
13155,2010-08-01,2010-08-05 09:30:00,2011-11-06 15:41:00,6,1370.4799999999998,33,6,1370.4799999999998,4,4,4,4,Champions,592.06
13156,2010-02-01,2010-02-01 13:45:00,2010-11-19 13:09:00,3,1586.54,385,3,1586.54,2,3,4,4,At Risk – High Value,0.0
13157,2010-03-01,2010-03-08 11:59:00,2011-10-21 13:50:00,9,5687.36,49,9,5687.36,4,5,5,5,Champions,1741.2199999999998
13158,2010-11-01,2010-11-16 17:12:00,2011-09-06 11:58:00,5,1508.1799999999998,94,5,1508.1799999999998,3,4,4,4,Loyal,1201.06
13159,2011-08-01,2011-08-16 11:44:00,2011-12-01 11:20:00,4,1429.35,8,4,1429.35,5,3,4,4,Champions,1429.35
13160,2011-11-01,2011-11-17 13:07:00,2011-11-17 13:07:00,1,91.8,22,1,91.8,4,1,1,1,New & Promising,91.8
13161,2010-07-01,2010-07-27 12:44:00,2011-01-30 14:03:00,2,472.13,313,2,472.13,2,2,2,2,Hibernating,112.75
13162,2009-12-01,2009-12-04 13:59:00,2011-08-09 15:59:00,16,9275.490000000002,122,16,9275.490000000002,3,5,5,5,Loyal,1688.29
13163,2010-04-01,2010-04-08 16:21:00,2010-04-08 16:21:00,1,17.65,610,1,17.65,1,1,1,1,Lost,0.0
13164,2010-02-01,2010-02-10 11:52:00,2010-05-19 13:52:00,2,372.20000000000005,569,2,372.20000000000005,1,2,2,2,Lost,0.0
13165,2010-10-01,2010-10-22 17:04:00,2011-10-24 15:05:00,3,1451.1599999999999,46,3,1451.1599999999999,4,3,4,4,Champions,1021.4799999999999
13166,2010-10-01,2010-10-21 14:29:00,2011-03-01 15:16:00,2,875.9300000000001,283,2,875.9300000000001,2,2,3,2,Hibernating,417.19999999999993
13167,2010-11-01,2010-11-14 12:58:00,2011-11-21 12:24:00,5,1113.15,18,5,1113.15,5,4,3,4,Champions,779.33
13168,2010-06-01,2010-06-15 15:00:00,2011-11-03 12:56:00,5,1840.73,36,5,1840.73,4,4,4,4,Champions,1299.59
13169,2010-05-01,2010-05-26 15:58:00,2011-10-07 12:11:00,3,840.0799999999999,63,3,840.0799999999999,3,3,3,3,Loyal,712.8799999999999
13170,2011-11-01,2011-11-13 12:19:00,2011-11-13 12:19:00,1,108.81000000000002,26,1,108.81000000000002,4,1,1,1,New & Promising,108.81000000000002
13171,2011-02-01,2011-02-13 14:16:00,2011-11-18 10:27:00,3,468.40999999999997,21,3,468.40999999999997,4,3,2,2,New & Promising,468.40999999999997
13172,2010-11-01,2010-11-04 15:10:00,2010-11-04 15:10:00,1,69.6,400,1,69.6,2,1,1,1,Hibernating,0.0
13173,2009-12-01,2009-12-10 12:52:00,2011-12-05 15:51:00,11,2389.8199999999997,4,11,2389.8199999999997,5,5,4,4,Champions,187.70999999999998
13174,2009-12-01,2009-12-04 15:40:00,2011-11-23 14:35:00,11,7972.460000000001,16,11,7972.460000000001,5,5,5,5,Champions,1369.7600000000002
13175,2009-12-01,2009-12-04 12:11:00,2010-05-06 13:13:00,2,831.4499999999999,582,2,831.4499999999999,1,2,3,2,Lost,0.0
13176,2011-10-01,2011-10-24 15:43:00,2011-10-24 15:43:00,1,481.49000000000007,46,1,481.49000000000007,4,1,2,2,New & Promising,481.49000000000007
13177,2010-10-01,2010-10-05 10:35:00,2011-10-06 09:56:00,2,512.2,64,2,512.2,3,2,2,2,Need Attention,282.45
13178,2009-12-01,2009-12-16 14:00:00,2011-11-13 16:14:00,21,14059.19,26,21,14059.19,4,5,5,5,Champions,5725.469999999999
13179,2010-03-01,2010-03-31 11:40:00,2010-03-31 11:40:00,1,572.3100000000001,618,1,572.3100000000001,1,1,2,2,Lost,0.0
13180,2010-04-01,2010-04-11 13:37:00,2010-04-11 13:37:00,1,86.10000000000001,607,1,86.10000000000001,1,1,1,1,Lost,0.0
13181,2010-11-01,2010-11-23 15:05:00,2010-11-23 15:05:00,1,359.69,381,1,359.69,2,1,2,2,Hibernating,0.0
13182,2011-10-01,2011-10-25 13:46:00,2011-10-25 13:46:00,1,121.17999999999999,45,1,121.17999999999999,4,1,1,1,New & Promising,121.17999999999999
13183,2010-03-01,2010-03-14 12:32:00,2011-12-02 10:30:00,15,7036.180000000002,7,15,7036.180000000002,5,5,5,5,Champions,3957.7800000000007
13184,2011-02-01,2011-02-22 17:25:00,2011-11-25 12:02:00,10,1667.9499999999998,14,10,1667.9499999999998,5,5,4,4,Champions,1667.9499999999998
13185,2011-03-01,2011-03-17 11:56:00,2011-03-17 11:56:00,1,71.4,267,1,71.4,2,1,1,1,Hibernating,71.4
13186,2011-08-01,2011-08-03 09:09:00,2011-10-31 11:40:00,3,1575.8899999999999,39,3,1575.8899999999999,4,3,4,4,Champions,1575.8899999999999
13187,2010-03-01,2010-03-25 17:18:00,2011-01-06 18:57:00,4,328.35999999999996,337,4,328.35999999999996,2,3,2,2,Hibernating,236.01999999999995
13188,2011-11-01,2011-11-28 15:28:00,2011-11-28 15:28:00,1,114.60000000000001,11,1,114.60000000000001,5,1,1,1,New & Promising,114.60000000000001
13189,2011-08-01,2011-08-16 13:12:00,2011-11-21 10:39:00,2,260.68,18,2,260.68,5,2,1,2,New & Promising,260.68
13190,2009-12-01,2009-12-07 12:13:00,2010-06-13 15:47:00,3,570.6600000000001,544,3,570.6600000000001,1,3,2,2,Lost,0.0
13191,2010-02-01,2010-02-19 17:02:00,2010-02-19 17:02:00,1,159.21000000000004,658,1,159.21000000000004,1,1,1,1,Lost,0.0
13192,2010-01-01,2010-01-22 08:37:00,2011-09-05 14:13:00,6,2558.58,95,6,2558.58,3,4,4,4,Loyal,911.94
13193,2011-10-01,2011-10-09 14:30:00,2011-10-09 14:30:00,1,112.08,61,1,112.08,3,1,1,1,Need Attention,112.08
13194,2010-10-01,2010-10-14 11:54:00,2011-07-27 09:01:00,2,472.78,135,2,472.78,3,2,2,2,Need Attention,60.7
13195,2010-10-01,2010-10-21 13:07:00,2010-10-21 13:07:00,1,136.73000000000002,414,1,136.73000000000002,1,1,1,1,Lost,0.0
13196,2010-04-01,2010-04-01 12:54:00,2011-11-28 13:54:00,7,3068.840000000001,11,7,3068.840000000001,5,4,5,4,Champions,1797.7800000000004
13197,2010-04-01,2010-04-09 09:14:00,2010-04-09 09:14:00,1,373.0100000000001,609,1,373.0100000000001,1,1,2,2,Lost,0.0
13198,2010-10-01,2010-10-01 13:27:00,2011-11-29 15:17:00,8,4974.2300000000005,10,8,4974.2300000000005,5,4,5,4,Champions,3401.2400000000002
13199,2009-12-01,2009-12-05 10:11:00,2011-12-06 12:30:00,66,15949.21,3,66,15949.21,5,5,5,5,Champions,9333.44
13200,2011-08-01,2011-08-05 14:50:00,2011-11-20 15:35:00,4,870.0900000000001,19,4,870.0900000000001,5,3,3,3,Loyal,870.0900000000001
13201,2010-03-01,2010-03-07 11:01:00,2010-07-25 14:30:00,4,1233.06,502,4,1233.06,1,3,4,4,At Risk – High Value,0.0
13202,2009-12-01,2009-12-09 10:48:00,2010-11-10 16:24:00,7,1580.2999999999997,394,7,1580.2999999999997,2,4,4,4,At Risk – High Value,0.0
13203,2009-12-01,2009-12-17 14:15:00,2011-11-30 10:45:00,10,2648.25,9,10,2648.25,5,5,4,4,Champions,869.46
13204,2009-12-01,2009-12-08 14:56:00,2009-12-08 14:56:00,1,966.66,731,1,966.66,1,1,3,2,Lost,0.0
13205,2010-09-01,2010-09-22 16:26:00,2010-09-22 16:26:00,1,2803.2,443,1,2803.2,1,1,4,2,Lost,0.0
13206,2009-12-01,2009-12-07 13:48:00,2010-11-04 16:50:00,13,8308.189999999999,400,13,8308.189999999999,2,5,5,5,At Risk – High Value,0.0
13207,2010-04-01,2010-04-06 16:37:00,2011-11-24 14:52:00,4,535.86,15,4,535.86,5,3,2,2,New & Promising,250.26000000000005
13208,2009-12-01,2009-12-03 13:25:00,2011-10-11 16:25:00,8,1951.8199999999997,59,8,1951.8199999999997,3,4,4,4,Loyal,1193.17
13209,2010-01-01,2010-01-24 14:30:00,2011-11-09 13:54:00,13,8509.51,30,13,8509.51,4,5,5,5,Champions,5891.61
13210,2011-09-01,2011-09-07 08:18:00,2011-09-07 08:18:00,1,353.47999999999996,93,1,353.47999999999996,3,1,2,2,Need Attention,353.47999999999996
13211,2009-12-01,2009-12-06 15:24:00,2011-11-29 14:43:00,10,2618.7700000000004,10,10,2618.7700000000004,5,5,4,4,Champions,1095.42
13212,2011-10-01,2011-10-09 14:48:00,2011-11-20 12:40:00,3,786.8299999999998,19,3,786.8299999999998,5,3,3,3,Loyal,786.8299999999998
13213,2010-05-01,2010-05-20 14:50:00,2011-10-14 11:42:00,11,3851.5200000000004,56,11,3851.5200000000004,4,5,5,5,Champions,1520.58
13214,2010-03-01,2010-03-03 14:10:00,2010-10-18 10:00:00,7,3264.2300000000005,417,7,3264.2300000000005,1,4,5,4,At Risk – High Value,0.0
13215,2010-11-01,2010-11-02 18:26:00,2010-11-02 18:26:00,1,81.6,402,1,81.6,2,1,1,1,Hibernating,0.0
13216,2011-03-01,2011-03-17 12:18:00,2011-03-17 12:18:00,1,333.74,267,1,333.74,2,1,2,2,Hibernating,333.74
13217,2010-02-01,2010-02-22 12:49:00,2011-08-09 15:32:00,4,666.48,122,4,666.48,3,3,3,3,Loyal,533.98
13218,2011-08-01,2011-08-04 16:59:00,2011-08-04 16:59:00,1,62.64,127,1,62.64,3,1,1,1,Need Attention,62.64
13219,2010-03-01,2010-03-31 14:18:00,2010-03-31 14:18:00,1,76.23,618,1,76.23,1,1,1,1,Lost,0.0
13220,2010-05-01,2010-05-13 10:35:00,2011-09-22 13:38:00,5,1336.09,78,5,1336.09,3,4,4,4,Loyal,819.29
13221,2010-12-01,2010-12-15 13:24:00,2011-04-13 16:58:00,2,844.8600000000001,240,2,844.8600000000001,2,2,3,2,Hibernating,844.8600000000001
13222,2010-05-01,2010-05-11 13:54:00,2010-05-11 13:54:00,1,88.5,577,1,88.5,1,1,1,1,Lost,0.0
13223,2010-02-01,2010-02-12 13:27:00,2011-05-23 13:03:00,6,969.12,200,6,969.12,2,4,3,4,At Risk – High Value,163.20000000000002
13224,2011-07-01,2011-07-11 14:10:00,2011-10-10 14:55:00,2,2152.9500000000007,60,2,2152.9500000000007,3,2,4,3,Loyal,2152.9500000000007
13225,2009-12-01,2009-12-17 09:09:00,2011-12-06 13:29:00,16,16260.07,3,16,16260.07,5,5,5,5,Champions,6463.84
13226,2010-11-01,2010-11-11 13:46:00,2011-03-11 14:35:00,2,312.46000000000004,273,2,312.46000000000004,2,2,2,2,Hibernating,108.21000000000001
13227,2011-05-01,2011-05-22 11:47:00,2011-05-22 11:47:00,1,257.7,201,1,257.7,2,1,1,1,Hibernating,257.7
13228,2011-09-01,2011-09-19 14:28:00,2011-09-19 14:28:00,1,358.0,81,1,358.0,3,1,2,2,Need Attention,358.0
13229,2011-04-01,2011-04-28 12:07:00,2011-04-28 12:07:00,1,160.95,225,1,160.95,2,1,1,1,Hibernating,160.95
13230,2010-03-01,2010-03-18 20:02:00,2011-12-05 16:03:00,30,6109.509999999999,4,30,6109.509999999999,5,5,5,5,Champions,2662.18
13232,2011-04-01,2011-04-10 13:48:00,2011-11-27 10:39:00,7,1327.75,12,7,1327.75,5,4,4,4,Champions,1327.75
13233,2010-01-01,2010-01-14 14:10:00,2011-09-26 13:25:00,4,1176.46,74,4,1176.46,3,3,3,3,Loyal,605.12
13234,2009-12-01,2009-12-07 12:32:00,2010-02-05 11:41:00,2,346.5,672,2,346.5,1,2,2,2,Lost,0.0
13235,2011-05-01,2011-05-11 17:13:00,2011-05-11 17:13:00,1,1031.0699999999997,212,1,1031.0699999999997,2,1,3,2,Hibernating,1031.0699999999997
13236,2011-08-01,2011-08-25 08:58:00,2011-11-15 12:50:00,2,744.8499999999999,24,2,744.8499999999999,4,2,3,2,New & Promising,744.8499999999999
13237,2010-11-01,2010-11-17 10:07:00,2010-11-17 10:07:00,1,642.9999999999999,387,1,642.9999999999999,2,1,3,2,Hibernating,0.0
13238,2010-04-01,2010-04-28 15:02:00,2011-11-22 15:37:00,6,1006.63,17,6,1006.63,5,4,3,4,Champions,700.73
13239,2010-07-01,2010-07-25 13:34:00,2011-03-23 10:25:00,5,1594.69,261,5,1594.69,2,4,4,4,At Risk – High Value,329.56
13240,2010-02-01,2010-02-25 13:17:00,2011-09-04 14:08:00,8,1455.3899999999999,96,8,1455.3899999999999,3,4,4,4,Loyal,424.63
13241,2010-10-01,2010-10-24 11:17:00,2010-10-24 11:17:00,1,112.53000000000004,411,1,112.53000000000004,1,1,1,1,Lost,0.0
13242,2010-02-01,2010-02-09 13:12:00,2011-08-19 12:53:00,7,699.4,112,7,699.4,3,4,3,4,Loyal,270.4
13243,2010-03-01,2010-03-18 13:10:00,2011-05-20 13:14:00,5,1220.38,203,5,1220.38,2,4,4,4,At Risk – High Value,585.1200000000001
13244,2011-09-01,2011-09-08 11:46:00,2011-09-08 11:46:00,1,121.74000000000001,92,1,121.74000000000001,3,1,1,1,Need Attention,121.74000000000001
13245,2010-10-01,2010-10-03 14:03:00,2011-10-20 11:40:00,2,989.22,50,2,989.22,4,2,3,2,New & Promising,430.5
13246,2010-07-01,2010-07-02 13:36:00,2011-11-21 16:50:00,11,3351.75,18,11,3351.75,5,5,5,5,Champions,1961.5200000000002
13247,2011-09-01,2011-09-18 11:31:00,2011-11-22 10:59:00,4,501.11999999999995,17,4,501.11999999999995,5,3,2,2,New & Promising,501.11999999999995
13248,2011-06-01,2011-06-03 13:05:00,2011-08-07 12:40:00,2,465.67999999999995,124,2,465.67999999999995,3,2,2,2,Need Attention,465.67999999999995
13249,2010-01-01,2010-01-24 12:11:00,2011-09-08 13:26:00,9,1608.9300000000003,92,9,1608.9300000000003,3,5,4,4,Loyal,711.4100000000001
13250,2010-07-01,2010-07-25 14:01:00,2010-09-05 11:33:00,2,253.09,460,2,253.09,1,2,1,2,Lost,0.0
13251,2010-11-01,2010-11-02 13:20:00,2010-11-02 13:20:00,1,252.68000000000004,402,1,252.68000000000004,2,1,1,1,Hibernating,0.0
13252,2010-03-01,2010-03-24 10:30:00,2010-11-10 16:00:00,2,399.3,394,2,399.3,2,2,2,2,Hibernating,0.0
13253,2010-01-01,2010-01-05 12:13:00,2011-07-06 10:09:00,4,2951.11,156,4,2951.11,3,3,5,4,Loyal,1030.4
13254,2010-11-01,2010-11-28 15:42:00,2010-11-28 15:42:00,1,51.410000000000004,376,1,51.410000000000004,2,1,1,1,Hibernating,0.0
13255,2010-07-01,2010-07-15 13:20:00,2011-11-30 13:14:00,3,678.76,9,3,678.76,5,3,3,3,Loyal,173.81
13257,2010-09-01,2010-09-29 14:58:00,2010-09-29 14:58:00,1,149.75,436,1,149.75,1,1,1,1,Lost,0.0
13258,2010-11-01,2010-11-04 12:45:00,2011-11-28 09:31:00,5,1009.43,11,5,1009.43,5,4,3,4,Champions,672.8299999999999
13259,2010-01-01,2010-01-10 10:26:00,2011-10-09 10:48:00,9,1398.79,61,9,1398.79,3,5,4,4,Loyal,283.1799999999999
13260,2011-10-01,2011-10-09 13:21:00,2011-10-09 13:21:00,1,557.6200000000001,61,1,557.6200000000001,3,1,2,2,Need Attention,557.6200000000001
13261,2011-02-01,2011-02-27 10:41:00,2011-03-16 12:22:00,2,944.1,268,2,944.1,2,2,3,2,Hibernating,944.1
13262,2010-04-01,2010-04-18 12:14:00,2011-03-21 15:06:00,3,573.45,263,3,573.45,2,3,2,2,Hibernating,200.29000000000002
13263,2010-10-01,2010-10-22 17:07:00,2011-12-08 13:59:00,38,8650.98,1,38,8650.98,5,5,5,5,Champions,7411.709999999999
13264,2010-09-01,2010-09-23 12:42:00,2010-09-23 12:42:00,1,722.56,442,1,722.56,1,1,3,2,Lost,0.0
13265,2011-03-01,2011-03-11 09:54:00,2011-10-17 15:02:00,5,2092.66,53,5,2092.66,4,4,4,4,Champions,2092.66
13266,2009-12-01,2009-12-17 10:52:00,2011-11-28 14:39:00,19,6135.04,11,19,6135.04,5,5,5,5,Champions,3834.26
13267,2009-12-01,2009-12-07 16:56:00,2011-12-07 11:12:00,36,9429.81,2,36,9429.81,5,5,5,5,Champions,4193.04
13268,2011-03-01,2011-03-17 13:20:00,2011-11-22 11:34:00,10,3152.71,17,10,3152.71,5,5,5,5,Champions,3152.71
13269,2009-12-01,2009-12-02 11:47:00,2011-12-08 14:53:00,28,8537.320000000002,1,28,8537.320000000002,5,5,5,5,Champions,4991.849999999999
13270,2010-12-01,2010-12-08 14:53:00,2010-12-08 14:53:00,1,590.0,366,1,590.0,2,1,2,2,Hibernating,0.0
13271,2011-11-01,2011-11-02 14:31:00,2011-11-02 14:31:00,1,211.48999999999992,37,1,211.48999999999992,4,1,1,1,New & Promising,211.48999999999992
13272,2011-09-01,2011-09-11 12:06:00,2011-11-08 14:00:00,2,276.56,31,2,276.56,4,2,1,2,New & Promising,276.56
13273,2011-08-01,2011-08-18 14:02:00,2011-08-18 14:02:00,1,138.97999999999996,113,1,138.97999999999996,3,1,1,1,Need Attention,138.97999999999996
13274,2010-10-01,2010-10-26 13:48:00,2010-10-26 13:48:00,1,360.85,409,1,360.85,1,1,2,2,Lost,0.0
13275,2010-03-01,2010-03-17 14:05:00,2010-11-21 12:09:00,2,238.85999999999996,383,2,238.85999999999996,2,2,1,2,Hibernating,0.0
13276,2010-03-01,2010-03-07 14:05:00,2011-10-07 12:44:00,5,1891.9100000000003,63,5,1891.9100000000003,3,4,4,4,Loyal,590.9300000000001
13277,2010-06-01,2010-06-18 08:45:00,2011-11-24 09:21:00,7,523.3,15,7,523.3,5,4,2,3,Loyal,258.4
13278,2010-04-01,2010-04-08 11:59:00,2011-10-30 11:49:00,4,1425.3500000000001,40,4,1425.3500000000001,4,3,4,4,Champions,542.73
13279,2011-09-01,2011-09-22 17:24:00,2011-09-22 17:24:00,1,137.75,78,1,137.75,3,1,1,1,Need Attention,137.75
13280,2010-03-01,2010-03-05 09:07:00,2011-08-09 13:14:00,7,2293.33,122,7,2293.33,3,4,4,4,Loyal,798.46
13281,2010-09-01,2010-09-26 16:03:00,2010-09-26 16:03:00,1,350.84999999999997,439,1,350.84999999999997,1,1,2,2,Lost,0.0
13282,2010-10-01,2010-10-29 14:11:00,2011-11-21 15:33:00,4,1313.19,18,4,1313.19,5,3,4,4,Champions,1132.14
13283,2010-03-01,2010-03-09 14:36:00,2011-10-11 09:50:00,4,373.36,59,4,373.36,3,3,2,2,Need Attention,93.66
13284,2011-01-01,2011-01-13 09:23:00,2011-01-13 09:23:00,1,201.19,330,1,201.19,2,1,1,1,Hibernating,201.19
13285,2010-03-01,2010-03-25 14:26:00,2011-11-16 13:19:00,6,3364.5899999999992,23,6,3364.5899999999992,4,4,5,4,Champions,2709.1199999999994
13286,2010-04-01,2010-04-18 15:35:00,2010-04-18 15:35:00,1,734.9100000000001,600,1,734.9100000000001,1,1,3,2,Lost,0.0
13287,2010-01-01,2010-01-04 10:43:00,2010-04-15 15:26:00,3,781.59,603,3,781.59,1,3,3,3,At Risk,0.0
13288,2010-02-01,2010-02-11 14:59:00,2010-09-22 16:32:00,5,927.61,443,5,927.61,1,4,3,4,At Risk – High Value,0.0
13289,2009-12-01,2009-12-16 11:53:00,2009-12-16 11:53:00,1,307.95,723,1,307.95,1,1,2,2,Lost,0.0
13291,2010-02-01,2010-02-11 18:36:00,2011-07-07 10:36:00,11,3270.79,155,11,3270.79,3,5,5,5,Loyal,361.10999999999996
13292,2010-07-01,2010-07-01 14:36:00,2011-11-01 10:04:00,5,994.51,38,5,994.51,4,4,3,4,Champions,578.94
13293,2010-02-01,2010-02-09 12:05:00,2010-11-12 13:28:00,6,1192.9399999999998,392,6,1192.9399999999998,2,4,3,4,At Risk – High Value,0.0
13294,2010-03-01,2010-03-03 12:54:00,2011-06-03 08:54:00,3,1689.53,189,3,1689.53,2,3,4,4,At Risk – High Value,873.74
13295,2010-05-01,2010-05-12 09:13:00,2010-12-15 11:21:00,4,1101.97,359,4,1101.97,2,3,3,3,At Risk,201.2
13296,2010-05-01,2010-05-11 14:29:00,2011-07-25 13:46:00,6,792.51,137,6,792.51,3,4,3,4,Loyal,87.4
13297,2010-06-01,2010-06-15 12:35:00,2011-12-02 09:32:00,7,4368.619999999999,7,7,4368.619999999999,5,4,5,4,Champions,2089.8500000000004
13298,2011-12-01,2011-12-08 13:11:00,2011-12-08 13:11:00,1,360.0,1,1,360.0,5,1,2,2,New & Promising,360.0
13299,2010-06-01,2010-06-29 11:30:00,2011-03-16 12:55:00,3,1218.6999999999998,268,3,1218.6999999999998,2,3,4,4,At Risk – High Value,142.5
13300,2010-05-01,2010-05-14 15:56:00,2011-06-23 13:09:00,3,1285.5099999999998,169,3,1285.5099999999998,3,3,4,4,Loyal,371.89000000000004
13301,2011-02-01,2011-02-20 13:13:00,2011-08-28 11:25:00,4,600.19,103,4,600.19,3,3,2,2,Need Attention,600.19
13302,2010-07-01,2010-07-01 12:32:00,2011-07-07 17:56:00,2,159.2,155,2,159.2,3,2,1,2,Need Attention,63.75
13303,2010-11-01,2010-11-04 14:55:00,2010-11-04 14:55:00,1,61.72,400,1,61.72,2,1,1,1,Hibernating,0.0
13304,2010-02-01,2010-02-08 12:42:00,2010-12-23 14:35:00,4,1217.99,351,4,1217.99,2,3,4,4,At Risk – High Value,300.4199999999999
13305,2010-03-01,2010-03-10 14:49:00,2011-12-05 15:15:00,16,3616.4099999999994,4,16,3616.4099999999994,5,5,5,5,Champions,1864.6599999999999
13306,2010-10-01,2010-10-05 14:55:00,2010-10-05 14:55:00,1,53.65,430,1,53.65,1,1,1,1,Lost,0.0
13307,2010-04-01,2010-04-26 13:28:00,2011-08-11 17:14:00,3,273.34,120,3,273.34,3,3,1,2,Need Attention,15.0
13308,2010-04-01,2010-04-22 09:22:00,2011-11-17 09:31:00,4,1670.3700000000003,22,4,1670.3700000000003,4,3,4,4,Champions,1385.51
13309,2010-11-01,2010-11-12 12:10:00,2011-12-02 16:34:00,6,1706.37,7,6,1706.37,5,4,4,4,Champions,1456.79
13310,2010-11-01,2010-11-02 17:03:00,2011-11-11 17:23:00,5,1541.2000000000003,28,5,1541.2000000000003,4,4,4,4,Champions,1132.03
13311,2011-07-01,2011-07-12 14:26:00,2011-12-05 12:55:00,2,598.57,4,2,598.57,5,2,2,2,New & Promising,598.57
13312,2010-09-01,2010-09-14 14:36:00,2010-09-14 14:36:00,1,124.75,451,1,124.75,1,1,1,1,Lost,0.0
13313,2009-12-01,2009-12-02 16:18:00,2011-11-17 16:48:00,12,3445.32,22,12,3445.32,4,5,5,5,Champions,1555.3200000000002
13314,2011-09-01,2011-09-27 10:20:00,2011-12-08 12:29:00,3,775.9400000000003,1,3,775.9400000000003,5,3,3,3,Loyal,775.9400000000003
13315,2010-01-01,2010-01-19 15:34:00,2010-01-19 15:34:00,1,310.26,689,1,310.26,1,1,2,2,Lost,0.0
13316,2010-03-01,2010-03-10 10:01:00,2011-11-02 13:40:00,10,12940.82,37,10,12940.82,4,5,5,5,Champions,5732.93
13317,2009-12-01,2009-12-13 11:11:00,2011-10-04 13:35:00,19,6486.09,66,19,6486.09,3,5,5,5,Loyal,2273.68
13318,2011-11-01,2011-11-02 13:26:00,2011-12-08 18:51:00,3,640.76,1,3,640.76,5,3,3,3,Loyal,640.76
13319,2009-12-01,2009-12-06 14:46:00,2011-12-04 13:34:00,58,21323.22,5,58,21323.22,5,5,5,5,Champions,10086.27
13320,2010-08-01,2010-08-18 10:29:00,2011-09-22 18:07:00,6,2211.6,78,6,2211.6,3,4,4,4,Loyal,1532.1999999999998
13321,2011-09-01,2011-09-14 15:18:00,2011-09-28 15:24:00,2,567.3599999999999,72,2,567.3599999999999,3,2,2,2,Need Attention,567.3599999999999
13322,2011-11-01,2011-11-22 14:21:00,2011-11-22 14:21:00,1,199.48,17,1,199.48,5,1,1,1,New & Promising,199.48
13323,2011-09-01,2011-09-16 13:23:00,2011-12-06 17:12:00,5,787.85,3,5,787.85,5,4,3,4,Champions,787.85
13324,2010-05-01,2010-05-25 10:23:00,2011-11-03 16:28:00,18,10513.47,36,18,10513.47,4,5,5,5,Champions,7121.95
13325,2011-09-01,2011-09-19 10:36:00,2011-09-19 10:36:00,1,675.3,81,1,675.3,3,1,3,2,Need Attention,675.3
13326,2010-10-01,2010-10-03 16:00:00,2010-10-03 16:00:00,1,281.76,432,1,281.76,1,1,1,1,Lost,0.0
13327,2009-12-01,2009-12-18 15:35:00,2011-11-01 10:21:00,19,9052.869999999999,38,19,9052.869999999999,4,5,5,5,Champions,2882.77
13328,2011-01-01,2011-01-27 15:22:00,2011-01-27 15:22:00,1,1308.48,316,1,1308.48,2,1,4,2,Hibernating,1308.48
13329,2009-12-01,2009-12-04 15:41:00,2011-11-08 10:29:00,8,4808.77,31,8,4808.77,4,4,5,4,Champions,484.7999999999999
13330,2010-02-01,2010-02-23 10:12:00,2011-09-08 12:27:00,6,2796.1,92,6,2796.1,3,4,4,4,Loyal,1140.9299999999998
13331,2010-11-01,2010-11-03 08:04:00,2010-11-03 08:04:00,1,262.40000000000003,401,1,262.40000000000003,2,1,1,1,Hibernating,0.0
13332,2011-11-01,2011-11-25 13:30:00,2011-11-25 13:30:00,1,350.9,14,1,350.9,5,1,2,2,New & Promising,350.9
13333,2010-02-01,2010-02-19 09:26:00,2010-10-24 13:24:00,3,1015.7400000000001,411,3,1015.7400000000001,1,3,3,3,At Risk,0.0
13334,2010-02-01,2010-02-25 12:21:00,2011-09-18 15:21:00,5,6201.800000000001,82,5,6201.800000000001,3,4,5,4,Loyal,3502.3200000000006
13336,2011-09-01,2011-09-23 14:05:00,2011-09-23 14:05:00,1,795.12,77,1,795.12,3,1,3,2,Need Attention,795.12
13337,2010-06-01,2010-06-11 13:27:00,2010-06-11 13:27:00,1,1575.26,546,1,1575.26,1,1,4,2,Lost,0.0
13338,2010-01-01,2010-01-05 12:25:00,2011-07-05 09:06:00,4,2345.6199999999994,157,4,2345.6199999999994,3,3,4,4,Loyal,437.02
13339,2011-05-01,2011-05-23 08:31:00,2011-05-23 08:31:00,1,860.1200000000002,200,1,860.1200000000002,2,1,3,2,Hibernating,860.1200000000002
13340,2010-02-01,2010-02-22 14:54:00,2011-10-25 13:15:00,12,22100.56,45,12,22100.56,4,5,5,5,Champions,10736.480000000001
13341,2011-03-01,2011-03-24 09:50:00,2011-03-24 09:50:00,1,775.8499999999999,260,1,775.8499999999999,2,1,3,2,Hibernating,775.8499999999999
13343,2011-06-01,2011-06-15 12:24:00,2011-06-15 12:24:00,1,303.43,177,1,303.43,3,1,2,2,Need Attention,303.43
13344,2011-03-01,2011-03-07 10:28:00,2011-10-03 09:45:00,3,2511.69,67,3,2511.69,3,3,4,4,Loyal,2511.69
13345,2011-02-01,2011-02-25 09:01:00,2011-02-25 09:01:00,1,339.5,287,1,339.5,2,1,2,2,Hibernating,339.5
13346,2010-04-01,2010-04-22 12:34:00,2010-09-03 11:41:00,6,299.4,462,6,299.4,1,4,2,3,At Risk,0.0
13347,2011-09-01,2011-09-30 13:28:00,2011-09-30 13:28:00,1,291.36,70,1,291.36,3,1,2,2,Need Attention,291.36
13348,2011-10-01,2011-10-06 17:28:00,2011-10-06 17:28:00,1,233.76,64,1,233.76,3,1,1,1,Need Attention,233.76
13349,2011-11-01,2011-11-29 08:07:00,2011-11-29 08:07:00,1,197.31999999999996,10,1,197.31999999999996,5,1,1,1,New & Promising,197.31999999999996
13350,2011-09-01,2011-09-21 13:33:00,2011-11-23 16:33:00,2,879.1199999999999,16,2,879.1199999999999,5,2,3,2,New & Promising,879.1199999999999
13351,2011-10-01,2011-10-04 12:55:00,2011-10-04 12:55:00,1,323.94,66,1,323.94,3,1,2,2,Need Attention,323.94
13352,2011-10-01,2011-10-10 13:55:00,2011-10-10 13:55:00,1,347.9800000000001,60,1,347.9800000000001,3,1,2,2,Need Attention,347.9800000000001
13354,2011-09-01,2011-09-29 13:17:00,2011-09-29 13:17:00,1,743.5300000000003,71,1,743.5300000000003,3,1,3,2,Need Attention,743.5300000000003
13355,2011-08-01,2011-08-09 14:48:00,2011-08-09 14:48:00,1,674.7,122,1,674.7,3,1,3,2,Need Attention,674.7
13356,2011-09-01,2011-09-20 14:33:00,2011-09-20 14:33:00,1,768.2400000000001,80,1,768.2400000000001,3,1,3,2,Need Attention,768.2400000000001
13357,2010-03-01,2010-03-22 14:30:00,2011-03-27 13:56:00,5,3795.010000000001,257,5,3795.010000000001,2,4,5,4,At Risk – High Value,609.4
13358,2011-03-01,2011-03-16 11:52:00,2011-03-16 11:52:00,1,389.03000000000003,268,1,389.03000000000003,2,1,2,2,Hibernating,389.03000000000003
13359,2010-11-01,2010-11-01 15:05:00,2011-10-07 09:30:00,2,943.31,63,2,943.31,3,2,3,2,Need Attention,389.55999999999995
13360,2010-01-01,2010-01-08 11:16:00,2010-10-04 12:37:00,4,1503.65,431,4,1503.65,1,3,4,4,At Risk – High Value,0.0
13361,2010-04-01,2010-04-01 07:49:00,2010-08-24 14:56:00,2,1450.5,472,2,1450.5,1,2,4,3,At Risk,0.0
13362,2010-10-01,2010-10-10 15:27:00,2011-11-30 14:41:00,7,5394.070000000001,9,7,5394.070000000001,5,4,5,4,Champions,3090.7400000000002
13363,2010-10-01,2010-10-26 11:07:00,2011-11-22 12:40:00,3,1623.8600000000004,17,3,1623.8600000000004,5,3,4,4,Champions,892.5
13364,2011-09-01,2011-09-29 18:13:00,2011-09-29 18:13:00,1,134.96,71,1,134.96,3,1,1,1,Need Attention,134.96
13365,2011-05-01,2011-05-06 12:00:00,2011-11-06 12:36:00,2,2225.37,33,2,2225.37,4,2,4,3,Loyal,2225.37
13366,2011-10-01,2011-10-20 13:37:00,2011-10-20 13:37:00,1,56.160000000000004,50,1,56.160000000000004,4,1,1,1,New & Promising,56.160000000000004
13367,2010-10-01,2010-10-04 10:00:00,2010-10-04 10:00:00,1,460.2,431,1,460.2,1,1,2,2,Lost,0.0
13368,2010-10-01,2010-10-12 10:43:00,2011-03-28 09:59:00,4,1021.5,256,4,1021.5,2,3,3,3,At Risk,573.4
13369,2010-12-01,2010-12-09 11:30:00,2010-12-09 11:30:00,1,258.28000000000003,365,1,258.28000000000003,2,1,1,1,Hibernating,0.0
13370,2010-12-01,2010-12-03 10:26:00,2010-12-03 10:26:00,1,754.8700000000003,371,1,754.8700000000003,2,1,3,2,Hibernating,0.0
13371,2010-03-01,2010-03-17 15:29:00,2010-07-22 17:33:00,2,2297.66,505,2,2297.66,1,2,4,3,At Risk,0.0
13372,2011-09-01,2011-09-11 12:46:00,2011-09-11 12:46:00,1,328.64,89,1,328.64,3,1,2,2,Need Attention,328.64
13373,2009-12-01,2009-12-06 12:34:00,2011-10-10 10:51:00,6,7587.19,60,6,7587.19,3,4,5,4,Loyal,3312.250000000001
13374,2010-09-01,2010-09-16 10:29:00,2010-10-21 10:04:00,2,372.8,414,2,372.8,1,2,2,2,Lost,0.0
13375,2010-09-01,2010-09-21 08:12:00,2011-09-12 10:19:00,2,1792.2299999999996,88,2,1792.2299999999996,3,2,4,3,Loyal,778.6499999999997
13376,2011-04-01,2011-04-19 13:03:00,2011-09-01 16:16:00,3,869.76,99,3,869.76,3,3,3,3,Loyal,869.7600000000001
13377,2010-03-01,2010-03-04 10:06:00,2010-11-08 12:20:00,2,1452.8800000000003,396,2,1452.8800000000003,2,2,4,3,At Risk,0.0
13379,2011-07-01,2011-07-26 12:26:00,2011-11-13 13:45:00,3,572.5600000000001,26,3,572.5600000000001,4,3,2,2,New & Promising,572.56
13380,2010-10-01,2010-10-03 10:18:00,2010-10-03 10:18:00,1,62.4,432,1,62.4,1,1,1,1,Lost,0.0
13381,2009-12-01,2009-12-01 15:19:00,2011-11-08 11:58:00,12,8224.37,31,12,8224.37,4,5,5,5,Champions,3639.3099999999995
13382,2009-12-01,2009-12-08 09:56:00,2011-03-04 10:03:00,5,1387.58,280,5,1387.58,2,4,4,4,At Risk – High Value,222.99
13383,2010-06-01,2010-06-14 11:45:00,2010-06-14 11:45:00,1,305.28000000000003,543,1,305.28000000000003,1,1,2,2,Lost,0.0
13384,2010-07-01,2010-07-27 12:22:00,2011-11-09 11:04:00,11,6680.83,30,11,6680.83,4,5,5,5,Champions,4151.93
13385,2011-01-01,2011-01-14 09:52:00,2011-01-14 09:52:00,1,534.5700000000002,329,1,534.5700000000002,2,1,2,2,Hibernating,534.5700000000002
13386,2010-09-01,2010-09-28 13:09:00,2010-10-21 12:52:00,2,835.46,414,2,835.46,1,2,3,2,Lost,0.0
13387,2010-10-01,2010-10-18 14:07:00,2010-10-18 14:07:00,1,181.83999999999995,417,1,181.83999999999995,1,1,1,1,Lost,0.0
13388,2010-04-01,2010-04-15 10:18:00,2011-07-31 12:52:00,3,1185.65,131,3,1185.65,3,3,3,3,Loyal,677.1
13389,2011-04-01,2011-04-21 12:12:00,2011-11-28 14:01:00,3,797.96,11,3,797.96,5,3,3,3,Loyal,797.96
13390,2011-09-01,2011-09-26 08:38:00,2011-09-26 08:38:00,1,544.0799999999999,74,1,544.0799999999999,3,1,2,2,Need Attention,544.0799999999999
13391,2011-05-01,2011-05-20 10:50:00,2011-05-20 10:50:00,1,59.8,203,1,59.8,2,1,1,1,Hibernating,59.8
13392,2010-01-01,2010-01-31 13:34:00,2010-01-31 13:34:00,1,91.14,677,1,91.14,1,1,1,1,Lost,0.0
13393,2009-12-01,2009-12-07 18:12:00,2010-05-05 09:34:00,4,1131.4500000000003,583,4,1131.4500000000003,1,3,3,3,At Risk,0.0
13394,2009-12-01,2009-12-01 11:58:00,2011-12-08 11:36:00,19,6621.700000000001,1,19,6621.700000000001,5,5,5,5,Champions,2520.02
13395,2010-10-01,2010-10-14 13:00:00,2011-06-07 15:04:00,3,1180.2299999999998,185,3,1180.2299999999998,3,3,3,3,Loyal,307.72
13396,2011-01-01,2011-01-24 13:37:00,2011-11-10 16:59:00,2,1360.9899999999998,29,2,1360.9899999999998,4,2,4,3,Loyal,1360.9899999999998
13397,2010-01-01,2010-01-20 09:50:00,2011-09-28 10:56:00,10,3191.8700000000003,72,10,3191.8700000000003,3,5,5,5,Loyal,1544.13
13398,2010-09-01,2010-09-17 09:34:00,2011-05-31 13:17:00,2,670.3400000000001,192,2,670.3400000000001,2,2,3,2,Hibernating,457.3400000000001
13399,2010-07-01,2010-07-08 17:47:00,2010-09-01 13:59:00,3,275.4,464,3,275.4,1,3,1,2,Lost,0.0
13400,2010-05-01,2010-05-06 09:00:00,2010-05-06 09:00:00,1,310.83000000000004,582,1,310.83000000000004,1,1,2,2,Lost,0.0
13402,2010-05-01,2010-05-24 10:56:00,2011-08-04 15:51:00,4,1226.85,127,4,1226.85,3,3,4,4,Loyal,312.95
13403,2009-12-01,2009-12-16 13:23:00,2011-11-22 08:28:00,3,229.5,17,3,229.5,5,3,1,2,New & Promising,75.0
13404,2011-05-01,2011-05-11 11:57:00,2011-12-08 15:37:00,2,252.48999999999998,1,2,252.48999999999998,5,2,1,2,New & Promising,252.48999999999998
13405,2009-12-01,2009-12-15 14:13:00,2011-05-19 16:31:00,5,1198.81,204,5,1198.81,2,4,3,4,At Risk – High Value,557.45
13406,2010-03-01,2010-03-18 07:29:00,2010-10-08 14:44:00,2,568.92,427,2,568.92,1,2,2,2,Lost,0.0
13407,2010-02-01,2010-02-16 11:13:00,2010-05-10 12:41:00,3,2244.6999999999994,578,3,2244.6999999999994,1,3,4,4,At Risk – High Value,0.0
13408,2009-12-01,2009-12-04 09:31:00,2011-12-08 09:05:00,106,50174.77999999999,1,106,50174.77999999999,5,5,5,5,Champions,26558.36
13410,2009-12-01,2009-12-08 13:43:00,2011-11-15 15:33:00,9,2201.96,24,9,2201.96,4,5,4,4,Champions,1003.06
13411,2011-08-01,2011-08-24 13:57:00,2011-08-24 13:57:00,1,213.55000000000004,107,1,213.55000000000004,3,1,1,1,Need Attention,213.55000000000004
13412,2010-03-01,2010-03-29 16:28:00,2010-03-29 16:28:00,1,487.34999999999997,620,1,487.34999999999997,1,1,2,2,Lost,0.0
13413,2010-01-01,2010-01-21 17:43:00,2010-03-10 12:17:00,6,429.44,639,6,429.44,1,4,2,3,At Risk,0.0
13414,2010-04-01,2010-04-15 17:00:00,2011-07-29 11:45:00,6,2494.14,133,6,2494.14,3,4,4,4,Loyal,1390.5
13415,2009-12-01,2009-12-11 14:20:00,2010-08-24 11:38:00,4,784.1699999999998,472,4,784.1699999999998,1,3,3,3,At Risk,0.0
13416,2009-12-01,2009-12-03 13:02:00,2011-10-27 08:56:00,3,940.8,43,3,940.8,4,3,3,3,Loyal,712.5
13417,2010-02-01,2010-02-08 12:39:00,2011-12-05 08:49:00,6,1669.49,4,6,1669.49,5,4,4,4,Champions,640.83
13418,2009-12-01,2009-12-11 12:51:00,2011-11-28 10:23:00,31,11559.66,11,31,11559.66,5,5,5,5,Champions,5504.1900000000005
13419,2011-10-01,2011-10-07 12:49:00,2011-10-07 12:49:00,1,221.05999999999995,63,1,221.05999999999995,3,1,1,1,Need Attention,221.05999999999995
13420,2011-06-01,2011-06-22 11:35:00,2011-07-13 08:48:00,2,159.85,149,2,159.85,3,2,1,2,Need Attention,159.85
13421,2010-02-01,2010-02-14 14:45:00,2011-10-30 14:21:00,8,4048.2500000000005,40,8,4048.2500000000005,4,4,5,4,Champions,1823.21
13422,2011-10-01,2011-10-06 13:42:00,2011-10-06 13:42:00,1,2626.3000000000006,64,1,2626.3000000000006,3,1,4,2,Need Attention,2626.3000000000006
13423,2010-10-01,2010-10-07 09:02:00,2010-10-07 09:02:00,1,217.02999999999997,428,1,217.02999999999997,1,1,1,1,Lost,0.0
13424,2010-09-01,2010-09-16 10:49:00,2010-09-16 10:49:00,1,572.7699999999999,449,1,572.7699999999999,1,1,2,2,Lost,0.0
13425,2010-05-01,2010-05-09 14:35:00,2011-08-23 17:13:00,5,3390.43,108,5,3390.43,3,4,5,4,Loyal,1624.2099999999996
13426,2009-12-01,2009-12-09 15:16:00,2011-12-09 08:59:00,22,8167.38,0,22,8167.38,5,5,5,5,Champions,3641.32
13427,2009-12-01,2009-12-17 13:44:00,2011-11-20 13:02:00,6,1006.5300000000001,19,6,1006.5300000000001,5,4,3,4,Champions,582.6
13428,2010-07-01,2010-07-13 13:20:00,2011-11-29 14:20:00,3,478.5400000000001,10,3,478.5400000000001,5,3,2,2,New & Promising,201.77999999999994
13429,2011-09-01,2011-09-25 15:59:00,2011-11-29 09:10:00,4,1006.8,10,4,1006.8,5,3,3,3,Loyal,1006.8
13430,2011-09-01,2011-09-14 14:26:00,2011-11-21 08:19:00,2,679.45,18,2,679.45,5,2,3,2,New & Promising,679.45
13431,2010-02-01,2010-02-18 11:53:00,2011-10-03 13:49:00,8,3316.24,67,8,3316.24,3,4,5,4,Loyal,1269.1
13432,2010-04-01,2010-04-06 14:42:00,2010-05-17 13:18:00,2,436.55000000000007,571,2,436.55000000000007,1,2,2,2,Lost,0.0
13433,2010-01-01,2010-01-12 08:59:00,2010-07-26 16:55:00,4,658.3199999999999,501,4,658.3199999999999,1,3,3,3,At Risk,0.0
13434,2010-02-01,2010-02-22 09:54:00,2011-09-26 14:30:00,5,1666.8600000000001,74,5,1666.8600000000001,3,4,4,4,Loyal,534.2400000000001
13435,2010-07-01,2010-07-27 16:56:00,2011-12-04 14:45:00,9,4447.33,5,9,4447.33,5,5,5,5,Champions,3809.89
13436,2011-12-01,2011-12-08 10:33:00,2011-12-08 10:33:00,1,196.88999999999996,1,1,196.88999999999996,5,1,1,1,New & Promising,196.88999999999996
13437,2011-06-01,2011-06-02 14:30:00,2011-11-25 14:00:00,7,3408.0600000000004,14,7,3408.0600000000004,5,4,5,4,Champions,3408.0600000000004
13438,2010-06-01,2010-06-10 18:46:00,2010-06-10 18:46:00,1,46.5,547,1,46.5,1,1,1,1,Lost,0.0
13439,2010-07-01,2010-07-01 14:36:00,2011-03-29 14:20:00,3,986.6100000000001,255,3,986.6100000000001,2,3,3,3,At Risk,283.71
13440,2010-09-01,2010-09-14 10:34:00,2010-10-12 13:11:00,7,1295.2500000000005,423,7,1295.2500000000005,1,4,4,4,At Risk – High Value,0.0
13441,2010-10-01,2010-10-04 10:38:00,2011-09-09 09:38:00,2,720.8999999999999,91,2,720.8999999999999,3,2,3,2,Need Attention,296.64000000000004
13442,2009-12-01,2009-12-01 14:59:00,2010-02-10 14:03:00,3,419.87,667,3,419.87,1,3,2,2,Lost,0.0
13443,2010-01-01,2010-01-31 13:30:00,2010-09-17 12:31:00,6,1269.3700000000001,448,6,1269.3700000000001,1,4,4,4,At Risk – High Value,0.0
13444,2010-07-01,2010-07-21 14:34:00,2010-11-30 13:02:00,2,619.08,374,2,619.08,2,2,3,2,Hibernating,0.0
13445,2010-03-01,2010-03-23 15:34:00,2010-03-23 15:34:00,1,241.89999999999998,626,1,241.89999999999998,1,1,1,1,Lost,0.0
13446,2010-02-01,2010-02-14 11:52:00,2010-10-05 18:51:00,11,3881.89,430,11,3881.89,1,5,5,5,At Risk – High Value,0.0
13447,2011-11-01,2011-11-04 10:10:00,2011-11-16 13:38:00,3,1129.1399999999999,23,3,1129.1399999999999,4,3,3,3,Loyal,1129.1399999999999
13448,2009-12-01,2009-12-06 12:14:00,2011-11-23 12:33:00,12,8386.220000000001,16,12,8386.220000000001,5,5,5,5,Champions,3090.7300000000005
13449,2011-11-01,2011-11-16 08:28:00,2011-11-16 08:28:00,1,291.88,23,1,291.88,4,1,2,2,New & Promising,291.88
13450,2010-04-01,2010-04-15 19:15:00,2011-11-13 11:54:00,13,4120.04,26,13,4120.04,4,5,5,5,Champions,2043.7199999999998
13451,2010-03-01,2010-03-21 16:13:00,2011-11-13 15:58:00,11,7088.92,26,11,7088.92,4,5,5,5,Champions,2898.26
13452,2010-08-01,2010-08-24 09:53:00,2011-03-25 14:19:00,3,729.8,259,3,729.8,2,3,3,3,At Risk,590.0
13453,2010-11-01,2010-11-02 13:23:00,2011-06-27 09:34:00,3,781.69,165,3,781.69,3,3,3,3,Loyal,356.97999999999996
13454,2010-03-01,2010-03-08 14:40:00,2010-03-08 14:40:00,1,219.86999999999998,641,1,219.86999999999998,1,1,1,1,Lost,0.0
13455,2009-12-01,2009-12-09 08:58:00,2011-11-15 11:21:00,6,2212.9900000000002,24,6,2212.9900000000002,4,4,4,4,Champions,365.40000000000003
13456,2011-05-01,2011-05-16 15:34:00,2011-11-22 09:18:00,6,1766.7200000000003,17,6,1766.7200000000003,5,4,4,4,Champions,1766.7200000000003
13457,2009-12-01,2009-12-02 12:46:00,2010-01-20 08:48:00,2,148.22,688,2,148.22,1,2,1,2,Lost,0.0
13458,2010-11-01,2010-11-16 14:01:00,2011-12-02 15:29:00,16,11959.27,7,16,11959.27,5,5,5,5,Champions,9646.570000000002
13459,2010-01-01,2010-01-26 13:35:00,2010-03-25 10:24:00,2,1160.4099999999999,624,2,1160.4099999999999,1,2,3,2,Lost,0.0
13460,2011-10-01,2011-10-21 09:50:00,2011-11-10 17:17:00,2,183.44,29,2,183.44,4,2,1,2,New & Promising,183.44
13461,2010-04-01,2010-04-21 16:01:00,2011-11-01 09:01:00,6,4160.0,38,6,4160.0,4,4,5,4,Champions,1445.0
13462,2009-12-01,2009-12-14 09:48:00,2011-04-01 11:20:00,5,1153.85,252,5,1153.85,2,4,3,4,At Risk – High Value,151.5
13464,2010-03-01,2010-03-31 15:22:00,2011-10-12 15:01:00,6,3097.6400000000003,58,6,3097.6400000000003,4,4,5,4,Champions,674.6800000000002
13465,2010-05-01,2010-05-02 15:30:00,2010-09-19 15:13:00,2,931.1199999999999,446,2,931.1199999999999,1,2,3,2,Lost,0.0
13466,2010-03-01,2010-03-21 13:50:00,2011-06-08 16:39:00,5,1013.35,184,5,1013.35,3,4,3,4,Loyal,307.90000000000003
13467,2011-11-01,2011-11-03 16:56:00,2011-11-29 10:01:00,2,1071.9099999999999,10,2,1071.9099999999999,5,2,3,2,New & Promising,1071.9099999999999
13468,2009-12-01,2009-12-03 13:32:00,2011-12-08 10:39:00,72,12793.279999999999,1,72,12793.279999999999,5,5,5,5,Champions,5122.74
13469,2010-02-01,2010-02-24 15:03:00,2010-02-24 15:03:00,1,82.4,653,1,82.4,1,1,1,1,Lost,0.0
13470,2011-08-01,2011-08-16 17:06:00,2011-09-01 14:57:00,2,165.0,99,2,165.0,3,2,1,2,Need Attention,165.0
13471,2011-10-01,2011-10-23 13:10:00,2011-12-08 15:44:00,4,2501.84,1,4,2501.84,5,3,4,4,Champions,2501.84
13472,2010-06-01,2010-06-02 09:48:00,2010-09-02 09:41:00,2,592.24,463,2,592.24,1,2,2,2,Lost,0.0
13473,2009-12-01,2009-12-15 19:02:00,2011-10-10 11:20:00,8,2657.7600000000007,60,8,2657.7600000000007,3,4,4,4,Loyal,422.64
13474,2010-08-01,2010-08-01 14:40:00,2011-04-17 13:53:00,3,646.59,236,3,646.59,2,3,3,3,At Risk,226.83999999999997
13475,2011-02-01,2011-02-14 12:36:00,2011-06-01 13:52:00,4,1431.7799999999997,191,4,1431.7799999999997,2,3,4,4,At Risk – High Value,1431.7799999999997
13476,2010-03-01,2010-03-05 09:39:00,2011-06-14 12:00:00,5,2061.47,178,5,2061.47,3,4,4,4,Loyal,1238.47
13477,2010-01-01,2010-01-25 11:52:00,2011-11-02 12:04:00,11,2819.17,37,11,2819.17,4,5,4,4,Champions,1454.58
13478,2010-01-01,2010-01-31 15:51:00,2010-08-27 13:23:00,5,2215.7800000000007,469,5,2215.7800000000007,1,4,4,4,At Risk – High Value,0.0
13479,2010-08-01,2010-08-19 16:18:00,2011-05-23 10:45:00,4,851.3699999999999,200,4,851.3699999999999,2,3,3,3,At Risk,300.95000000000005
13480,2010-01-01,2010-01-29 12:35:00,2010-10-19 11:53:00,2,627.8199999999999,416,2,627.8199999999999,1,2,3,2,Lost,0.0
13481,2009-12-01,2009-12-04 12:37:00,2011-10-25 09:07:00,11,3830.84,45,11,3830.84,4,5,5,5,Champions,1804.56
13482,2010-03-01,2010-03-22 10:31:00,2011-04-21 17:03:00,2,336.09,232,2,336.09,2,2,2,2,Hibernating,184.64
13483,2011-10-01,2011-10-05 11:53:00,2011-10-05 11:53:00,1,140.34000000000003,65,1,140.34000000000003,3,1,1,1,Need Attention,140.34000000000003
13484,2010-03-01,2010-03-10 11:46:00,2011-04-12 16:30:00,3,790.7199999999999,241,3,790.7199999999999,2,3,3,3,At Risk,313.79999999999995
13485,2009-12-01,2009-12-03 13:46:00,2011-04-20 13:58:00,11,3015.2200000000003,233,11,3015.2200000000003,2,5,5,5,At Risk – High Value,454.24
13486,2011-07-01,2011-07-07 17:19:00,2011-09-22 13:13:00,3,1122.41,78,3,1122.41,3,3,3,3,Loyal,1122.41
13487,2009-12-01,2009-12-05 10:25:00,2011-10-13 12:07:00,5,846.8700000000001,57,5,846.8700000000001,4,4,3,4,Champions,575.4
13488,2010-01-01,2010-01-25 10:13:00,2011-11-22 14:41:00,23,14205.960000000001,17,23,14205.960000000001,5,5,5,5,Champions,7586.39
13489,2011-02-01,2011-02-18 10:42:00,2011-08-26 13:16:00,4,449.52000000000004,105,4,449.52000000000004,3,3,2,2,Need Attention,449.52
13490,2010-02-01,2010-02-23 14:48:00,2010-02-23 14:48:00,1,154.25,654,1,154.25,1,1,1,1,Lost,0.0
13491,2009-12-01,2009-12-07 08:24:00,2011-10-19 08:32:00,27,4467.660000000001,51,27,4467.660000000001,4,5,5,5,Champions,1116.92
13492,2011-05-01,2011-05-09 10:06:00,2011-07-26 14:25:00,3,1269.8399999999997,136,3,1269.8399999999997,3,3,4,4,Loyal,1269.8399999999997
13493,2011-02-01,2011-02-25 16:42:00,2011-03-09 15:35:00,2,498.63,275,2,498.63,2,2,2,2,Hibernating,498.63
13494,2011-02-01,2011-02-01 11:58:00,2011-02-01 11:58:00,1,316.26,311,1,316.26,2,1,2,2,Hibernating,316.26
13495,2009-12-01,2009-12-07 12:12:00,2011-12-02 11:21:00,10,4863.3099999999995,7,10,4863.3099999999995,5,5,5,5,Champions,1533.92
13496,2010-12-01,2010-12-15 10:17:00,2011-11-29 10:58:00,2,653.33,10,2,653.33,5,2,3,2,New & Promising,653.33
13497,2010-02-01,2010-02-08 10:27:00,2011-03-02 09:04:00,6,1166.8300000000002,282,6,1166.8300000000002,2,4,3,4,At Risk – High Value,194.55
13498,2009-12-01,2009-12-09 15:26:00,2009-12-09 15:26:00,1,327.37999999999994,730,1,327.37999999999994,1,1,2,2,Lost,0.0
13499,2011-03-01,2011-03-15 08:52:00,2011-11-22 11:21:00,5,1159.11,17,5,1159.11,5,4,3,4,Champions,1159.11
13500,2010-11-01,2010-11-03 13:16:00,2011-11-16 15:35:00,4,1466.3000000000002,23,4,1466.3000000000002,4,3,4,4,Champions,1166.77
13501,2010-05-01,2010-05-18 13:24:00,2011-02-24 18:59:00,3,2885.11,288,3,2885.11,2,3,5,4,At Risk – High Value,1340.3199999999997
13502,2010-06-01,2010-06-09 10:52:00,2011-11-23 10:39:00,5,780.5000000000001,16,5,780.5000000000001,5,4,3,4,Champions,292.0
13503,2010-02-01,2010-02-16 13:49:00,2011-09-29 13:23:00,5,1778.04,71,5,1778.04,3,4,4,4,Loyal,216.84999999999997
13504,2011-10-01,2011-10-06 13:20:00,2011-10-06 13:20:00,1,295.93,64,1,295.93,3,1,2,2,Need Attention,295.93
13505,2011-04-01,2011-04-21 12:07:00,2011-09-28 11:56:00,4,3633.63,72,4,3633.63,3,3,5,4,Loyal,3633.63
13506,2010-09-01,2010-09-05 12:33:00,2011-01-27 13:53:00,5,1338.08,316,5,1338.08,2,4,4,4,At Risk – High Value,157.4
13507,2011-07-01,2011-07-17 11:50:00,2011-12-06 13:13:00,4,2479.16,3,4,2479.16,5,3,4,4,Champions,2479.16
13508,2010-03-01,2010-03-07 11:58:00,2011-04-10 11:58:00,2,287.04999999999995,243,2,287.04999999999995,2,2,2,2,Hibernating,110.97
13509,2010-07-01,2010-07-20 12:10:00,2011-12-01 10:10:00,7,1099.72,8,7,1099.72,5,4,3,4,Champions,964.72
13510,2009-12-01,2009-12-21 11:53:00,2011-12-08 13:46:00,11,4558.289999999999,1,11,4558.289999999999,5,5,5,5,Champions,1791.56
13511,2010-02-01,2010-02-01 12:10:00,2010-02-01 12:10:00,1,282.76,676,1,282.76,1,1,1,1,Lost,0.0
13512,2010-05-01,2010-05-05 13:22:00,2011-03-24 10:03:00,4,713.39,260,4,713.39,2,3,3,3,At Risk,251.20999999999998
13513,2010-02-01,2010-02-22 16:36:00,2011-08-05 11:50:00,3,824.5899999999999,126,3,824.5899999999999,3,3,3,3,Loyal,205.09999999999997
13514,2010-01-01,2010-01-26 15:11:00,2011-09-27 09:39:00,4,815.9000000000001,73,4,815.9000000000001,3,3,3,3,Loyal,152.20000000000002
13515,2010-03-01,2010-03-05 11:58:00,2011-09-28 11:26:00,6,1265.8200000000002,72,6,1265.8200000000002,3,4,4,4,Loyal,891.1200000000001
13516,2010-10-01,2010-10-18 08:52:00,2011-11-18 13:15:00,4,1685.26,21,4,1685.26,4,3,4,4,Champions,1389.4099999999999
13517,2011-06-01,2011-06-13 08:44:00,2011-10-11 11:43:00,3,2128.42,59,3,2128.42,3,3,4,4,Loyal,2128.42
13518,2011-09-01,2011-09-15 10:29:00,2011-09-15 10:29:00,1,627.16,85,1,627.16,3,1,3,2,Need Attention,627.16
13519,2010-09-01,2010-09-23 11:45:00,2011-09-22 18:24:00,2,343.21,78,2,343.21,3,2,2,2,Need Attention,122.75
13520,2009-12-01,2009-12-17 11:11:00,2011-10-12 10:20:00,11,5446.0,58,11,5446.0,4,5,5,5,Champions,2760.9500000000003
13521,2011-11-01,2011-11-29 15:09:00,2011-12-08 13:50:00,3,1070.4699999999998,1,3,1070.4699999999998,5,3,3,3,Loyal,1070.4699999999998
13522,2011-11-01,2011-11-09 15:11:00,2011-11-09 15:11:00,1,125.80000000000001,30,1,125.80000000000001,4,1,1,1,New & Promising,125.80000000000001
13523,2010-11-01,2010-11-02 14:55:00,2011-11-06 15:11:00,6,4534.57,33,6,4534.57,4,4,5,4,Champions,3397.9299999999994
13524,2011-05-01,2011-05-04 12:26:00,2011-10-30 12:34:00,5,680.1800000000001,40,5,680.1800000000001,4,4,3,4,Champions,680.1800000000001
13525,2011-04-01,2011-04-05 15:36:00,2011-11-25 12:01:00,2,628.78,14,2,628.78,5,2,3,2,New & Promising,628.78
13526,2009-12-01,2009-12-01 12:56:00,2009-12-01 13:13:00,2,1182.0,738,2,1182.0,1,2,3,2,Lost,0.0
13527,2010-01-01,2010-01-21 12:37:00,2011-11-06 12:04:00,12,4541.290000000001,33,12,4541.290000000001,4,5,5,5,Champions,2242.36
13529,2011-05-01,2011-05-19 11:50:00,2011-09-22 09:15:00,2,307.76,78,2,307.76,3,2,2,2,Need Attention,307.76
13530,2010-03-01,2010-03-15 14:10:00,2010-03-15 14:10:00,1,402.98,634,1,402.98,1,1,2,2,Lost,0.0
13531,2009-12-01,2009-12-03 15:20:00,2011-05-18 16:56:00,6,1433.0700000000002,205,6,1433.0700000000002,2,4,4,4,At Risk – High Value,178.35
13532,2011-11-01,2011-11-06 12:25:00,2011-11-06 12:25:00,1,210.30999999999983,33,1,210.30999999999983,4,1,1,1,New & Promising,210.30999999999983
13533,2011-03-01,2011-03-17 12:47:00,2011-06-10 11:54:00,3,269.09000000000003,182,3,269.09000000000003,3,3,1,2,Need Attention,269.09000000000003
13534,2010-07-01,2010-07-07 15:00:00,2011-12-07 14:52:00,35,7720.9,2,35,7720.9,5,5,5,5,Champions,5870.080000000001
13535,2010-11-01,2010-11-02 11:49:00,2010-11-02 11:49:00,1,89.5,402,1,89.5,2,1,1,1,Hibernating,0.0
13536,2011-09-01,2011-09-25 13:30:00,2011-12-08 16:38:00,7,3444.39,1,7,3444.39,5,4,5,4,Champions,3444.3900000000003
13537,2010-09-01,2010-09-14 10:41:00,2010-10-10 12:45:00,2,717.85,425,2,717.85,1,2,3,2,Lost,0.0
13538,2010-02-01,2010-02-02 12:47:00,2011-10-27 16:34:00,12,3103.13,43,12,3103.13,4,5,5,5,Champions,1280.85
13539,2010-04-01,2010-04-28 12:04:00,2011-09-15 10:18:00,7,1569.3600000000004,85,7,1569.3600000000004,3,4,4,4,Loyal,631.34
13540,2010-02-01,2010-02-22 09:22:00,2010-08-29 14:20:00,3,632.3900000000001,467,3,632.3900000000001,1,3,3,3,At Risk,0.0
13541,2010-05-01,2010-05-18 16:15:00,2010-10-08 16:37:00,2,785.25,427,2,785.25,1,2,3,2,Lost,0.0
13542,2009-12-01,2009-12-10 19:53:00,2010-11-28 11:24:00,17,3959.49,376,17,3959.49,2,5,5,5,At Risk – High Value,0.0
13543,2010-01-01,2010-01-21 14:30:00,2010-03-15 13:34:00,2,1439.6100000000001,634,2,1439.6100000000001,1,2,4,3,At Risk,0.0
13544,2010-03-01,2010-03-05 11:31:00,2011-10-31 11:57:00,6,790.2,39,6,790.2,4,4,3,4,Champions,276.06000000000006
13545,2010-06-01,2010-06-13 11:49:00,2010-11-14 11:27:00,2,364.92999999999995,390,2,364.92999999999995,2,2,2,2,Hibernating,0.0
13546,2010-10-01,2010-10-11 17:23:00,2011-11-27 14:50:00,5,1086.24,12,5,1086.24,5,4,3,4,Champions,621.09
13547,2010-10-01,2010-10-27 14:14:00,2010-10-27 14:14:00,1,164.52999999999997,408,1,164.52999999999997,2,1,1,1,Hibernating,0.0
13548,2010-08-01,2010-08-25 13:44:00,2011-09-04 14:50:00,3,901.4399999999998,96,3,901.4399999999998,3,3,3,3,Loyal,678.1599999999999
13549,2010-11-01,2010-11-17 12:17:00,2011-11-14 09:20:00,8,1005.8,25,8,1005.8,4,4,3,4,Champions,918.2
13550,2010-11-01,2010-11-21 15:24:00,2010-11-21 15:24:00,1,342.54999999999995,383,1,342.54999999999995,2,1,2,2,Hibernating,0.0
13551,2010-02-01,2010-02-11 15:01:00,2011-01-24 14:46:00,2,244.2,319,2,244.2,2,2,1,2,Hibernating,91.80000000000001
13552,2010-02-01,2010-02-19 13:28:00,2011-10-04 15:19:00,22,6948.92,66,22,6948.92,3,5,5,5,Loyal,3740.07
13553,2010-02-01,2010-02-03 12:21:00,2010-02-03 12:21:00,1,499.59999999999974,674,1,499.59999999999974,1,1,2,2,Lost,0.0
13554,2010-09-01,2010-09-19 12:39:00,2010-11-24 15:05:00,7,1629.3499999999997,380,7,1629.3499999999997,2,4,4,4,At Risk – High Value,0.0
13555,2010-01-01,2010-01-19 13:20:00,2011-09-27 12:36:00,13,8891.84,73,13,8891.84,3,5,5,5,Loyal,4098.879999999999
13556,2010-09-01,2010-09-30 09:01:00,2010-10-06 16:44:00,2,200.82,429,2,200.82,1,2,1,2,Lost,0.0
13557,2009-12-01,2009-12-08 17:41:00,2011-11-11 15:24:00,13,3032.2599999999998,28,13,3032.2599999999998,4,5,5,5,Champions,584.06
13558,2011-10-01,2011-10-02 13:01:00,2011-12-04 11:24:00,4,594.52,5,4,594.52,5,3,2,2,New & Promising,594.52
13559,2010-06-01,2010-06-14 11:52:00,2010-07-15 09:52:00,2,990.0,512,2,990.0,1,2,3,2,Lost,0.0
13560,2011-12-01,2011-12-02 13:11:00,2011-12-02 13:11:00,1,171.42000000000004,7,1,171.42000000000004,5,1,1,1,New & Promising,171.42000000000004
13561,2010-02-01,2010-02-28 13:42:00,2011-05-08 12:39:00,11,1803.4,215,11,1803.4,2,5,4,4,At Risk – High Value,141.86
13562,2010-01-01,2010-01-14 16:33:00,2011-09-19 10:51:00,8,4838.18,81,8,4838.18,3,4,5,4,Loyal,1799.3300000000002
13563,2011-07-01,2011-07-22 17:21:00,2011-09-16 14:45:00,2,777.53,84,2,777.53,3,2,3,2,Need Attention,777.53
13564,2009-12-01,2009-12-02 11:55:00,2010-12-20 16:50:00,36,15880.220000000001,354,36,15880.220000000001,2,5,5,5,At Risk – High Value,637.9799999999998
13565,2010-10-01,2010-10-24 15:51:00,2011-11-20 14:33:00,3,414.8,19,3,414.8,5,3,2,2,New & Promising,240.22000000000003
13566,2010-03-01,2010-03-10 12:22:00,2011-10-30 11:59:00,5,1684.75,40,5,1684.75,4,4,4,4,Champions,856.84
13567,2010-06-01,2010-06-16 12:48:00,2010-10-07 12:51:00,4,1079.29,428,4,1079.29,1,3,3,3,At Risk,0.0
13568,2011-06-01,2011-06-19 14:42:00,2011-06-19 14:42:00,1,187.05000000000004,173,1,187.05000000000004,3,1,1,1,Need Attention,187.05000000000004
13569,2010-10-01,2010-10-07 13:05:00,2011-11-22 13:07:00,4,725.04,17,4,725.04,5,3,3,3,Loyal,227.29999999999995
13570,2011-04-01,2011-04-10 13:36:00,2011-04-10 13:36:00,1,239.49000000000004,243,1,239.49000000000004,2,1,1,1,Hibernating,239.49000000000004
13571,2009-12-01,2009-12-08 13:02:00,2011-11-27 10:47:00,26,4537.26,12,26,4537.26,5,5,5,5,Champions,2088.94
13572,2011-05-01,2011-05-18 11:59:00,2011-05-18 11:59:00,1,1384.25,205,1,1384.25,2,1,4,2,Hibernating,1384.25
13573,2010-03-01,2010-03-12 16:06:00,2011-10-20 14:33:00,6,903.07,50,6,903.07,4,4,3,4,Champions,290.25
13574,2010-10-01,2010-10-24 13:28:00,2010-10-24 13:28:00,1,404.45000000000005,411,1,404.45000000000005,1,1,2,2,Lost,0.0
13575,2011-06-01,2011-06-16 14:24:00,2011-11-16 13:14:00,5,732.07,23,5,732.07,4,4,3,4,Champions,732.0699999999999
13576,2009-12-01,2009-12-08 15:12:00,2011-11-29 15:34:00,28,11202.59,10,28,11202.59,5,5,5,5,Champions,6368.1900000000005
13577,2009-12-01,2009-12-14 16:10:00,2011-11-14 15:19:00,11,3484.2799999999997,25,11,3484.2799999999997,4,5,5,5,Champions,1687.6000000000001
13578,2010-10-01,2010-10-26 13:44:00,2010-10-26 13:44:00,1,147.66,409,1,147.66,1,1,1,1,Lost,0.0
13579,2010-02-01,2010-02-18 13:53:00,2011-11-25 08:41:00,5,1374.34,14,5,1374.34,5,4,4,4,Champions,302.34
13580,2010-10-01,2010-10-29 15:01:00,2010-10-29 15:01:00,1,107.75,406,1,107.75,2,1,1,1,Hibernating,0.0
13581,2010-10-01,2010-10-21 16:30:00,2011-02-03 14:41:00,2,280.53,309,2,280.53,2,2,1,2,Hibernating,117.99999999999999
13582,2010-04-01,2010-04-01 11:38:00,2010-11-15 11:34:00,2,241.68,389,2,241.68,2,2,1,2,Hibernating,0.0
13583,2010-01-01,2010-01-29 13:53:00,2011-07-07 10:40:00,2,1445.0300000000002,155,2,1445.0300000000002,3,2,4,3,Loyal,781.0300000000002
13584,2010-02-01,2010-02-02 08:40:00,2011-02-06 12:49:00,3,385.7000000000001,306,3,385.7000000000001,2,3,2,2,Hibernating,142.40000000000003
13585,2009-12-01,2009-12-01 14:56:00,2010-06-27 12:33:00,3,684.54,530,3,684.54,1,3,3,3,At Risk,0.0
13586,2010-06-01,2010-06-16 13:47:00,2010-06-16 13:47:00,1,127.28000000000002,541,1,127.28000000000002,1,1,1,1,Lost,0.0
13587,2010-02-01,2010-02-14 13:17:00,2011-10-07 12:31:00,4,1673.4999999999998,63,4,1673.4999999999998,3,3,4,4,Loyal,712.4
13588,2011-03-01,2011-03-29 15:53:00,2011-11-24 10:42:00,9,2478.95,15,9,2478.95,5,5,4,4,Champions,2478.9500000000003
13589,2009-12-01,2009-12-06 10:26:00,2011-11-25 12:10:00,6,1120.74,14,6,1120.74,5,4,3,4,Champions,379.65
13590,2009-12-01,2009-12-01 13:37:00,2011-11-28 12:54:00,18,6336.039999999999,11,18,6336.039999999999,5,5,5,5,Champions,1981.9199999999996
13591,2009-12-01,2009-12-14 15:44:00,2011-10-06 12:26:00,7,2093.9399999999996,64,7,2093.9399999999996,3,4,4,4,Loyal,1117.1299999999999
13592,2011-03-01,2011-03-20 14:01:00,2011-11-04 09:49:00,4,247.96,35,4,247.96,4,3,1,2,New & Promising,247.96
13593,2010-03-01,2010-03-02 16:36:00,2011-08-23 13:35:00,14,5493.289999999999,108,14,5493.289999999999,3,5,5,5,Loyal,2011.88
13594,2010-08-01,2010-08-11 10:23:00,2011-10-18 10:19:00,2,533.3199999999999,52,2,533.3199999999999,4,2,2,2,New & Promising,396.96999999999997
13595,2010-03-01,2010-03-03 14:42:00,2010-07-11 12:36:00,3,784.48,516,3,784.48,1,3,3,3,At Risk,0.0
13596,2011-11-01,2011-11-27 11:57:00,2011-12-04 12:01:00,2,664.1099999999999,5,2,664.1099999999999,5,2,3,2,New & Promising,664.1099999999999
13597,2010-11-01,2010-11-02 09:30:00,2010-11-04 14:54:00,2,396.71,400,2,396.71,2,2,2,2,Hibernating,0.0
13598,2010-02-01,2010-02-26 11:22:00,2011-10-23 14:28:00,5,761.96,47,5,761.96,4,4,3,4,Champions,160.04000000000008
13599,2009-12-01,2009-12-01 12:30:00,2011-12-08 16:10:00,33,9811.04,1,33,9811.04,5,5,5,5,Champions,4797.08
13600,2010-03-01,2010-03-15 17:16:00,2011-01-31 15:27:00,2,518.4200000000001,312,2,518.4200000000001,2,2,2,2,Hibernating,219.51999999999998
13601,2010-06-01,2010-06-11 15:03:00,2011-10-25 17:31:00,4,1159.99,45,4,1159.99,4,3,3,3,Loyal,693.3199999999999
13602,2010-05-01,2010-05-28 11:49:00,2011-10-06 11:47:00,4,1025.17,64,4,1025.17,3,3,3,3,Loyal,428.88999999999993
13603,2011-11-01,2011-11-13 15:57:00,2011-11-13 15:57:00,1,164.34,26,1,164.34,4,1,1,1,New & Promising,164.34
13604,2010-02-01,2010-02-19 12:02:00,2010-02-19 12:02:00,1,717.6199999999999,658,1,717.6199999999999,1,1,3,2,Lost,0.0
13605,2010-05-01,2010-05-17 15:46:00,2010-11-17 17:16:00,2,522.67,387,2,522.67,2,2,2,2,Hibernating,0.0
13606,2011-02-01,2011-02-01 11:42:00,2011-11-10 17:46:00,3,276.75,29,3,276.75,4,3,1,2,New & Promising,276.75
13607,2010-11-01,2010-11-02 11:48:00,2011-10-30 16:17:00,2,1075.8099999999997,40,2,1075.8099999999997,4,2,3,2,New & Promising,675.5099999999996
13608,2010-06-01,2010-06-17 12:28:00,2010-06-17 12:28:00,1,232.05000000000007,540,1,232.05000000000007,1,1,1,1,Lost,0.0
13609,2010-04-01,2010-04-25 13:26:00,2010-04-25 13:26:00,1,167.35000000000002,593,1,167.35000000000002,1,1,1,1,Lost,0.0
13610,2010-01-01,2010-01-05 14:12:00,2011-11-27 15:38:00,14,2102.46,12,14,2102.46,5,5,4,4,Champions,1082.3300000000002
13611,2009-12-01,2009-12-03 07:57:00,2011-09-11 14:51:00,10,3297.9300000000003,89,10,3297.9300000000003,3,5,5,5,Loyal,1154.3999999999999
13612,2010-03-01,2010-03-17 12:14:00,2010-03-17 12:14:00,1,818.29,632,1,818.29,1,1,3,2,Lost,0.0
13613,2010-02-01,2010-02-17 12:40:00,2010-09-13 12:01:00,5,1039.85,452,5,1039.85,1,4,3,4,At Risk – High Value,0.0
13614,2010-06-01,2010-06-06 13:42:00,2011-11-15 14:47:00,6,2332.74,24,6,2332.74,4,4,4,4,Champions,1585.4599999999998
13615,2010-01-01,2010-01-28 15:43:00,2011-01-25 08:21:00,8,6272.530000000001,318,8,6272.530000000001,2,4,5,4,At Risk – High Value,417.6900000000001
13616,2010-01-01,2010-01-17 14:56:00,2010-05-20 12:59:00,2,283.85,568,2,283.85,1,2,1,2,Lost,0.0
13617,2010-08-01,2010-08-01 15:23:00,2011-10-30 13:50:00,8,1278.75,40,8,1278.75,4,4,4,4,Champions,544.1800000000001
13618,2011-06-01,2011-06-19 11:09:00,2011-06-19 11:09:00,1,177.34000000000003,173,1,177.34000000000003,3,1,1,1,Need Attention,177.34000000000003
13619,2010-02-01,2010-02-03 14:16:00,2010-06-13 11:39:00,2,223.44,544,2,223.44,1,2,1,2,Lost,0.0
13620,2010-06-01,2010-06-29 15:02:00,2010-06-29 15:02:00,1,112.34000000000002,528,1,112.34000000000002,1,1,1,1,Lost,0.0
13621,2011-08-01,2011-08-15 08:26:00,2011-08-15 08:26:00,1,213.85,116,1,213.85,3,1,1,1,Need Attention,213.85
13622,2010-01-01,2010-01-12 13:22:00,2010-01-12 13:22:00,1,658.95,696,1,658.95,1,1,3,2,Lost,0.0
13623,2009-12-01,2009-12-02 13:57:00,2011-11-09 12:00:00,10,2533.06,30,10,2533.06,4,5,4,4,Champions,727.74
13624,2010-11-01,2010-11-16 13:43:00,2010-11-16 13:43:00,1,462.0800000000001,388,1,462.0800000000001,2,1,2,2,Hibernating,0.0
13625,2010-04-01,2010-04-22 10:50:00,2010-04-22 10:50:00,1,301.26,596,1,301.26,1,1,2,2,Lost,0.0
13626,2010-11-01,2010-11-25 16:12:00,2011-04-01 10:05:00,2,707.04,252,2,707.04,2,2,3,2,Hibernating,257.22999999999996
13627,2010-03-01,2010-03-09 14:03:00,2011-10-11 14:20:00,7,2245.9,59,7,2245.9,3,4,4,4,Loyal,1638.47
13628,2010-02-01,2010-02-01 14:44:00,2010-02-01 14:44:00,1,310.14000000000004,676,1,310.14000000000004,1,1,2,2,Lost,0.0
13629,2010-02-01,2010-02-11 17:34:00,2011-11-16 13:21:00,19,13370.86,23,19,13370.86,4,5,5,5,Champions,7792.36
13630,2011-02-01,2011-02-27 12:49:00,2011-12-04 15:16:00,7,2031.7800000000002,5,7,2031.7800000000002,5,4,4,4,Champions,2031.78
13631,2011-03-01,2011-03-17 17:13:00,2011-09-01 09:57:00,11,3070.42,99,11,3070.42,3,5,5,5,Loyal,3070.42
13632,2010-04-01,2010-04-07 10:59:00,2011-11-15 10:51:00,8,3645.81,24,8,3645.81,4,4,5,4,Champions,2118.93
13634,2010-01-01,2010-01-10 14:26:00,2011-11-06 13:40:00,15,4988.08,33,15,4988.08,4,5,5,5,Champions,1547.3599999999997
13635,2009-12-01,2009-12-01 09:46:00,2011-10-03 10:55:00,4,2999.16,67,4,2999.16,3,3,5,4,Loyal,1071.0300000000002
13636,2011-02-01,2011-02-27 14:29:00,2011-11-03 10:30:00,5,949.1200000000001,36,5,949.1200000000001,4,4,3,4,Champions,949.12
13637,2011-04-01,2011-04-27 13:06:00,2011-10-18 13:32:00,3,803.0499999999998,52,3,803.0499999999998,4,3,3,3,Loyal,803.05
13638,2011-11-01,2011-11-24 10:38:00,2011-11-24 10:38:00,1,122.64000000000001,15,1,122.64000000000001,5,1,1,1,New & Promising,122.64000000000001
13639,2010-09-01,2010-09-29 10:05:00,2011-09-26 13:36:00,2,1346.2700000000002,74,2,1346.2700000000002,3,2,4,3,Loyal,1033.3400000000001
13640,2010-04-01,2010-04-07 15:33:00,2010-04-07 15:33:00,1,405.0,611,1,405.0,1,1,2,2,Lost,0.0
13641,2009-12-01,2009-12-05 13:17:00,2010-03-09 07:37:00,4,942.3700000000001,640,4,942.3700000000001,1,3,3,3,At Risk,0.0
13642,2010-10-01,2010-10-03 12:23:00,2011-05-08 12:34:00,4,472.19999999999993,215,4,472.19999999999993,2,3,2,2,Hibernating,312.28
13643,2009-12-01,2009-12-08 12:48:00,2011-11-08 15:37:00,10,2156.77,31,10,2156.77,4,5,4,4,Champions,519.44
13644,2011-08-01,2011-08-26 11:53:00,2011-11-23 14:07:00,4,2624.2600000000007,16,4,2624.2600000000007,5,3,4,4,Champions,2624.2600000000007
13645,2011-08-01,2011-08-11 16:11:00,2011-08-11 16:11:00,1,252.1,120,1,252.1,3,1,1,1,Need Attention,252.1
13646,2010-11-01,2010-11-05 12:00:00,2010-11-05 12:13:00,2,326.2499999999999,399,2,326.2499999999999,2,2,2,2,Hibernating,0.0
13647,2010-04-01,2010-04-15 12:55:00,2011-11-30 12:00:00,8,3041.68,9,8,3041.68,5,4,5,4,Champions,1648.1200000000001
13648,2009-12-01,2009-12-01 18:13:00,2010-11-04 14:46:00,8,1759.0700000000002,400,8,1759.0700000000002,2,4,4,4,At Risk – High Value,0.0
13649,2010-06-01,2010-06-30 16:35:00,2011-03-28 11:51:00,6,1453.6799999999998,256,6,1453.6799999999998,2,4,4,4,At Risk – High Value,148.8
13650,2010-01-01,2010-01-26 08:44:00,2011-11-23 12:22:00,10,3287.9999999999995,16,10,3287.9999999999995,5,5,5,5,Champions,1836.34
13651,2010-11-01,2010-11-23 09:44:00,2011-10-31 12:11:00,2,211.85000000000002,39,2,211.85000000000002,4,2,1,2,New & Promising,79.2
13652,2010-02-01,2010-02-25 17:37:00,2011-10-25 08:51:00,5,2262.0499999999997,45,5,2262.0499999999997,4,4,4,4,Champions,786.28
13653,2010-08-01,2010-08-09 08:19:00,2010-08-09 08:19:00,1,152.2,487,1,152.2,1,1,1,1,Lost,0.0
13654,2009-12-01,2009-12-02 11:43:00,2011-10-27 16:24:00,11,6308.0,43,11,6308.0,4,5,5,5,Champions,2707.33
13655,2010-04-01,2010-04-27 09:59:00,2011-08-17 14:25:00,6,2280.51,114,6,2280.51,3,4,4,4,Loyal,932.97
13656,2010-04-01,2010-04-23 12:50:00,2011-06-28 10:31:00,4,1078.8500000000001,164,4,1078.8500000000001,3,3,3,3,Loyal,379.6500000000001
13657,2011-05-01,2011-05-22 12:35:00,2011-11-29 12:32:00,2,382.14,10,2,382.14,5,2,2,2,New & Promising,382.14
13658,2010-02-01,2010-02-05 13:17:00,2011-11-30 10:13:00,9,6025.5,9,9,6025.5,5,5,5,5,Champions,2639.17
13659,2010-02-01,2010-02-17 09:05:00,2011-05-18 12:37:00,12,4884.679999999999,205,12,4884.679999999999,2,5,5,5,At Risk – High Value,1563.0
13660,2010-11-01,2010-11-04 16:10:00,2010-11-04 16:10:00,1,306.6399999999999,400,1,306.6399999999999,2,1,2,2,Hibernating,0.0
13661,2010-04-01,2010-04-15 14:58:00,2010-04-15 14:58:00,1,325.24000000000007,603,1,325.24000000000007,1,1,2,2,Lost,0.0
13662,2010-02-01,2010-02-19 13:21:00,2011-09-15 12:04:00,11,2233.61,85,11,2233.61,3,5,4,4,Loyal,881.2600000000001
13663,2010-03-01,2010-03-03 10:11:00,2011-06-13 15:44:00,5,2047.51,179,5,2047.51,3,4,4,4,Loyal,189.47
13665,2010-07-01,2010-07-23 13:29:00,2010-11-18 13:06:00,3,1711.66,386,3,1711.66,2,3,4,4,At Risk – High Value,0.0
13666,2009-12-01,2009-12-04 10:48:00,2011-10-10 15:39:00,5,127.05,60,5,127.05,3,4,1,2,Need Attention,84.65
13667,2011-07-01,2011-07-13 15:42:00,2011-07-13 15:42:00,1,299.04999999999984,149,1,299.04999999999984,3,1,2,2,Need Attention,299.04999999999984
13668,2009-12-01,2009-12-11 14:28:00,2011-12-07 12:11:00,35,12948.48,2,35,12948.48,5,5,5,5,Champions,6309.83
13669,2010-10-01,2010-10-28 15:05:00,2011-10-20 09:32:00,3,413.54999999999995,50,3,413.54999999999995,4,3,2,2,New & Promising,218.54999999999998
13670,2011-09-01,2011-09-25 15:25:00,2011-09-25 15:25:00,1,349.70000000000016,75,1,349.70000000000016,3,1,2,2,Need Attention,349.70000000000016
13671,2010-11-01,2010-11-10 10:50:00,2010-11-10 10:50:00,1,172.60000000000002,394,1,172.60000000000002,2,1,1,1,Hibernating,0.0
13672,2009-12-01,2009-12-09 11:40:00,2011-02-11 13:53:00,3,419.92,301,3,419.92,2,3,2,2,Hibernating,186.39000000000001
13673,2011-11-01,2011-11-07 15:40:00,2011-11-21 12:11:00,2,387.44,18,2,387.44,5,2,2,2,New & Promising,387.44
13674,2010-10-01,2010-10-03 10:41:00,2010-10-03 10:41:00,1,240.67999999999998,432,1,240.67999999999998,1,1,1,1,Lost,0.0
13675,2011-02-01,2011-02-28 12:14:00,2011-07-11 12:57:00,2,486.82,151,2,486.82,3,2,2,2,Need Attention,486.82
13676,2010-03-01,2010-03-30 16:53:00,2010-06-18 17:30:00,2,243.90000000000003,539,2,243.90000000000003,1,2,1,2,Lost,0.0
13677,2010-07-01,2010-07-07 17:25:00,2010-10-31 11:32:00,2,551.24,404,2,551.24,2,2,2,2,Hibernating,0.0
13678,2011-07-01,2011-07-11 10:14:00,2011-07-11 10:14:00,1,232.60000000000005,151,1,232.60000000000005,3,1,1,1,Need Attention,232.60000000000005
13679,2009-12-01,2009-12-04 16:52:00,2010-08-03 12:13:00,3,281.26000000000005,493,3,281.26000000000005,1,3,1,2,Lost,0.0
13680,2009-12-01,2009-12-04 14:14:00,2011-12-08 13:47:00,12,11419.670000000002,1,12,11419.670000000002,5,5,5,5,Champions,3719.12
13681,2011-07-01,2011-07-07 15:21:00,2011-11-22 11:13:00,4,827.83,17,4,827.83,5,3,3,3,Loyal,827.83
13682,2011-06-01,2011-06-05 14:06:00,2011-06-05 14:06:00,1,59.5,187,1,59.5,2,1,1,1,Hibernating,59.5
13683,2010-09-01,2010-09-08 10:00:00,2010-09-08 10:00:00,1,258.6,457,1,258.6,1,1,1,1,Lost,0.0
13684,2010-03-01,2010-03-28 14:48:00,2011-02-27 10:13:00,4,594.88,285,4,594.88,2,3,2,2,Hibernating,65.13000000000001
13685,2011-10-01,2011-10-10 12:59:00,2011-12-07 11:41:00,7,3119.44,2,7,3119.44,5,4,5,4,Champions,3119.44
13686,2010-11-01,2010-11-03 13:44:00,2011-06-10 09:10:00,3,409.04,182,3,409.04,3,3,2,2,Need Attention,72.0
13687,2010-09-01,2010-09-27 16:30:00,2010-09-27 16:30:00,1,11880.839999999998,438,1,11880.839999999998,1,1,5,3,At Risk,0.0
13688,2010-03-01,2010-03-14 14:11:00,2010-03-14 14:11:00,1,375.5,635,1,375.5,1,1,2,2,Lost,0.0
13689,2010-09-01,2010-09-21 10:27:00,2011-10-07 13:21:00,2,1259.5,63,2,1259.5,3,2,4,3,Loyal,910.0
13690,2011-10-01,2011-10-11 15:03:00,2011-10-11 15:03:00,1,172.25,59,1,172.25,3,1,1,1,Need Attention,172.25
13691,2010-11-01,2010-11-08 17:34:00,2010-11-08 17:34:00,1,210.77999999999994,396,1,210.77999999999994,2,1,1,1,Hibernating,0.0
13692,2010-10-01,2010-10-15 13:28:00,2011-11-15 11:17:00,5,3114.4000000000005,24,5,3114.4000000000005,4,4,5,4,Champions,1488.3200000000006
13693,2009-12-01,2009-12-07 11:29:00,2010-11-30 18:21:00,9,2011.8200000000002,374,9,2011.8200000000002,2,5,4,4,At Risk – High Value,0.0
13694,2009-12-01,2009-12-04 15:26:00,2011-12-06 09:32:00,143,195640.69,3,143,195640.69,5,5,5,5,Champions,64197.5
13695,2010-05-01,2010-05-11 11:07:00,2011-11-08 14:26:00,16,2770.73,31,16,2770.73,4,5,4,4,Champions,2504.13
13696,2010-02-01,2010-02-11 14:17:00,2010-10-14 09:44:00,3,2020.4,421,3,2020.4,1,3,4,4,At Risk – High Value,0.0
13697,2011-11-01,2011-11-01 09:14:00,2011-11-01 09:14:00,1,151.3,38,1,151.3,4,1,1,1,New & Promising,151.3
13698,2010-01-01,2010-01-27 09:02:00,2010-04-22 11:52:00,2,451.73,596,2,451.73,1,2,2,2,Lost,0.0
13699,2010-06-01,2010-06-07 13:03:00,2011-07-07 16:51:00,2,764.15,155,2,764.15,3,2,3,2,Need Attention,308.58
13700,2010-02-01,2010-02-07 10:53:00,2011-11-13 13:00:00,13,2596.9700000000003,26,13,2596.9700000000003,4,5,4,4,Champions,2248.63
13701,2010-09-01,2010-09-19 12:39:00,2010-09-19 12:39:00,1,161.00000000000003,446,1,161.00000000000003,1,1,1,1,Lost,0.0
13702,2010-09-01,2010-09-20 11:40:00,2010-09-20 11:40:00,1,135.18,445,1,135.18,1,1,1,1,Lost,0.0
13703,2010-10-01,2010-10-20 13:11:00,2011-01-25 13:10:00,2,425.56,318,2,425.56,2,2,2,2,Hibernating,99.5
13704,2011-09-01,2011-09-12 14:40:00,2011-12-04 15:13:00,9,2308.06,5,9,2308.06,5,5,4,4,Champions,2308.06
13705,2010-03-01,2010-03-25 17:19:00,2011-12-02 12:32:00,7,1717.19,7,7,1717.19,5,4,4,4,Champions,393.72
13706,2010-03-01,2010-03-23 09:18:00,2011-02-10 09:21:00,2,631.1699999999998,302,2,631.1699999999998,2,2,3,2,Hibernating,330.78999999999996
13707,2010-06-01,2010-06-21 11:57:00,2011-03-17 18:03:00,5,3365.86,267,5,3365.86,2,4,5,4,At Risk – High Value,806.4099999999999
13708,2011-03-01,2011-03-13 13:46:00,2011-03-13 13:46:00,1,283.3299999999999,271,1,283.3299999999999,2,1,1,1,Hibernating,283.3299999999999
13709,2010-01-01,2010-01-11 10:40:00,2011-12-06 10:28:00,18,7571.349999999999,3,18,7571.349999999999,5,5,5,5,Champions,6307.65
13710,2010-04-01,2010-04-06 12:54:00,2011-11-08 08:16:00,3,509.52,31,3,509.52,4,3,2,2,New & Promising,180.48000000000002
13711,2009-12-01,2009-12-15 19:04:00,2011-05-05 10:31:00,9,1792.26,218,9,1792.26,2,5,4,4,At Risk – High Value,252.06
13712,2010-04-01,2010-04-08 11:16:00,2011-04-07 12:33:00,2,766.4200000000001,246,2,766.4200000000001,2,2,3,2,Hibernating,228.83999999999997
13713,2010-05-01,2010-05-05 16:48:00,2010-10-27 16:18:00,3,740.76,408,3,740.76,2,3,3,3,At Risk,0.0
13714,2010-08-01,2010-08-31 13:57:00,2010-08-31 13:57:00,1,161.35,465,1,161.35,1,1,1,1,Lost,0.0
13715,2010-03-01,2010-03-11 15:33:00,2011-03-03 19:21:00,17,8153.04,281,17,8153.04,2,5,5,5,At Risk – High Value,804.7400000000002
13716,2011-03-01,2011-03-15 13:49:00,2011-03-15 13:49:00,1,138.28,269,1,138.28,2,1,1,1,Hibernating,138.28
13717,2010-08-01,2010-08-11 09:40:00,2011-11-07 14:13:00,8,1763.3000000000002,32,8,1763.3000000000002,4,4,4,4,Champions,1445.01
13718,2011-02-01,2011-02-17 11:58:00,2011-04-07 13:24:00,2,306.55,246,2,306.55,2,2,2,2,Hibernating,306.55
13719,2010-05-01,2010-05-17 14:36:00,2011-11-24 15:26:00,11,2782.0999999999995,15,11,2782.0999999999995,5,5,4,4,Champions,1041.68
13720,2011-03-01,2011-03-30 09:17:00,2011-08-15 12:46:00,4,799.9000000000001,116,4,799.9000000000001,3,3,3,3,Loyal,799.9
13721,2010-11-01,2010-11-09 17:59:00,2011-11-03 14:05:00,2,741.54,36,2,741.54,4,2,3,2,New & Promising,524.14
13722,2010-03-01,2010-03-03 14:13:00,2011-07-31 12:44:00,10,5635.410000000002,131,10,5635.410000000002,3,5,5,5,Loyal,2375.4100000000008
13723,2010-04-01,2010-04-07 14:32:00,2011-05-06 17:04:00,6,1194.08,217,6,1194.08,2,4,3,4,At Risk – High Value,199.85000000000002
13724,2010-03-01,2010-03-12 15:28:00,2010-03-12 15:28:00,1,213.00999999999993,637,1,213.00999999999993,1,1,1,1,Lost,0.0
13725,2011-02-01,2011-02-04 12:18:00,2011-10-21 10:03:00,8,1980.5599999999997,49,8,1980.5599999999997,4,4,4,4,Champions,1980.5599999999997
13726,2011-08-01,2011-08-31 11:06:00,2011-11-01 10:49:00,2,1079.6599999999999,38,2,1079.6599999999999,4,2,3,2,New & Promising,1079.6599999999999
13727,2009-12-01,2009-12-09 13:25:00,2011-11-11 09:46:00,8,1074.15,28,8,1074.15,4,4,3,4,Champions,333.48
13728,2009-12-01,2009-12-09 17:13:00,2011-11-03 10:49:00,16,2855.17,36,16,2855.17,4,5,4,4,Champions,1016.1400000000001
13729,2010-01-01,2010-01-24 14:57:00,2010-09-30 10:44:00,3,724.7299999999999,435,3,724.7299999999999,1,3,3,3,At Risk,0.0
13730,2011-07-01,2011-07-01 12:47:00,2011-07-27 08:35:00,2,752.6000000000001,135,2,752.6000000000001,3,2,3,2,Need Attention,752.6000000000001
13731,2011-04-01,2011-04-07 10:10:00,2011-05-04 14:33:00,2,610.5899999999999,219,2,610.5899999999999,2,2,3,2,Hibernating,610.5899999999999
13732,2011-11-01,2011-11-11 15:49:00,2011-11-11 15:49:00,1,491.86,28,1,491.86,4,1,2,2,New & Promising,491.86
13733,2009-12-01,2009-12-04 15:28:00,2010-10-25 12:18:00,2,487.03,410,2,487.03,1,2,2,2,Lost,0.0
13734,2010-04-01,2010-04-16 08:42:00,2010-07-19 12:04:00,4,6695.69,508,4,6695.69,1,3,5,4,At Risk – High Value,0.0
13735,2009-12-01,2009-12-13 13:31:00,2011-11-15 11:14:00,13,9762.77,24,13,9762.77,4,5,5,5,Champions,2883.5400000000004
13736,2009-12-01,2009-12-06 12:07:00,2011-12-04 15:19:00,7,2752.4700000000003,5,7,2752.4700000000003,5,4,4,4,Champions,729.7999999999998
13737,2011-05-01,2011-05-23 16:32:00,2011-05-23 16:32:00,1,339.59999999999997,200,1,339.59999999999997,2,1,2,2,Hibernating,339.59999999999997
13738,2010-11-01,2010-11-08 15:23:00,2010-11-08 15:23:00,1,434.7799999999999,396,1,434.7799999999999,2,1,2,2,Hibernating,0.0
13739,2010-06-01,2010-06-30 10:25:00,2011-11-21 13:35:00,2,292.2,18,2,292.2,5,2,2,2,New & Promising,216.9
13740,2009-12-01,2009-12-02 12:22:00,2011-04-13 10:32:00,5,1582.77,240,5,1582.77,2,4,4,4,At Risk – High Value,350.75
13741,2011-05-01,2011-05-06 13:43:00,2011-09-29 09:19:00,3,668.4300000000001,71,3,668.4300000000001,3,3,3,3,Loyal,668.4300000000001
13742,2011-01-01,2011-01-23 14:59:00,2011-11-23 11:07:00,12,3107.87,16,12,3107.87,5,5,5,5,Champions,3107.87
13743,2011-03-01,2011-03-25 14:46:00,2011-12-07 10:09:00,7,1341.6,2,7,1341.6,5,4,4,4,Champions,1341.6
13744,2011-02-01,2011-02-20 14:08:00,2011-09-05 15:19:00,2,1080.52,95,2,1080.52,3,2,3,2,Need Attention,1080.52
13745,2010-06-01,2010-06-11 17:19:00,2011-06-30 16:43:00,2,777.3600000000001,162,2,777.3600000000001,3,2,3,2,Need Attention,300.03999999999996
13746,2010-10-01,2010-10-22 11:55:00,2010-10-22 11:55:00,1,176.69,413,1,176.69,1,1,1,1,Lost,0.0
13747,2010-10-01,2010-10-11 09:15:00,2010-12-01 10:37:00,2,169.79999999999998,373,2,169.79999999999998,2,2,1,2,Hibernating,0.0
13748,2009-12-01,2009-12-01 16:44:00,2011-09-05 09:45:00,9,2064.35,95,9,2064.35,3,5,4,4,Loyal,744.25
13750,2010-04-01,2010-04-01 14:49:00,2011-10-17 12:16:00,11,3602.1800000000003,53,11,3602.1800000000003,4,5,5,5,Champions,1647.2600000000002
13751,2011-02-01,2011-02-24 15:56:00,2011-02-24 15:56:00,1,296.24999999999994,288,1,296.24999999999994,2,1,2,2,Hibernating,296.24999999999994
13752,2010-06-01,2010-06-30 10:23:00,2011-08-07 14:16:00,7,1579.83,124,7,1579.83,3,4,4,4,Loyal,1175.38
13753,2009-12-01,2009-12-03 10:20:00,2011-02-25 12:48:00,4,2094.57,287,4,2094.57,2,3,4,4,At Risk – High Value,741.26
13754,2010-09-01,2010-09-28 15:29:00,2011-07-11 11:51:00,3,447.05,151,3,447.05,3,3,2,2,Need Attention,282.6
13755,2011-10-01,2011-10-07 15:45:00,2011-12-06 12:26:00,9,2108.0599999999995,3,9,2108.0599999999995,5,5,4,4,Champions,2108.06
13756,2009-12-01,2009-12-15 15:18:00,2011-12-07 16:44:00,23,8655.95,2,23,8655.95,5,5,5,5,Champions,4656.72
13757,2010-02-01,2010-02-03 12:37:00,2010-02-03 12:37:00,1,195.55,674,1,195.55,1,1,1,1,Lost,0.0
13758,2009-12-01,2009-12-01 10:06:00,2011-11-28 11:11:00,14,8595.289999999999,11,14,8595.289999999999,5,5,5,5,Champions,2471.7000000000003
13759,2011-09-01,2011-09-29 15:40:00,2011-11-06 14:47:00,2,659.41,33,2,659.41,4,2,3,2,New & Promising,659.41
13760,2010-04-01,2010-04-25 13:10:00,2011-10-16 16:13:00,5,1363.6399999999999,54,5,1363.6399999999999,4,4,4,4,Champions,286.78999999999996
13761,2010-02-01,2010-02-21 11:08:00,2011-10-20 14:01:00,6,1952.17,50,6,1952.17,4,4,4,4,Champions,1070.65
13762,2010-01-01,2010-01-10 12:13:00,2011-05-05 09:15:00,5,2472.48,218,5,2472.48,2,4,4,4,At Risk – High Value,306.72
13763,2010-09-01,2010-09-30 17:39:00,2011-10-07 15:13:00,3,5217.44,63,3,5217.44,3,3,5,4,Loyal,1714.9599999999998
13764,2010-03-01,2010-03-07 12:56:00,2011-09-30 12:03:00,6,2908.67,70,6,2908.67,3,4,5,4,Loyal,1516.42
13765,2010-02-01,2010-02-24 13:46:00,2010-02-24 13:46:00,1,352.82,653,1,352.82,1,1,2,2,Lost,0.0
13766,2010-08-01,2010-08-01 14:25:00,2010-08-01 14:25:00,1,190.34999999999997,495,1,190.34999999999997,1,1,1,1,Lost,0.0
13767,2009-12-01,2009-12-01 10:52:00,2011-12-07 15:00:00,73,33903.57,2,73,33903.57,5,5,5,5,Champions,15583.400000000001
13768,2009-12-01,2009-12-09 10:25:00,2009-12-13 10:41:00,2,875.97,726,2,875.97,1,2,3,2,Lost,0.0
13769,2009-12-01,2009-12-16 11:59:00,2011-12-07 15:08:00,20,5478.120000000001,2,20,5478.120000000001,5,5,5,5,Champions,2474.21
13770,2009-12-01,2009-12-09 14:44:00,2010-10-13 15:10:00,4,785.3699999999999,422,4,785.3699999999999,1,3,3,3,At Risk,0.0
13771,2010-02-01,2010-02-25 12:37:00,2011-10-06 14:18:00,9,5728.82,64,9,5728.82,3,5,5,5,Loyal,2634.45
13772,2010-02-01,2010-02-23 13:55:00,2011-11-06 11:43:00,8,3100.0199999999995,33,8,3100.0199999999995,4,4,5,4,Champions,1122.63
13773,2010-02-01,2010-02-18 10:27:00,2010-11-08 11:49:00,2,301.54,396,2,301.54,2,2,2,2,Hibernating,0.0
13774,2011-09-01,2011-09-19 12:06:00,2011-09-19 12:06:00,1,344.99999999999994,81,1,344.99999999999994,3,1,2,2,Need Attention,344.99999999999994
13775,2010-04-01,2010-04-28 12:15:00,2010-04-28 12:15:00,1,1049.66,590,1,1049.66,1,1,3,2,Lost,0.0
13777,2009-12-01,2009-12-02 09:47:00,2011-12-09 12:25:00,61,49638.259999999995,0,61,49638.259999999995,5,5,5,5,Champions,19137.0
13778,2010-05-01,2010-05-23 13:34:00,2011-08-28 15:25:00,4,1124.4900000000002,103,4,1124.4900000000002,3,3,3,3,Loyal,178.7
13779,2010-07-01,2010-07-12 11:24:00,2010-07-12 11:24:00,1,161.12999999999997,515,1,161.12999999999997,1,1,1,1,Lost,0.0
13780,2010-10-01,2010-10-28 19:51:00,2011-12-02 13:49:00,3,732.07,7,3,732.07,5,3,3,3,Loyal,360.01000000000005
13781,2009-12-01,2009-12-18 15:46:00,2011-04-03 12:08:00,3,778.8299999999999,250,3,778.8299999999999,2,3,3,3,At Risk,127.84000000000002
13782,2009-12-01,2009-12-06 12:52:00,2011-11-27 11:54:00,13,1786.08,12,13,1786.08,5,5,4,4,Champions,908.8600000000001
13783,2010-02-01,2010-02-04 13:47:00,2010-08-09 09:23:00,4,1542.09,487,4,1542.09,1,3,4,4,At Risk – High Value,0.0
13784,2010-09-01,2010-09-15 12:27:00,2011-11-30 09:33:00,14,2910.23,9,14,2910.23,5,5,5,5,Champions,2462.79
13785,2010-09-01,2010-09-05 16:01:00,2010-10-07 09:25:00,4,542.49,428,4,542.49,1,3,2,2,Lost,0.0
13786,2009-12-01,2009-12-03 15:32:00,2010-12-07 13:53:00,6,3127.99,367,6,3127.99,2,4,5,4,At Risk – High Value,0.0
13787,2010-01-01,2010-01-14 10:13:00,2011-09-25 12:06:00,6,1222.5,75,6,1222.5,3,4,4,4,Loyal,309.04
13788,2010-07-01,2010-07-22 15:50:00,2010-07-22 15:50:00,1,3.75,505,1,3.75,1,1,1,1,Lost,0.0
13789,2010-11-01,2010-11-16 15:31:00,2010-11-16 15:31:00,1,239.45999999999998,388,1,239.45999999999998,2,1,1,1,Hibernating,0.0
13790,2011-12-01,2011-12-05 15:48:00,2011-12-05 15:48:00,1,348.79999999999995,4,1,348.79999999999995,5,1,2,2,New & Promising,348.79999999999995
13791,2011-06-01,2011-06-24 16:38:00,2011-08-04 11:44:00,2,1516.0,127,2,1516.0,3,2,4,3,Loyal,1516.0
13792,2010-10-01,2010-10-13 11:05:00,2011-10-04 14:31:00,3,383.95000000000005,66,3,383.95000000000005,3,3,2,2,Need Attention,195.55
13793,2010-03-01,2010-03-03 08:25:00,2010-03-03 08:25:00,1,96.0,646,1,96.0,1,1,1,1,Lost,0.0
13794,2010-06-01,2010-06-11 12:30:00,2010-06-11 12:30:00,1,126.03000000000002,546,1,126.03000000000002,1,1,1,1,Lost,0.0
13795,2010-03-01,2010-03-12 12:44:00,2010-11-16 17:25:00,4,836.3000000000001,388,4,836.3000000000001,2,3,3,3,At Risk,0.0
13796,2010-07-01,2010-07-28 14:45:00,2010-07-28 14:45:00,1,289.7,499,1,289.7,1,1,2,2,Lost,0.0
13797,2010-03-01,2010-03-02 12:17:00,2010-09-29 10:34:00,3,1179.4500000000003,436,3,1179.4500000000003,1,3,3,3,At Risk,0.0
13798,2009-12-01,2009-12-08 16:21:00,2011-12-08 15:51:00,110,75428.87000000001,1,110,75428.87000000001,5,5,5,5,Champions,36745.85
13799,2010-03-01,2010-03-05 16:39:00,2011-08-15 12:07:00,9,2803.5699999999997,116,9,2803.5699999999997,3,5,4,4,Loyal,688.8599999999999
13800,2009-12-01,2009-12-03 10:03:00,2011-02-03 12:27:00,3,1679.5599999999995,309,3,1679.5599999999995,2,3,4,4,At Risk – High Value,558.3199999999997
13801,2011-10-01,2011-10-04 10:15:00,2011-10-04 10:15:00,1,324.79999999999995,66,1,324.79999999999995,3,1,2,2,Need Attention,324.79999999999995
13802,2010-02-01,2010-02-16 10:11:00,2011-07-24 10:54:00,19,26259.11,138,19,26259.11,3,5,5,5,Loyal,4599.42
13803,2010-03-01,2010-03-31 10:00:00,2011-03-29 12:57:00,3,1338.9099999999999,255,3,1338.9099999999999,2,3,4,4,At Risk – High Value,277.07000000000005
13804,2010-09-01,2010-09-29 10:26:00,2011-11-09 12:32:00,9,3161.12,30,9,3161.12,4,5,5,5,Champions,2588.39
13805,2011-08-01,2011-08-02 15:29:00,2011-10-18 14:50:00,2,924.5999999999999,52,2,924.5999999999999,4,2,3,2,New & Promising,924.5999999999999
13806,2011-10-01,2011-10-07 11:43:00,2011-10-07 11:43:00,1,256.38,63,1,256.38,3,1,1,1,Need Attention,256.38
13807,2009-12-01,2009-12-04 12:41:00,2010-12-07 15:48:00,3,422.2,367,3,422.2,2,3,2,2,Hibernating,0.0
13808,2011-09-01,2011-09-04 12:07:00,2011-12-04 12:18:00,5,1747.6599999999999,5,5,1747.6599999999999,5,4,4,4,Champions,1747.6599999999999
13809,2010-09-01,2010-09-05 11:42:00,2011-02-07 13:15:00,3,679.7,305,3,679.7,2,3,3,3,At Risk,155.05
13810,2011-10-01,2011-10-14 12:57:00,2011-11-11 08:33:00,2,827.51,28,2,827.51,4,2,3,2,New & Promising,827.51
13811,2011-04-01,2011-04-14 18:40:00,2011-06-09 09:54:00,2,519.75,183,2,519.75,3,2,2,2,Need Attention,519.75
13812,2011-08-01,2011-08-26 12:54:00,2011-10-28 14:27:00,3,484.99999999999994,42,3,484.99999999999994,4,3,2,2,New & Promising,484.99999999999994
13813,2009-12-01,2009-12-06 10:16:00,2011-10-31 10:38:00,8,2387.47,39,8,2387.47,4,4,4,4,Champions,1168.8600000000001
13814,2010-06-01,2010-06-30 14:12:00,2011-09-08 13:48:00,3,2257.3199999999997,92,3,2257.3199999999997,3,3,4,4,Loyal,1579.12
13815,2010-02-01,2010-02-12 10:26:00,2011-11-17 14:19:00,8,6737.74,22,8,6737.74,4,4,5,4,Champions,3667.3600000000006
13816,2011-10-01,2011-10-06 14:37:00,2011-11-16 08:38:00,2,499.6700000000001,23,2,499.6700000000001,4,2,2,2,New & Promising,499.6700000000001
13817,2010-12-01,2010-12-23 11:46:00,2011-11-10 17:49:00,2,328.9800000000001,29,2,328.9800000000001,4,2,2,2,New & Promising,328.9800000000001
13818,2010-10-01,2010-10-06 12:35:00,2010-10-06 12:35:00,1,61.28,429,1,61.28,1,1,1,1,Lost,0.0
13819,2009-12-01,2009-12-01 16:18:00,2011-02-11 10:38:00,6,2642.35,301,6,2642.35,2,4,4,4,At Risk – High Value,1140.35
13820,2010-01-01,2010-01-28 12:26:00,2010-10-17 13:46:00,3,652.75,418,3,652.75,1,3,3,3,At Risk,0.0
13821,2010-01-01,2010-01-04 13:36:00,2011-07-18 09:49:00,6,1379.0799999999997,144,6,1379.0799999999997,3,4,4,4,Loyal,385.63999999999993
13822,2011-10-01,2011-10-30 15:55:00,2011-12-04 12:13:00,2,632.0,5,2,632.0,5,2,3,2,New & Promising,632.0
13823,2009-12-01,2009-12-15 14:34:00,2011-11-21 10:22:00,7,3403.4500000000003,18,7,3403.4500000000003,5,4,5,4,Champions,957.66
13824,2010-03-01,2010-03-12 15:17:00,2011-11-07 12:41:00,12,3314.76,32,12,3314.76,4,5,5,5,Champions,1698.94
13825,2009-12-01,2009-12-09 14:30:00,2010-03-28 11:02:00,2,255.59000000000003,621,2,255.59000000000003,1,2,1,2,Lost,0.0
13826,2011-06-01,2011-06-16 13:48:00,2011-06-16 13:48:00,1,189.5,176,1,189.5,3,1,1,1,Need Attention,189.5
13827,2011-07-01,2011-07-19 15:38:00,2011-10-13 12:38:00,3,409.80000000000007,57,3,409.80000000000007,4,3,2,2,New & Promising,409.8
13828,2011-11-01,2011-11-17 16:02:00,2011-11-17 16:02:00,1,209.49000000000004,22,1,209.49000000000004,4,1,1,1,New & Promising,209.49000000000004
13829,2010-10-01,2010-10-14 18:19:00,2010-10-14 18:19:00,1,102.0,421,1,102.0,1,1,1,1,Lost,0.0
13830,2010-05-01,2010-05-07 12:24:00,2010-05-07 12:24:00,1,156.85,581,1,156.85,1,1,1,1,Lost,0.0
13831,2009-12-01,2009-12-10 14:50:00,2011-11-23 15:41:00,18,6585.54,16,18,6585.54,5,5,5,5,Champions,1790.4499999999998
13832,2010-10-01,2010-10-13 14:41:00,2011-11-20 15:36:00,2,609.8899999999999,19,2,609.8899999999999,5,2,3,2,New & Promising,52.199999999999996
13833,2010-10-01,2010-10-31 14:11:00,2011-07-03 13:27:00,2,700.4099999999999,159,2,700.4099999999999,3,2,3,2,Need Attention,383.8499999999999
13834,2010-02-01,2010-02-08 12:52:00,2010-05-12 10:27:00,2,324.19,576,2,324.19,1,2,2,2,Lost,0.0
13835,2010-03-01,2010-03-04 08:26:00,2011-11-14 15:37:00,7,1095.2700000000002,25,7,1095.2700000000002,4,4,3,4,Champions,834.5700000000002
13836,2010-10-01,2010-10-21 13:27:00,2010-11-05 13:31:00,2,620.37,399,2,620.37,2,2,3,2,Hibernating,0.0
13837,2011-01-01,2011-01-26 12:15:00,2011-05-12 12:10:00,2,266.59000000000003,211,2,266.59000000000003,2,2,1,2,Hibernating,266.59000000000003
13838,2010-05-01,2010-05-09 11:40:00,2011-12-04 11:00:00,10,1690.0699999999997,5,10,1690.0699999999997,5,5,4,4,Champions,444.1600000000001
13839,2010-08-01,2010-08-10 13:52:00,2010-08-10 13:52:00,1,139.95,486,1,139.95,1,1,1,1,Lost,0.0
13840,2010-10-01,2010-10-19 13:34:00,2010-10-19 13:34:00,1,651.4000000000003,416,1,651.4000000000003,1,1,3,2,Lost,0.0
13841,2011-04-01,2011-04-01 12:10:00,2011-04-01 12:10:00,1,85.0,252,1,85.0,2,1,1,1,Hibernating,85.0
13842,2010-02-01,2010-02-16 15:54:00,2011-10-12 10:51:00,18,5319.34,58,18,5319.34,4,5,5,5,Champions,3075.05
13843,2010-11-01,2010-11-23 17:48:00,2010-11-23 17:48:00,1,319.75000000000006,381,1,319.75000000000006,2,1,2,2,Hibernating,0.0
13844,2011-11-01,2011-11-28 13:21:00,2011-11-28 13:21:00,1,361.62,11,1,361.62,5,1,2,2,New & Promising,361.62
13845,2011-10-01,2011-10-06 08:25:00,2011-10-06 08:25:00,1,312.98,64,1,312.98,3,1,2,2,Need Attention,312.98
13846,2010-11-01,2010-11-05 09:47:00,2011-11-15 12:07:00,4,1307.7900000000002,24,4,1307.7900000000002,4,3,4,4,Champions,865.0600000000002
13847,2009-12-01,2009-12-20 10:41:00,2009-12-20 10:41:00,1,310.7199999999999,719,1,310.7199999999999,1,1,2,2,Lost,0.0
13848,2009-12-01,2009-12-09 16:17:00,2011-09-08 12:58:00,8,3015.0,92,8,3015.0,3,4,5,4,Loyal,935.0
13849,2010-03-01,2010-03-25 12:03:00,2011-10-19 10:59:00,5,3469.3,51,5,3469.3,4,4,5,4,Champions,1537.9499999999998
13850,2011-08-01,2011-08-02 14:04:00,2011-08-02 14:04:00,1,1595.4799999999996,129,1,1595.4799999999996,3,1,4,2,Need Attention,1595.4799999999996
13851,2010-01-01,2010-01-29 11:54:00,2011-09-05 12:36:00,8,4606.460000000001,95,8,4606.460000000001,3,4,5,4,Loyal,2651.4600000000005
13852,2010-04-01,2010-04-08 09:06:00,2010-04-08 09:06:00,1,187.35000000000002,610,1,187.35000000000002,1,1,1,1,Lost,0.0
13853,2011-10-01,2011-10-13 14:18:00,2011-10-13 14:18:00,1,1090.14,57,1,1090.14,4,1,3,2,New & Promising,1090.14
13854,2010-01-01,2010-01-08 11:28:00,2011-12-01 09:06:00,39,11944.56,8,39,11944.56,5,5,5,5,Champions,7800.12
13855,2009-12-01,2009-12-08 16:56:00,2010-07-27 09:53:00,4,1310.3400000000001,500,4,1310.3400000000001,1,3,4,4,At Risk – High Value,0.0
13856,2010-03-01,2010-03-30 15:40:00,2011-06-24 10:03:00,11,1142.0300000000002,168,11,1142.0300000000002,3,5,3,4,Loyal,388.5
13857,2010-05-01,2010-05-17 14:21:00,2010-11-11 12:54:00,6,1000.91,393,6,1000.91,2,4,3,4,At Risk – High Value,0.0
13858,2011-10-01,2011-10-13 16:17:00,2011-10-13 16:17:00,1,216.16999999999996,57,1,216.16999999999996,4,1,1,1,New & Promising,216.16999999999996
13859,2010-06-01,2010-06-28 15:36:00,2011-01-17 16:14:00,2,515.86,326,2,515.86,2,2,2,2,Hibernating,201.16
13860,2011-09-01,2011-09-14 09:27:00,2011-12-08 12:57:00,5,1245.8999999999999,1,5,1245.8999999999999,5,4,4,4,Champions,1245.9
13861,2010-06-01,2010-06-27 11:37:00,2010-10-06 14:20:00,2,273.26,429,2,273.26,1,2,1,2,Lost,0.0
13862,2010-11-01,2010-11-15 13:43:00,2011-11-21 16:24:00,9,2556.09,18,9,2556.09,5,5,4,4,Champions,2209.3599999999997
13863,2010-04-01,2010-04-25 13:09:00,2011-04-06 10:20:00,4,1239.5500000000002,247,4,1239.5500000000002,2,3,4,4,At Risk – High Value,305.78000000000003
13864,2010-11-01,2010-11-18 12:50:00,2010-11-18 12:50:00,1,662.4000000000001,386,1,662.4000000000001,2,1,3,2,Hibernating,0.0
13865,2011-02-01,2011-02-23 12:04:00,2011-10-12 13:31:00,4,501.56,58,4,501.56,4,3,2,2,New & Promising,501.56
13866,2011-09-01,2011-09-26 14:54:00,2011-09-26 14:54:00,1,145.67,74,1,145.67,3,1,1,1,Need Attention,145.67
13867,2011-05-01,2011-05-05 17:28:00,2011-11-08 15:48:00,3,1005.0900000000001,31,3,1005.0900000000001,4,3,3,3,Loyal,1005.09
13868,2011-11-01,2011-11-01 12:45:00,2011-12-02 16:32:00,2,3192.54,7,2,3192.54,5,2,5,4,Champions,3192.54
13869,2010-01-01,2010-01-17 14:53:00,2011-08-08 13:53:00,10,7996.869999999997,123,10,7996.869999999997,3,5,5,5,Loyal,3083.6499999999983
13870,2010-02-01,2010-02-08 12:08:00,2011-12-07 13:23:00,15,5712.08,2,15,5712.08,5,5,5,5,Champions,2770.9400000000005
13871,2009-12-01,2009-12-20 13:09:00,2011-11-17 10:49:00,17,7885.85,22,17,7885.85,4,5,5,5,Champions,6403.25
13872,2009-12-01,2009-12-14 09:56:00,2010-06-30 15:35:00,3,919.5699999999999,527,3,919.5699999999999,1,3,3,3,At Risk,0.0
13873,2010-03-01,2010-03-03 12:31:00,2011-08-12 10:08:00,8,1038.92,119,8,1038.92,3,4,3,4,Loyal,389.6
13874,2010-02-01,2010-02-04 18:39:00,2010-12-16 18:20:00,7,2049.15,358,7,2049.15,2,4,4,4,At Risk – High Value,540.45
13875,2009-12-01,2009-12-17 10:30:00,2011-10-17 09:36:00,14,4814.37,53,14,4814.37,4,5,5,5,Champions,1786.79
13876,2011-10-01,2011-10-07 10:22:00,2011-10-07 10:22:00,1,122.69999999999999,63,1,122.69999999999999,3,1,1,1,Need Attention,122.69999999999999
13877,2010-01-01,2010-01-19 10:53:00,2011-09-14 15:49:00,3,449.68000000000006,86,3,449.68000000000006,3,3,2,2,Need Attention,117.24000000000001
13878,2010-04-01,2010-04-14 13:50:00,2011-10-16 12:19:00,4,2416.8999999999996,54,4,2416.8999999999996,4,3,4,4,Champions,1271.57
13879,2010-03-01,2010-03-04 10:49:00,2010-03-04 10:49:00,1,395.5,645,1,395.5,1,1,2,2,Lost,0.0
13880,2010-05-01,2010-05-26 14:29:00,2011-11-18 13:44:00,17,4293.86,21,17,4293.86,4,5,5,5,Champions,3121.97
13881,2010-03-01,2010-03-04 14:41:00,2011-12-06 12:50:00,43,45179.09999999999,3,43,45179.09999999999,5,5,5,5,Champions,17159.52
13882,2011-10-01,2011-10-06 15:28:00,2011-12-07 11:16:00,5,1191.1299999999999,2,5,1191.1299999999999,5,4,3,4,Champions,1191.1299999999999
13883,2010-02-01,2010-02-28 12:53:00,2011-11-29 10:45:00,14,6535.370000000001,10,14,6535.370000000001,5,5,5,5,Champions,2674.4800000000005
13884,2010-08-01,2010-08-26 19:57:00,2011-12-02 16:30:00,10,1825.0300000000002,7,10,1825.0300000000002,5,5,4,4,Champions,787.6
13885,2011-05-01,2011-05-23 08:52:00,2011-06-03 15:07:00,2,506.80000000000007,189,2,506.80000000000007,2,2,2,2,Hibernating,506.80000000000007
13886,2011-09-01,2011-09-29 13:17:00,2011-09-29 13:17:00,1,243.56000000000003,71,1,243.56000000000003,3,1,1,1,Need Attention,243.56000000000003
13887,2011-05-01,2011-05-19 17:22:00,2011-05-19 17:22:00,1,349.54999999999995,204,1,349.54999999999995,2,1,2,2,Hibernating,349.54999999999995
13888,2010-05-01,2010-05-13 11:57:00,2011-08-12 10:13:00,7,2001.59,119,7,2001.59,3,4,4,4,Loyal,595.6700000000001
13889,2010-01-01,2010-01-22 14:32:00,2011-09-08 09:13:00,6,1991.23,92,6,1991.23,3,4,4,4,Loyal,416.9
13890,2009-12-01,2009-12-06 15:15:00,2011-12-08 15:36:00,14,2927.38,1,14,2927.38,5,5,5,5,Champions,1883.8100000000002
13891,2010-05-01,2010-05-06 16:02:00,2010-11-26 15:57:00,3,859.2099999999999,378,3,859.2099999999999,2,3,3,3,At Risk,0.0
13892,2010-05-01,2010-05-13 10:32:00,2011-11-13 11:50:00,6,1267.65,26,6,1267.65,4,4,4,4,Champions,632.97
13893,2011-02-01,2011-02-15 11:30:00,2011-02-15 11:30:00,1,821.1,297,1,821.1,2,1,3,2,Hibernating,821.1
13894,2011-02-01,2011-02-02 12:54:00,2011-11-16 09:44:00,3,564.62,23,3,564.62,4,3,2,2,New & Promising,564.62
13895,2009-12-01,2009-12-03 13:09:00,2011-11-11 16:57:00,6,4008.5200000000004,28,6,4008.5200000000004,4,4,5,4,Champions,2593.07
13896,2010-03-01,2010-03-24 08:55:00,2010-03-24 08:55:00,1,388.55,625,1,388.55,1,1,2,2,Lost,0.0
13897,2010-01-01,2010-01-31 13:48:00,2011-10-20 14:30:00,3,1160.7199999999998,50,3,1160.7199999999998,4,3,3,3,Loyal,311.15999999999997
13898,2010-10-01,2010-10-24 15:42:00,2011-01-18 10:28:00,2,686.4000000000001,325,2,686.4000000000001,2,2,3,2,Hibernating,155.93
13899,2011-03-01,2011-03-10 09:30:00,2011-11-23 13:40:00,2,388.52000000000004,16,2,388.52000000000004,5,2,2,2,New & Promising,388.52000000000004
13900,2010-03-01,2010-03-25 13:46:00,2011-06-09 19:26:00,6,1610.5900000000004,183,6,1610.5900000000004,3,4,4,4,Loyal,740.95
13901,2010-01-01,2010-01-05 09:29:00,2011-09-28 14:48:00,15,5676.34,72,15,5676.34,3,5,5,5,Loyal,2867.2000000000003
13902,2009-12-01,2009-12-15 10:02:00,2010-03-17 13:09:00,5,34023.259999999995,632,5,34023.259999999995,1,4,5,4,At Risk – High Value,0.0
13903,2010-11-01,2010-11-04 17:44:00,2010-11-04 17:44:00,1,165.45000000000002,400,1,165.45000000000002,2,1,1,1,Hibernating,0.0
13904,2011-02-01,2011-02-18 11:18:00,2011-11-02 13:41:00,2,332.63999999999993,37,2,332.63999999999993,4,2,2,2,New & Promising,332.63999999999993
13905,2009-12-01,2009-12-07 11:41:00,2009-12-07 11:41:00,1,312.65000000000003,732,1,312.65000000000003,1,1,2,2,Lost,0.0
13906,2010-10-01,2010-10-26 15:00:00,2010-10-26 15:00:00,1,42.0,409,1,42.0,1,1,1,1,Lost,0.0
13907,2010-01-01,2010-01-17 12:22:00,2010-01-17 12:22:00,1,136.8,691,1,136.8,1,1,1,1,Lost,0.0
13908,2011-03-01,2011-03-08 12:04:00,2011-09-21 11:49:00,4,2319.55,79,4,2319.55,3,3,4,4,Loyal,2319.55
13909,2010-07-01,2010-07-06 16:52:00,2010-10-12 17:22:00,2,282.85,423,2,282.85,1,2,1,2,Lost,0.0
13911,2010-03-01,2010-03-01 16:31:00,2011-10-13 15:43:00,20,4234.99,57,20,4234.99,4,5,5,5,Champions,2580.9100000000003
13912,2010-10-01,2010-10-12 08:43:00,2010-10-12 08:43:00,1,124.94999999999999,423,1,124.94999999999999,1,1,1,1,Lost,0.0
13913,2010-07-01,2010-07-21 10:11:00,2010-07-21 10:11:00,1,42.22,506,1,42.22,1,1,1,1,Lost,0.0
13914,2011-11-01,2011-11-03 16:28:00,2011-11-28 10:35:00,2,626.45,11,2,626.45,5,2,3,2,New & Promising,626.45
13915,2010-11-01,2010-11-10 15:17:00,2010-11-10 15:17:00,1,70.80000000000001,394,1,70.80000000000001,2,1,1,1,Hibernating,0.0
13916,2010-02-01,2010-02-02 10:06:00,2010-09-02 10:04:00,4,1275.81,463,4,1275.81,1,3,4,4,At Risk – High Value,0.0
13917,2011-06-01,2011-06-01 12:46:00,2011-10-21 09:56:00,2,272.03999999999996,49,2,272.03999999999996,4,2,1,2,New & Promising,272.03999999999996
13918,2011-03-01,2011-03-31 18:05:00,2011-10-21 12:25:00,2,1212.84,49,2,1212.84,4,2,4,3,Loyal,1212.84
13919,2010-06-01,2010-06-17 09:30:00,2011-10-11 14:24:00,4,1252.68,59,4,1252.68,3,3,4,4,Loyal,348.80999999999995
13920,2010-05-01,2010-05-26 15:48:00,2010-10-04 12:37:00,4,1774.6799999999998,431,4,1774.6799999999998,1,3,4,4,At Risk – High Value,0.0
13921,2009-12-01,2009-12-18 12:19:00,2010-11-02 16:32:00,4,730.7,402,4,730.7,2,3,3,3,At Risk,0.0
13922,2010-08-01,2010-08-29 14:36:00,2010-12-23 10:38:00,3,865.1999999999999,351,3,865.1999999999999,2,3,3,3,At Risk,172.24999999999997
13923,2011-10-01,2011-10-17 12:33:00,2011-10-17 12:33:00,1,351.13000000000005,53,1,351.13000000000005,4,1,2,2,New & Promising,351.13000000000005
13924,2011-09-01,2011-09-28 15:07:00,2011-12-08 09:39:00,6,1838.85,1,6,1838.85,5,4,4,4,Champions,1838.85
13925,2011-07-01,2011-07-28 12:09:00,2011-09-08 12:47:00,4,678.25,92,4,678.25,3,3,3,3,Loyal,678.25
13926,2011-11-01,2011-11-16 13:16:00,2011-11-16 13:16:00,1,223.85000000000002,23,1,223.85000000000002,4,1,1,1,New & Promising,223.85000000000002
13927,2010-09-01,2010-09-28 16:12:00,2011-09-26 12:00:00,2,708.26,74,2,708.26,3,2,3,2,Need Attention,348.99
13928,2011-07-01,2011-07-29 15:59:00,2011-11-29 10:33:00,4,464.57,10,4,464.57,5,3,2,2,New & Promising,464.57
13929,2010-01-01,2010-01-14 07:25:00,2011-06-23 15:26:00,11,3494.1,169,11,3494.1,3,5,5,5,Loyal,842.65
13930,2011-07-01,2011-07-26 11:00:00,2011-10-13 09:45:00,2,337.3399999999999,57,2,337.3399999999999,4,2,2,2,New & Promising,337.3399999999999
13931,2009-12-01,2009-12-03 10:26:00,2011-09-05 10:12:00,11,5257.380000000001,95,11,5257.380000000001,3,5,5,5,Loyal,1237.5300000000007
13932,2011-02-01,2011-02-18 12:02:00,2011-02-18 12:02:00,1,307.4,294,1,307.4,2,1,2,2,Hibernating,307.4
13933,2011-07-01,2011-07-14 13:35:00,2011-08-22 14:03:00,2,608.79,109,2,608.79,3,2,3,2,Need Attention,608.79
13934,2011-03-01,2011-03-21 08:39:00,2011-03-21 08:39:00,1,922.0999999999997,263,1,922.0999999999997,2,1,3,2,Hibernating,922.0999999999997
13935,2010-02-01,2010-02-25 16:01:00,2010-04-22 11:21:00,3,6116.919999999999,596,3,6116.919999999999,1,3,5,4,At Risk – High Value,0.0
13936,2010-10-01,2010-10-21 14:21:00,2011-06-13 08:47:00,3,939.66,179,3,939.66,3,3,3,3,Loyal,376.58
13937,2010-11-01,2010-11-02 12:37:00,2011-06-23 16:35:00,2,880.1300000000003,169,2,880.1300000000003,3,2,3,2,Need Attention,158.85
13938,2011-11-01,2011-11-04 14:37:00,2011-11-04 14:37:00,1,71.66,35,1,71.66,4,1,1,1,New & Promising,71.66
13939,2010-04-01,2010-04-06 12:43:00,2011-11-16 13:33:00,7,1560.96,23,7,1560.96,4,4,4,4,Champions,568.55
13940,2011-07-01,2011-07-18 16:05:00,2011-11-22 15:15:00,4,839.1400000000001,17,4,839.1400000000001,5,3,3,3,Loyal,839.14
13941,2009-12-01,2009-12-16 16:10:00,2011-11-18 09:43:00,15,10027.18,21,15,10027.18,4,5,5,5,Champions,4017.84
13942,2010-06-01,2010-06-23 12:35:00,2010-06-23 12:35:00,1,320.0,534,1,320.0,1,1,2,2,Lost,0.0
13943,2010-05-01,2010-05-11 11:30:00,2010-05-11 11:30:00,1,246.54000000000002,577,1,246.54000000000002,1,1,1,1,Lost,0.0
13944,2010-02-01,2010-02-24 15:02:00,2010-02-24 15:02:00,1,200.43000000000004,653,1,200.43000000000004,1,1,1,1,Lost,0.0
13945,2010-08-01,2010-08-17 09:59:00,2010-11-10 10:00:00,2,854.15,394,2,854.15,2,2,3,2,Hibernating,0.0
13946,2009-12-01,2009-12-04 11:07:00,2011-09-21 13:33:00,6,1876.23,79,6,1876.23,3,4,4,4,Loyal,561.5699999999999
13947,2011-10-01,2011-10-05 14:42:00,2011-10-05 14:42:00,1,90.6,65,1,90.6,3,1,1,1,Need Attention,90.6
13948,2009-12-01,2009-12-04 12:14:00,2010-12-14 10:18:00,4,548.76,360,4,548.76,2,3,2,2,Hibernating,101.99999999999999
13949,2011-09-01,2011-09-06 11:55:00,2011-12-07 09:35:00,6,2427.32,2,6,2427.32,5,4,4,4,Champions,2427.32
13950,2011-04-01,2011-04-07 11:29:00,2011-11-28 14:44:00,4,745.06,11,4,745.06,5,3,3,3,Loyal,745.06
13951,2011-02-01,2011-02-18 15:21:00,2011-06-16 16:43:00,3,674.45,176,3,674.45,3,3,3,3,Loyal,674.45
13952,2009-12-01,2009-12-16 09:41:00,2011-05-06 09:00:00,14,12823.52,217,14,12823.52,2,5,5,5,At Risk – High Value,3251.0699999999997
13953,2009-12-01,2009-12-11 12:58:00,2011-12-02 16:04:00,12,6640.68,7,12,6640.68,5,5,5,5,Champions,3515.6800000000003
13954,2011-09-01,2011-09-30 10:52:00,2011-12-08 12:50:00,2,439.91999999999996,1,2,439.91999999999996,5,2,2,2,New & Promising,439.91999999999996
13955,2010-11-01,2010-11-29 17:35:00,2011-07-08 17:19:00,3,544.0699999999999,154,3,544.0699999999999,3,3,2,2,Need Attention,322.96000000000004
13956,2011-03-01,2011-03-13 12:51:00,2011-12-04 13:20:00,5,1019.2699999999999,5,5,1019.2699999999999,5,4,3,4,Champions,1019.27
13957,2010-02-01,2010-02-19 10:32:00,2010-10-18 10:02:00,3,458.25,417,3,458.25,1,3,2,2,Lost,0.0
13958,2009-12-01,2009-12-05 13:12:00,2010-11-25 10:11:00,8,4709.2300000000005,379,8,4709.2300000000005,2,4,5,4,At Risk – High Value,0.0
13959,2010-07-01,2010-07-16 15:11:00,2011-09-21 15:06:00,6,1064.77,79,6,1064.77,3,4,3,4,Loyal,594.04
13960,2011-09-01,2011-09-29 12:39:00,2011-11-18 15:27:00,2,230.22,21,2,230.22,4,2,1,2,New & Promising,230.22
13961,2010-11-01,2010-11-12 14:40:00,2010-11-12 14:40:00,1,538.4000000000001,392,1,538.4000000000001,2,1,2,2,Hibernating,0.0
13962,2010-09-01,2010-09-30 10:35:00,2011-11-18 08:47:00,3,362.8,21,3,362.8,4,3,2,2,New & Promising,169.55
13963,2010-04-01,2010-04-21 16:20:00,2011-02-04 14:43:00,17,2860.57,308,17,2860.57,2,5,4,4,At Risk – High Value,513.24
13964,2010-10-01,2010-10-05 12:38:00,2010-11-17 13:53:00,2,438.90000000000003,387,2,438.90000000000003,2,2,2,2,Hibernating,0.0
13965,2010-01-01,2010-01-05 15:21:00,2010-08-20 10:40:00,3,996.61,476,3,996.61,1,3,3,3,At Risk,0.0
13966,2010-09-01,2010-09-30 13:08:00,2010-09-30 13:08:00,1,384.26000000000005,435,1,384.26000000000005,1,1,2,2,Lost,0.0
13967,2010-11-01,2010-11-08 13:24:00,2011-07-17 12:02:00,2,166.3,145,2,166.3,3,2,1,2,Need Attention,80.7
13968,2010-10-01,2010-10-12 13:22:00,2010-10-12 13:22:00,1,123.66,423,1,123.66,1,1,1,1,Lost,0.0
13969,2010-03-01,2010-03-25 13:15:00,2011-12-02 15:11:00,35,12973.46,7,35,12973.46,5,5,5,5,Champions,8706.58
13970,2010-09-01,2010-09-28 11:53:00,2010-11-18 13:21:00,2,846.55,386,2,846.55,2,2,3,2,Hibernating,0.0
13971,2010-01-01,2010-01-26 09:51:00,2011-11-21 12:06:00,14,4667.57,18,14,4667.57,5,5,5,5,Champions,2758.2599999999998
13972,2011-05-01,2011-05-22 11:34:00,2011-09-30 11:54:00,2,190.25000000000003,70,2,190.25000000000003,3,2,1,2,Need Attention,190.25000000000003
13973,2011-02-01,2011-02-25 15:21:00,2011-02-25 15:21:00,1,264.7,287,1,264.7,2,1,1,1,Hibernating,264.7
13974,2010-05-01,2010-05-06 17:55:00,2011-10-21 14:41:00,2,677.72,49,2,677.72,4,2,3,2,New & Promising,413.59
13975,2010-02-01,2010-02-02 13:13:00,2011-11-08 13:19:00,12,5256.4,31,12,5256.4,4,5,5,5,Champions,2461.24
13976,2010-02-01,2010-02-09 13:08:00,2011-05-17 09:13:00,4,1192.3600000000001,206,4,1192.3600000000001,2,3,3,3,At Risk,357.9800000000001
13977,2010-10-01,2010-10-24 14:08:00,2010-10-24 14:08:00,1,519.81,411,1,519.81,1,1,2,2,Lost,0.0
13978,2011-10-01,2011-10-25 15:04:00,2011-11-25 11:36:00,2,196.79,14,2,196.79,5,2,1,2,New & Promising,196.79
13979,2009-12-01,2009-12-03 10:02:00,2011-09-27 13:32:00,7,3373.6300000000006,73,7,3373.6300000000006,3,4,5,4,Loyal,869.8700000000001
13980,2010-02-01,2010-02-21 14:18:00,2011-10-10 13:34:00,5,768.8199999999999,60,5,768.8199999999999,3,4,3,4,Loyal,200.14000000000001
13981,2010-10-01,2010-10-20 10:03:00,2010-10-20 10:03:00,1,331.13999999999993,415,1,331.13999999999993,1,1,2,2,Lost,0.0
13982,2010-01-01,2010-01-20 14:04:00,2011-10-31 16:24:00,9,3954.29,39,9,3954.29,4,5,5,5,Champions,1443.2099999999998
13983,2009-12-01,2009-12-09 13:53:00,2011-11-10 11:06:00,21,6753.89,29,21,6753.89,4,5,5,5,Champions,2274.0699999999997
13984,2009-12-01,2009-12-07 11:51:00,2011-11-13 12:38:00,12,1893.8000000000002,26,12,1893.8000000000002,4,5,4,4,Champions,765.71
13985,2010-02-01,2010-02-09 13:56:00,2011-12-05 17:06:00,22,10020.860000000002,4,22,10020.860000000002,5,5,5,5,Champions,7060.13
13986,2011-11-01,2011-11-22 15:00:00,2011-11-22 15:00:00,1,320.46000000000004,17,1,320.46000000000004,5,1,2,2,New & Promising,320.46000000000004
13987,2010-11-01,2010-11-04 09:54:00,2010-11-25 10:20:00,2,682.5400000000001,379,2,682.5400000000001,2,2,3,2,Hibernating,0.0
13988,2010-03-01,2010-03-24 11:05:00,2011-11-20 10:15:00,8,4757.799999999999,19,8,4757.799999999999,5,4,5,4,Champions,4147.96
13989,2010-05-01,2010-05-25 12:13:00,2011-10-05 09:47:00,5,2026.06,65,5,2026.06,3,4,4,4,Loyal,1266.08
13990,2011-05-01,2011-05-10 15:19:00,2011-05-10 15:19:00,1,311.3,213,1,311.3,2,1,2,2,Hibernating,311.3
13991,2011-07-01,2011-07-19 12:58:00,2011-11-27 16:18:00,6,851.8799999999999,12,6,851.8799999999999,5,4,3,4,Champions,851.8799999999999
13992,2010-09-01,2010-09-02 17:04:00,2011-11-09 15:23:00,3,219.5,30,3,219.5,4,3,1,2,New & Promising,76.8
13993,2009-12-01,2009-12-03 11:57:00,2011-10-28 09:06:00,19,6775.710000000001,42,19,6775.710000000001,4,5,5,5,Champions,3466.3599999999997
13994,2011-07-01,2011-07-14 18:28:00,2011-12-06 11:05:00,6,2274.1399999999994,3,6,2274.1399999999994,5,4,4,4,Champions,2274.14
13995,2009-12-01,2009-12-18 12:43:00,2011-11-24 14:22:00,14,3902.01,15,14,3902.01,5,5,5,5,Champions,1393.69
13996,2010-11-01,2010-11-05 15:07:00,2010-11-18 16:27:00,2,845.76,386,2,845.76,2,2,3,2,Hibernating,0.0
13997,2010-06-01,2010-06-07 17:33:00,2010-07-08 18:06:00,3,376.46,519,3,376.46,1,3,2,2,Lost,0.0
13998,2010-05-01,2010-05-12 13:18:00,2010-09-19 10:20:00,3,566.6999999999999,446,3,566.6999999999999,1,3,2,2,Lost,0.0
13999,2009-12-01,2009-12-05 12:42:00,2011-11-29 13:40:00,29,9502.26,10,29,9502.26,5,5,5,5,Champions,3901.8100000000004
14000,2009-12-01,2009-12-02 09:50:00,2011-05-12 16:50:00,5,2046.3400000000001,211,5,2046.3400000000001,2,4,4,4,At Risk – High Value,635.6600000000001
14001,2010-08-01,2010-08-03 12:49:00,2011-10-25 10:31:00,9,4228.85,45,9,4228.85,4,5,5,5,Champions,1741.8400000000001
14002,2011-07-01,2011-07-06 14:59:00,2011-07-28 15:55:00,2,529.73,134,2,529.73,3,2,2,2,Need Attention,529.73
14003,2009-12-01,2009-12-07 08:53:00,2009-12-07 08:53:00,1,209.41,732,1,209.41,1,1,1,1,Lost,0.0
14004,2010-09-01,2010-09-30 09:39:00,2011-10-27 14:40:00,11,6258.450000000001,43,11,6258.450000000001,4,5,5,5,Champions,4582.64
14005,2011-05-01,2011-05-08 10:33:00,2011-11-30 12:41:00,5,2874.7200000000003,9,5,2874.7200000000003,5,4,4,4,Champions,2874.7200000000003
14006,2010-02-01,2010-02-25 09:45:00,2011-08-16 09:39:00,7,2196.67,115,7,2196.67,3,4,4,4,Loyal,962.19
14007,2010-07-01,2010-07-15 09:06:00,2010-07-15 09:06:00,1,79.48,512,1,79.48,1,1,1,1,Lost,0.0
14008,2010-10-01,2010-10-03 13:09:00,2010-10-03 13:09:00,1,509.03999999999996,432,1,509.03999999999996,1,1,2,2,Lost,0.0
14009,2010-09-01,2010-09-03 12:08:00,2011-05-25 15:47:00,3,1099.91,198,3,1099.91,2,3,3,3,At Risk,695.6099999999999
14010,2010-05-01,2010-05-23 12:46:00,2010-05-23 13:00:00,2,445.15,565,2,445.15,1,2,2,2,Lost,0.0
14011,2010-04-01,2010-04-11 13:40:00,2010-08-16 15:31:00,2,457.81999999999994,480,2,457.81999999999994,1,2,2,2,Lost,0.0
14012,2011-03-01,2011-03-07 12:26:00,2011-03-07 12:26:00,1,328.8,277,1,328.8,2,1,2,2,Hibernating,328.8
14013,2010-03-01,2010-03-26 10:02:00,2011-08-21 15:01:00,5,1084.5699999999997,110,5,1084.5699999999997,3,4,3,4,Loyal,473.02
14014,2010-05-01,2010-05-12 09:04:00,2011-09-23 13:18:00,3,1948.21,77,3,1948.21,3,3,4,4,Loyal,505.18000000000006
14015,2011-10-01,2011-10-18 10:02:00,2011-10-18 10:02:00,1,917.34,52,1,917.34,4,1,3,2,New & Promising,917.34
14016,2010-01-01,2010-01-08 14:12:00,2011-07-01 11:29:00,11,11303.41,161,11,11303.41,3,5,5,5,Loyal,4291.21
14017,2010-05-01,2010-05-17 14:52:00,2010-05-17 14:52:00,1,229.75000000000003,571,1,229.75000000000003,1,1,1,1,Lost,0.0
14018,2010-03-01,2010-03-04 14:23:00,2010-03-04 14:23:00,1,367.15,645,1,367.15,1,1,2,2,Lost,0.0
14019,2011-07-01,2011-07-24 15:39:00,2011-10-24 10:13:00,3,1421.6100000000001,46,3,1421.6100000000001,4,3,4,4,Champions,1421.6100000000001
14020,2010-06-01,2010-06-28 15:29:00,2011-11-23 09:22:00,4,1249.01,16,4,1249.01,5,3,4,4,Champions,642.8
14021,2010-04-01,2010-04-26 11:22:00,2011-07-07 15:46:00,7,1716.58,155,7,1716.58,3,4,4,4,Loyal,631.9
14022,2010-08-01,2010-08-10 09:38:00,2011-04-28 14:39:00,2,792.1500000000001,225,2,792.1500000000001,2,2,3,2,Hibernating,440.0
14023,2011-04-01,2011-04-03 15:50:00,2011-12-02 13:58:00,2,584.07,7,2,584.07,5,2,2,2,New & Promising,584.07
14024,2010-11-01,2010-11-14 10:51:00,2011-08-10 11:30:00,3,645.74,121,3,645.74,3,3,3,3,Loyal,327.7
14025,2010-05-01,2010-05-05 09:56:00,2010-09-01 10:11:00,8,4057.9,464,8,4057.9,1,4,5,4,At Risk – High Value,0.0
14026,2010-03-01,2010-03-24 14:10:00,2010-08-26 10:31:00,2,713.1099999999999,470,2,713.1099999999999,1,2,3,2,Lost,0.0
14027,2011-10-01,2011-10-10 09:01:00,2011-10-10 09:01:00,1,104.82000000000002,60,1,104.82000000000002,3,1,1,1,Need Attention,104.82000000000002
14028,2010-06-01,2010-06-07 12:02:00,2010-06-07 13:33:00,3,10396.5,550,3,10396.5,1,3,5,4,At Risk – High Value,0.0
14029,2011-07-01,2011-07-18 16:57:00,2011-10-07 14:46:00,2,467.65999999999997,63,2,467.65999999999997,3,2,2,2,Need Attention,467.65999999999997
14030,2009-12-01,2009-12-10 17:27:00,2011-11-21 16:48:00,20,7521.800000000001,18,20,7521.800000000001,5,5,5,5,Champions,1682.34
14031,2009-12-01,2009-12-03 15:35:00,2011-12-02 17:13:00,44,39019.51000000001,7,44,39019.51000000001,5,5,5,5,Champions,15386.79
14032,2009-12-01,2009-12-14 12:02:00,2011-12-07 15:23:00,16,4546.41,2,16,4546.41,5,5,5,5,Champions,2671.73
14033,2010-06-01,2010-06-02 15:10:00,2010-06-02 15:10:00,1,109.44,555,1,109.44,1,1,1,1,Lost,0.0
14034,2011-07-01,2011-07-05 13:06:00,2011-11-17 14:02:00,3,648.8899999999999,22,3,648.8899999999999,4,3,3,3,Loyal,648.8899999999999
14035,2010-04-01,2010-04-06 12:39:00,2011-11-11 10:03:00,9,2794.75,28,9,2794.75,4,5,4,4,Champions,1428.02
14036,2011-02-01,2011-02-28 09:26:00,2011-02-28 09:26:00,1,626.6499999999999,284,1,626.6499999999999,2,1,3,2,Hibernating,626.6499999999999
14037,2009-12-01,2009-12-07 11:39:00,2011-06-16 13:57:00,6,836.95,176,6,836.95,3,4,3,4,Loyal,147.20000000000005
14038,2010-02-01,2010-02-04 08:56:00,2011-09-22 13:37:00,5,3069.88,78,5,3069.88,3,4,5,4,Loyal,1560.38
14039,2010-05-01,2010-05-13 10:15:00,2011-11-06 13:48:00,2,267.28,33,2,267.28,4,2,1,2,New & Promising,152.2
14040,2009-12-01,2009-12-01 12:14:00,2011-10-30 12:42:00,35,12523.81,40,35,12523.81,4,5,5,5,Champions,3560.32
14041,2011-03-01,2011-03-18 13:25:00,2011-03-18 13:25:00,1,141.41,266,1,141.41,2,1,1,1,Hibernating,141.41
14042,2009-12-01,2009-12-14 15:07:00,2009-12-14 15:07:00,1,431.9799999999999,725,1,431.9799999999999,1,1,2,2,Lost,0.0
14043,2009-12-01,2009-12-10 15:56:00,2010-08-05 18:18:00,2,302.6,491,2,302.6,1,2,2,2,Lost,0.0
14044,2010-01-01,2010-01-24 15:14:00,2011-11-13 12:05:00,10,3073.95,26,10,3073.95,4,5,5,5,Champions,646.4200000000001
14045,2010-01-01,2010-01-08 10:08:00,2011-08-22 15:27:00,16,10986.630000000001,109,16,10986.630000000001,3,5,5,5,Loyal,1333.35
14046,2011-02-01,2011-02-28 14:48:00,2011-02-28 14:48:00,1,151.58999999999997,284,1,151.58999999999997,2,1,1,1,Hibernating,151.58999999999997
14047,2010-02-01,2010-02-01 10:05:00,2011-12-01 11:43:00,14,3968.1099999999997,8,14,3968.1099999999997,5,5,5,5,Champions,1021.69
14048,2010-11-01,2010-11-22 14:08:00,2011-02-07 14:53:00,3,748.6899999999998,305,3,748.6899999999998,2,3,3,3,At Risk,409.9299999999999
14049,2010-04-01,2010-04-01 14:52:00,2011-11-23 12:20:00,13,13023.4,16,13,13023.4,5,5,5,5,Champions,5578.719999999999
14050,2011-08-01,2011-08-25 13:46:00,2011-11-08 10:00:00,2,746.36,31,2,746.36,4,2,3,2,New & Promising,746.36
14051,2009-12-01,2009-12-03 11:53:00,2011-12-09 10:20:00,37,21770.979999999996,0,37,21770.979999999996,5,5,5,5,Champions,14986.970000000001
14052,2010-11-01,2010-11-14 11:37:00,2011-11-20 12:30:00,2,466.6599999999999,19,2,466.6599999999999,5,2,2,2,New & Promising,225.35999999999993
14053,2010-08-01,2010-08-10 11:02:00,2011-08-07 14:27:00,4,572.3,124,4,572.3,3,3,2,2,Need Attention,260.25
14054,2011-10-01,2011-10-05 15:49:00,2011-10-05 15:49:00,1,92.46,65,1,92.46,3,1,1,1,Need Attention,92.46
14055,2009-12-01,2009-12-16 15:11:00,2011-08-25 15:04:00,3,1520.96,106,3,1520.96,3,3,4,4,Loyal,725.6400000000001
14056,2011-02-01,2011-02-28 15:19:00,2011-12-08 13:36:00,23,8152.71,1,23,8152.71,5,5,5,5,Champions,8152.71
14057,2009-12-01,2009-12-03 13:17:00,2011-11-16 10:32:00,22,8346.66,23,22,8346.66,4,5,5,5,Champions,6211.66
14058,2010-06-01,2010-06-27 11:29:00,2010-09-03 09:31:00,2,469.18999999999994,462,2,469.18999999999994,1,2,2,2,Lost,0.0
14059,2011-03-01,2011-03-18 10:06:00,2011-03-18 10:06:00,1,183.59999999999997,266,1,183.59999999999997,2,1,1,1,Hibernating,183.59999999999997
14060,2010-03-01,2010-03-11 09:47:00,2011-12-05 12:29:00,30,8898.240000000002,4,30,8898.240000000002,5,5,5,5,Champions,5519.58
14061,2009-12-01,2009-12-01 18:03:00,2010-07-20 17:22:00,3,917.4300000000001,507,3,917.4300000000001,1,3,3,3,At Risk,0.0
14062,2009-12-01,2009-12-10 14:28:00,2011-11-30 10:04:00,24,25585.649999999994,9,24,25585.649999999994,5,5,5,5,Champions,10464.85
14063,2009-12-01,2009-12-08 13:46:00,2010-01-22 11:28:00,7,9471.5,686,7,9471.5,1,4,5,4,At Risk – High Value,0.0
14064,2010-01-01,2010-01-21 13:22:00,2011-11-10 13:14:00,15,3260.24,29,15,3260.24,4,5,5,5,Champions,1334.34
14065,2010-10-01,2010-10-04 12:03:00,2010-11-15 16:13:00,3,891.0200000000001,389,3,891.0200000000001,2,3,3,3,At Risk,0.0
14066,2011-03-01,2011-03-18 12:21:00,2011-03-18 12:21:00,1,152.55,266,1,152.55,2,1,1,1,Hibernating,152.55
14067,2011-09-01,2011-09-04 12:00:00,2011-10-07 10:21:00,2,374.70000000000005,63,2,374.70000000000005,3,2,2,2,Need Attention,374.70000000000005
14068,2010-01-01,2010-01-31 10:10:00,2011-01-23 16:02:00,4,1516.7199999999998,320,4,1516.7199999999998,2,3,4,4,At Risk – High Value,265.85
14069,2010-05-01,2010-05-27 12:30:00,2010-07-13 12:12:00,2,225.81000000000003,514,2,225.81000000000003,1,2,1,2,Lost,0.0
14070,2010-01-01,2010-01-24 12:27:00,2010-01-24 12:27:00,1,321.59999999999997,684,1,321.59999999999997,1,1,2,2,Lost,0.0
14071,2011-03-01,2011-03-20 11:33:00,2011-12-06 12:27:00,8,1422.75,3,8,1422.75,5,4,4,4,Champions,1422.75
14072,2010-02-01,2010-02-11 12:31:00,2010-02-11 12:31:00,1,390.8500000000001,666,1,390.8500000000001,1,1,2,2,Lost,0.0
14073,2011-11-01,2011-11-07 15:49:00,2011-11-07 15:49:00,1,151.04,32,1,151.04,4,1,1,1,New & Promising,151.04
14074,2010-03-01,2010-03-26 13:55:00,2010-03-26 13:55:00,1,219.4,623,1,219.4,1,1,1,1,Lost,0.0
14075,2010-08-01,2010-08-26 13:42:00,2011-12-05 08:38:00,5,1724.87,4,5,1724.87,5,4,4,4,Champions,942.26
14076,2011-08-01,2011-08-02 15:19:00,2011-08-02 15:19:00,1,118.66999999999997,129,1,118.66999999999997,3,1,1,1,Need Attention,118.66999999999997
14077,2010-11-01,2010-11-09 16:01:00,2011-10-30 12:35:00,6,615.08,40,6,615.08,4,4,3,4,Champions,499.41999999999996
14078,2010-03-01,2010-03-28 15:05:00,2011-08-30 12:16:00,9,1551.82,101,9,1551.82,3,5,4,4,Loyal,913.1299999999999
14079,2011-08-01,2011-08-07 12:10:00,2011-08-07 12:10:00,1,375.09999999999997,124,1,375.09999999999997,3,1,2,2,Need Attention,375.09999999999997
14080,2009-12-01,2009-12-02 15:01:00,2011-11-07 11:09:00,5,1115.68,32,5,1115.68,4,4,3,4,Champions,45.599999999999994
14081,2009-12-01,2009-12-10 18:27:00,2011-02-10 16:17:00,10,4867.569999999999,302,10,4867.569999999999,2,5,5,5,At Risk – High Value,498.09999999999985
14082,2010-11-01,2010-11-12 11:47:00,2010-12-10 11:02:00,2,413.36,364,2,413.36,2,2,2,2,Hibernating,182.24999999999997
14083,2009-12-01,2009-12-18 11:34:00,2011-12-05 13:14:00,11,1082.19,4,11,1082.19,5,5,3,4,Champions,708.8900000000001
14084,2010-07-01,2010-07-15 14:36:00,2010-07-15 14:36:00,1,150.5,512,1,150.5,1,1,1,1,Lost,0.0
14085,2009-12-01,2009-12-08 13:41:00,2011-12-07 13:46:00,32,9705.669999999998,2,32,9705.669999999998,5,5,5,5,Champions,4113.24
14086,2010-09-01,2010-09-03 10:52:00,2010-09-03 10:52:00,1,39.95,462,1,39.95,1,1,1,1,Lost,0.0
14087,2009-12-01,2009-12-04 15:27:00,2011-12-07 12:41:00,3,829.4699999999999,2,3,829.4699999999999,5,3,3,3,Loyal,191.47
14088,2010-10-01,2010-10-14 19:46:00,2011-11-29 16:16:00,16,64036.80000000001,10,16,64036.80000000001,5,5,5,5,Champions,50491.81000000001
14089,2011-10-01,2011-10-14 10:38:00,2011-10-14 10:38:00,1,158.75,56,1,158.75,4,1,1,1,New & Promising,158.75
14090,2011-01-01,2011-01-19 10:51:00,2011-01-19 10:51:00,1,76.32000000000001,324,1,76.32000000000001,2,1,1,1,Hibernating,76.32000000000001
14091,2010-01-01,2010-01-10 13:41:00,2010-02-23 15:17:00,2,9530.08,654,2,9530.08,1,2,5,4,At Risk – High Value,0.0
14092,2009-12-01,2009-12-16 16:24:00,2011-12-02 12:13:00,24,7229.45,7,24,7229.45,5,5,5,5,Champions,4076.91
14093,2011-11-01,2011-11-27 16:27:00,2011-11-27 16:27:00,1,433.85999999999996,12,1,433.85999999999996,5,1,2,2,New & Promising,433.85999999999996
14094,2010-09-01,2010-09-26 11:58:00,2010-09-26 11:58:00,1,311.7699999999999,439,1,311.7699999999999,1,1,2,2,Lost,0.0
14095,2009-12-01,2009-12-17 12:49:00,2009-12-17 12:49:00,1,2.95,722,1,2.95,1,1,1,1,Lost,0.0
14096,2011-08-01,2011-08-30 10:49:00,2011-12-05 17:17:00,17,53258.43000000009,4,17,53258.43000000009,5,5,5,5,Champions,53258.43000000009
14097,2010-03-01,2010-03-04 10:46:00,2010-08-15 14:20:00,2,422.85999999999996,481,2,422.85999999999996,1,2,2,2,Lost,0.0
14098,2011-11-01,2011-11-03 10:13:00,2011-11-03 10:13:00,1,147.34999999999997,36,1,147.34999999999997,4,1,1,1,New & Promising,147.34999999999997
14099,2009-12-01,2009-12-10 11:55:00,2011-11-23 13:53:00,20,5750.91,16,20,5750.91,5,5,5,5,Champions,3104.17
14100,2011-07-01,2011-07-25 11:01:00,2011-07-25 11:01:00,1,191.95000000000002,137,1,191.95000000000002,3,1,1,1,Need Attention,191.95000000000002
14101,2010-03-01,2010-03-28 13:36:00,2011-09-27 12:28:00,13,9961.93,73,13,9961.93,3,5,5,5,Loyal,5976.789999999999
14102,2011-10-01,2011-10-26 12:46:00,2011-12-04 15:38:00,5,1105.8799999999999,5,5,1105.8799999999999,5,4,3,4,Champions,1105.8799999999999
14104,2010-05-01,2010-05-28 16:11:00,2011-07-08 12:50:00,5,740.53,154,5,740.53,3,4,3,4,Loyal,216.21
14105,2009-12-01,2009-12-18 16:57:00,2011-04-14 17:58:00,5,5988.83,239,5,5988.83,2,4,5,4,At Risk – High Value,1266.2300000000002
14106,2009-12-01,2009-12-02 14:09:00,2009-12-02 14:09:00,1,214.79999999999998,737,1,214.79999999999998,1,1,1,1,Lost,0.0
14107,2009-12-01,2009-12-09 14:20:00,2011-10-19 12:12:00,11,4877.300000000001,51,11,4877.300000000001,4,5,5,5,Champions,2703.23
14108,2009-12-01,2009-12-01 18:07:00,2011-11-09 10:41:00,4,1044.96,30,4,1044.96,4,3,3,3,Loyal,597.9100000000001
14109,2011-09-01,2011-09-28 10:18:00,2011-09-28 10:18:00,1,144.2,72,1,144.2,3,1,1,1,Need Attention,144.2
14110,2009-12-01,2009-12-01 09:50:00,2011-12-06 12:26:00,33,12987.949999999997,3,33,12987.949999999997,5,5,5,5,Champions,5683.15
14111,2011-04-01,2011-04-12 11:36:00,2011-11-25 13:44:00,4,692.85,14,4,692.85,5,3,3,3,Loyal,692.85
14112,2010-02-01,2010-02-23 14:16:00,2011-11-17 12:30:00,13,5834.59,22,13,5834.59,4,5,5,5,Champions,2915.1500000000005
14113,2009-12-01,2009-12-08 07:42:00,2011-12-06 12:18:00,16,7092.61,3,16,7092.61,5,5,5,5,Champions,1840.4199999999998
14114,2010-04-01,2010-04-12 11:07:00,2011-03-11 09:42:00,7,1364.09,273,7,1364.09,2,4,4,4,At Risk – High Value,386.53000000000003
14115,2010-02-01,2010-02-11 11:44:00,2010-07-26 12:36:00,2,622.6700000000001,501,2,622.6700000000001,1,2,3,2,Lost,0.0
14116,2011-08-01,2011-08-10 12:44:00,2011-11-20 10:29:00,5,1382.74,19,5,1382.74,5,4,4,4,Champions,1382.74
14117,2011-07-01,2011-07-19 09:49:00,2011-07-19 09:49:00,1,90.0,143,1,90.0,3,1,1,1,Need Attention,90.0
14118,2010-10-01,2010-10-07 11:59:00,2010-10-07 11:59:00,1,458.45,428,1,458.45,1,1,2,2,Lost,0.0
14119,2009-12-01,2009-12-21 14:52:00,2010-11-29 10:33:00,2,183.37,375,2,183.37,2,2,1,2,Hibernating,0.0
14121,2011-10-01,2011-10-11 10:39:00,2011-12-06 12:19:00,4,2780.1499999999996,3,4,2780.1499999999996,5,3,4,4,Champions,2780.1499999999996
14122,2009-12-01,2009-12-02 14:22:00,2010-10-29 15:11:00,3,362.41999999999996,406,3,362.41999999999996,2,3,2,2,Hibernating,0.0
14123,2009-12-01,2009-12-06 15:35:00,2009-12-06 15:35:00,1,436.17999999999995,733,1,436.17999999999995,1,1,2,2,Lost,0.0
14124,2011-09-01,2011-09-16 13:32:00,2011-09-16 13:32:00,1,419.58000000000004,84,1,419.58000000000004,3,1,2,2,Need Attention,419.58000000000004
14125,2011-09-01,2011-09-22 15:40:00,2011-11-29 12:47:00,3,2720.63,10,3,2720.63,5,3,4,4,Champions,2720.63
14126,2010-09-01,2010-09-21 14:51:00,2011-12-02 11:45:00,4,1172.4599999999998,7,4,1172.4599999999998,5,3,3,3,Loyal,706.1300000000001
14127,2010-10-01,2010-10-10 11:53:00,2011-08-09 10:49:00,6,1900.08,122,6,1900.08,3,4,4,4,Loyal,709.71
14128,2010-06-01,2010-06-06 14:05:00,2011-10-10 12:00:00,3,924.21,60,3,924.21,3,3,3,3,Loyal,637.5
14129,2010-05-01,2010-05-09 14:54:00,2011-12-08 11:02:00,9,2591.3400000000006,1,9,2591.3400000000006,5,5,4,4,Champions,1123.8600000000001
14130,2009-12-01,2009-12-11 16:33:00,2011-01-24 16:05:00,4,1858.7700000000004,319,4,1858.7700000000004,2,3,4,4,At Risk – High Value,480.90999999999997
14131,2010-03-01,2010-03-01 11:59:00,2010-03-01 11:59:00,1,168.22,648,1,168.22,1,1,1,1,Lost,0.0
14132,2011-06-01,2011-06-09 12:04:00,2011-12-07 13:35:00,11,3586.0299999999997,2,11,3586.0299999999997,5,5,5,5,Champions,3586.0299999999997
14133,2009-12-01,2009-12-06 12:10:00,2011-08-02 11:34:00,4,911.14,129,4,911.14,3,3,3,3,Loyal,605.64
14134,2009-12-01,2009-12-10 09:25:00,2010-11-22 12:26:00,15,11123.35,382,15,11123.35,2,5,5,5,At Risk – High Value,0.0
14135,2009-12-01,2009-12-02 08:58:00,2011-12-08 11:38:00,24,8839.669999999998,1,24,8839.669999999998,5,5,5,5,Champions,3886.0600000000004
14136,2009-12-01,2009-12-08 09:19:00,2010-11-04 11:53:00,5,1570.81,400,5,1570.81,2,4,4,4,At Risk – High Value,0.0
14137,2010-01-01,2010-01-13 12:30:00,2010-01-13 12:30:00,1,332.7,695,1,332.7,1,1,2,2,Lost,0.0
14138,2011-10-01,2011-10-07 09:38:00,2011-12-08 12:44:00,2,965.8800000000002,1,2,965.8800000000002,5,2,3,2,New & Promising,965.8800000000002
14139,2010-06-01,2010-06-15 09:17:00,2011-10-24 13:34:00,4,1086.8,46,4,1086.8,4,3,3,3,Loyal,415.81999999999994
14140,2011-11-01,2011-11-08 11:20:00,2011-12-06 09:05:00,2,935.0499999999998,3,2,935.0499999999998,5,2,3,2,New & Promising,935.0499999999998
14141,2011-08-01,2011-08-26 14:40:00,2011-12-07 09:53:00,4,915.1300000000001,2,4,915.1300000000001,5,3,3,3,Loyal,915.1300000000001
14142,2010-03-01,2010-03-03 15:13:00,2010-12-01 16:33:00,2,671.34,373,2,671.34,2,2,3,2,Hibernating,0.0
14143,2011-07-01,2011-07-29 09:48:00,2011-07-29 09:48:00,1,115.8,133,1,115.8,3,1,1,1,Need Attention,115.8
14144,2010-08-01,2010-08-10 15:17:00,2010-08-10 15:17:00,1,30.599999999999998,486,1,30.599999999999998,1,1,1,1,Lost,0.0
14145,2010-04-01,2010-04-08 09:47:00,2011-10-24 12:10:00,7,7600.049999999999,46,7,7600.049999999999,4,4,5,4,Champions,3742.2
14146,2010-01-01,2010-01-13 16:04:00,2011-12-01 10:18:00,12,9450.300000000001,8,12,9450.300000000001,5,5,5,5,Champions,4191.0
14147,2010-03-01,2010-03-09 13:43:00,2011-09-22 18:10:00,9,2590.2,78,9,2590.2,3,5,4,4,Loyal,483.40000000000003
14148,2010-10-01,2010-10-21 14:08:00,2011-04-20 12:02:00,2,466.29,233,2,466.29,2,2,2,2,Hibernating,157.2
14149,2011-05-01,2011-05-03 09:44:00,2011-05-03 09:44:00,1,446.62000000000006,220,1,446.62000000000006,2,1,2,2,Hibernating,446.62000000000006
14150,2010-12-01,2010-12-15 10:04:00,2011-11-04 10:05:00,2,658.6400000000001,35,2,658.6400000000001,4,2,3,2,New & Promising,658.6400000000001
14151,2009-12-01,2009-12-23 10:54:00,2010-02-04 15:35:00,2,679.45,673,2,679.45,1,2,3,2,Lost,0.0
14152,2010-02-01,2010-02-18 13:57:00,2011-09-25 12:54:00,7,1997.34,75,7,1997.34,3,4,4,4,Loyal,621.29
14153,2010-08-01,2010-08-13 14:35:00,2010-08-13 14:35:00,1,233.39999999999992,483,1,233.39999999999992,1,1,1,1,Lost,0.0
14154,2010-01-01,2010-01-13 12:47:00,2011-04-14 16:26:00,8,6460.699999999999,239,8,6460.699999999999,2,4,5,4,At Risk – High Value,1345.62
14155,2011-03-01,2011-03-18 14:13:00,2011-03-18 14:13:00,1,118.75,266,1,118.75,2,1,1,1,Hibernating,118.75
14156,2009-12-01,2009-12-01 12:30:00,2011-11-30 10:54:00,144,303069.8800000001,9,144,303069.8800000001,5,5,5,5,Champions,116237.87999999999
14157,2010-03-01,2010-03-03 16:49:00,2011-11-20 11:32:00,5,978.69,19,5,978.69,5,4,3,4,Champions,424.8900000000001
14158,2011-10-01,2011-10-30 15:08:00,2011-10-30 15:08:00,1,507.66000000000014,40,1,507.66000000000014,4,1,2,2,New & Promising,507.66000000000014
14159,2009-12-01,2009-12-03 12:31:00,2011-11-20 12:36:00,20,7849.579999999999,19,20,7849.579999999999,5,5,5,5,Champions,4627.98
14160,2010-01-01,2010-01-10 12:06:00,2010-04-08 14:30:00,7,8421.470000000001,610,7,8421.470000000001,1,4,5,4,At Risk – High Value,0.0
14161,2009-12-01,2009-12-13 11:46:00,2011-05-08 11:41:00,7,2996.9299999999994,215,7,2996.9299999999994,2,4,5,4,At Risk – High Value,814.47
14162,2011-02-01,2011-02-20 12:32:00,2011-06-19 11:36:00,2,289.36,173,2,289.36,3,2,2,2,Need Attention,289.36
14163,2010-09-01,2010-09-03 17:15:00,2011-09-13 15:18:00,5,2594.62,87,5,2594.62,3,4,4,4,Loyal,2445.91
14164,2011-09-01,2011-09-20 12:18:00,2011-09-30 12:24:00,2,1631.7700000000002,70,2,1631.7700000000002,3,2,4,3,Loyal,1631.7700000000002
14165,2011-03-01,2011-03-09 12:39:00,2011-03-09 12:39:00,1,120.44,275,1,120.44,2,1,1,1,Hibernating,120.44
14166,2010-03-01,2010-03-23 15:10:00,2010-07-22 19:42:00,2,251.15,505,2,251.15,1,2,1,2,Lost,0.0
14167,2010-01-01,2010-01-27 16:07:00,2011-10-31 14:29:00,8,1274.29,39,8,1274.29,4,4,4,4,Champions,562.59
14168,2010-05-01,2010-05-24 12:28:00,2010-10-15 10:49:00,2,370.45,420,2,370.45,1,2,2,2,Lost,0.0
14169,2010-09-01,2010-09-21 13:39:00,2010-10-05 08:45:00,2,613.1100000000001,430,2,613.1100000000001,1,2,3,2,Lost,0.0
14170,2010-11-01,2010-11-09 14:06:00,2010-11-29 13:10:00,3,570.1800000000003,375,3,570.1800000000003,2,3,2,2,Hibernating,0.0
14171,2009-12-01,2009-12-09 13:50:00,2011-09-02 16:43:00,2,498.78999999999996,98,2,498.78999999999996,3,2,2,2,Need Attention,363.78999999999996
14172,2010-03-01,2010-03-07 10:58:00,2010-04-13 13:26:00,3,369.02,605,3,369.02,1,3,2,2,Lost,0.0
14173,2009-12-01,2009-12-09 12:46:00,2011-11-29 11:54:00,6,586.0,10,6,586.0,5,4,2,3,Loyal,450.84000000000003
14174,2011-11-01,2011-11-06 13:17:00,2011-11-06 13:17:00,1,134.46,33,1,134.46,4,1,1,1,New & Promising,134.46
14175,2010-03-01,2010-03-22 10:43:00,2011-10-11 11:55:00,8,7678.880000000001,59,8,7678.880000000001,3,4,5,4,Loyal,3222.3
14176,2010-11-01,2010-11-23 13:21:00,2011-02-15 13:12:00,5,756.46,297,5,756.46,2,4,3,4,At Risk – High Value,417.35
14177,2010-02-01,2010-02-26 11:59:00,2011-09-14 15:11:00,13,2209.69,86,13,2209.69,3,5,4,4,Loyal,549.46
14178,2011-06-01,2011-06-10 12:51:00,2011-12-01 12:01:00,7,1580.2599999999998,8,7,1580.2599999999998,5,4,4,4,Champions,1580.26
14179,2011-10-01,2011-10-18 14:00:00,2011-10-30 12:07:00,2,701.5699999999997,40,2,701.5699999999997,4,2,3,2,New & Promising,701.5699999999997
14180,2010-06-01,2010-06-09 14:56:00,2011-11-29 10:56:00,33,6117.500000000001,10,33,6117.500000000001,5,5,5,5,Champions,4546.7699999999995
14181,2010-05-01,2010-05-26 12:32:00,2010-10-25 08:27:00,2,308.35,410,2,308.35,1,2,2,2,Lost,0.0
14182,2010-04-01,2010-04-22 15:36:00,2010-09-22 11:45:00,4,678.77,443,4,678.77,1,3,3,3,At Risk,0.0
14183,2010-08-01,2010-08-15 15:36:00,2010-10-24 14:45:00,2,278.34000000000003,411,2,278.34000000000003,1,2,1,2,Lost,0.0
14184,2011-10-01,2011-10-04 12:43:00,2011-10-04 12:43:00,1,452.89,66,1,452.89,3,1,2,2,Need Attention,452.89
14185,2011-01-01,2011-01-12 13:52:00,2011-01-12 13:52:00,1,197.65,331,1,197.65,2,1,1,1,Hibernating,197.65
14186,2010-03-01,2010-03-05 11:17:00,2010-10-08 13:30:00,5,1550.6299999999997,427,5,1550.6299999999997,1,4,4,4,At Risk – High Value,0.0
14187,2010-08-01,2010-08-23 12:06:00,2010-08-23 12:06:00,1,123.5,473,1,123.5,1,1,1,1,Lost,0.0
14188,2011-02-01,2011-02-02 13:46:00,2011-11-09 12:45:00,6,2054.36,30,6,2054.36,4,4,4,4,Champions,2054.36
14189,2010-11-01,2010-11-16 09:28:00,2011-12-07 15:55:00,16,5503.15,2,16,5503.15,5,5,5,5,Champions,4342.84
14190,2010-02-01,2010-02-11 14:27:00,2010-02-11 14:27:00,1,79.9,666,1,79.9,1,1,1,1,Lost,0.0
14191,2009-12-01,2009-12-11 10:48:00,2011-12-08 09:23:00,15,4817.66,1,15,4817.66,5,5,5,5,Champions,4684.76
14192,2010-11-01,2010-11-16 17:44:00,2010-11-16 17:44:00,1,293.74,388,1,293.74,2,1,2,2,Hibernating,0.0
14193,2010-11-01,2010-11-08 12:31:00,2011-10-03 09:34:00,3,1210.19,67,3,1210.19,3,3,4,4,Loyal,853.3899999999999
14194,2010-01-01,2010-01-06 12:16:00,2011-12-05 10:38:00,36,18670.59,4,36,18670.59,5,5,5,5,Champions,11349.52
14195,2010-03-01,2010-03-15 17:12:00,2011-05-22 10:29:00,6,2615.5999999999995,201,6,2615.5999999999995,2,4,4,4,At Risk – High Value,1011.9999999999999
14196,2011-08-01,2011-08-25 10:25:00,2011-08-25 10:25:00,1,335.52,106,1,335.52,3,1,2,2,Need Attention,335.52
14197,2010-10-01,2010-10-25 10:01:00,2010-10-25 10:01:00,1,390.05,410,1,390.05,1,1,2,2,Lost,0.0
14198,2010-01-01,2010-01-05 10:07:00,2011-11-21 16:35:00,9,1569.73,18,9,1569.73,5,5,4,4,Champions,701.4
14199,2010-06-01,2010-06-27 12:13:00,2011-05-05 13:44:00,4,1091.6999999999998,218,4,1091.6999999999998,2,3,3,3,At Risk,185.39999999999998
14200,2010-04-01,2010-04-01 13:01:00,2010-04-01 13:01:00,1,379.20000000000005,617,1,379.20000000000005,1,1,2,2,Lost,0.0
14201,2010-04-01,2010-04-30 13:00:00,2011-10-10 13:27:00,10,1193.54,60,10,1193.54,3,5,3,4,Loyal,747.44
14202,2010-03-01,2010-03-25 10:36:00,2010-11-23 17:13:00,3,847.76,381,3,847.76,2,3,3,3,At Risk,0.0
14203,2010-11-01,2010-11-07 13:35:00,2010-11-07 13:35:00,1,339.34,397,1,339.34,2,1,2,2,Hibernating,0.0
14204,2009-12-01,2009-12-02 13:26:00,2011-12-07 13:38:00,4,1024.83,2,4,1024.83,5,3,3,3,Loyal,150.60999999999996
14205,2010-03-01,2010-03-07 12:20:00,2011-11-23 10:55:00,9,2414.2,16,9,2414.2,5,5,4,4,Champions,466.70000000000005
14206,2010-11-01,2010-11-02 11:37:00,2011-04-14 16:38:00,3,1185.0100000000002,239,3,1185.0100000000002,2,3,3,3,At Risk,328.1599999999999
14207,2010-01-01,2010-01-21 09:33:00,2010-01-21 09:33:00,1,157.8,687,1,157.8,1,1,1,1,Lost,0.0
14208,2010-06-01,2010-06-06 13:11:00,2011-09-06 12:48:00,2,567.05,94,2,567.05,3,2,2,2,Need Attention,151.73999999999998
14209,2010-01-01,2010-01-22 10:28:00,2011-11-29 10:18:00,15,4993.2699999999995,10,15,4993.2699999999995,5,5,5,5,Champions,2073.4300000000003
14210,2010-01-01,2010-01-06 10:17:00,2011-08-26 12:36:00,16,5556.57,105,16,5556.57,3,5,5,5,Loyal,1600.8899999999999
14211,2009-12-01,2009-12-09 12:48:00,2011-10-17 13:23:00,18,4402.29,53,18,4402.29,4,5,5,5,Champions,2241.1
14212,2010-09-01,2010-09-20 11:48:00,2011-09-11 12:45:00,2,2190.14,89,2,2190.14,3,2,4,3,Loyal,1070.48
14213,2010-10-01,2010-10-31 10:37:00,2010-10-31 10:37:00,1,1192.2,404,1,1192.2,2,1,3,2,Hibernating,0.0
14214,2011-03-01,2011-03-07 12:26:00,2011-11-09 10:31:00,5,1004.3799999999999,30,5,1004.3799999999999,4,4,3,4,Champions,1004.3799999999999
14215,2009-12-01,2009-12-08 09:35:00,2011-11-28 12:19:00,9,3250.33,11,9,3250.33,5,5,5,5,Champions,1623.7200000000003
14216,2010-10-01,2010-10-21 15:07:00,2011-12-06 14:56:00,5,2150.04,3,5,2150.04,5,4,4,4,Champions,1839.2999999999997
14217,2010-06-01,2010-06-30 12:54:00,2011-12-08 11:53:00,23,3298.5899999999992,1,23,3298.5899999999992,5,5,5,5,Champions,1886.68
14218,2011-10-01,2011-10-28 10:00:00,2011-10-28 10:00:00,1,169.48000000000002,42,1,169.48000000000002,4,1,1,1,New & Promising,169.48000000000002
14219,2010-08-01,2010-08-03 14:42:00,2011-12-05 16:23:00,3,633.83,4,3,633.83,5,3,3,3,Loyal,89.94
14220,2010-05-01,2010-05-19 13:26:00,2011-04-06 13:23:00,4,1515.0,247,4,1515.0,2,3,4,4,At Risk – High Value,632.4000000000001
14221,2010-04-01,2010-04-06 14:10:00,2011-10-28 13:42:00,17,6517.49,42,17,6517.49,4,5,5,5,Champions,3432.8
14222,2011-06-01,2011-06-15 16:42:00,2011-06-15 16:42:00,1,683.17,177,1,683.17,3,1,3,2,Need Attention,683.17
14223,2011-03-01,2011-03-20 16:02:00,2011-09-08 13:38:00,3,991.13,92,3,991.13,3,3,3,3,Loyal,991.1299999999999
14224,2010-06-01,2010-06-13 13:46:00,2011-08-21 13:24:00,9,1841.7099999999998,110,9,1841.7099999999998,3,5,4,4,Loyal,1009.7299999999999
14225,2010-01-01,2010-01-12 15:02:00,2010-10-01 10:32:00,4,2031.07,434,4,2031.07,1,3,4,4,At Risk – High Value,0.0
14226,2010-09-01,2010-09-24 14:32:00,2011-11-11 11:34:00,6,2985.1299999999997,28,6,2985.1299999999997,4,4,5,4,Champions,2214.7899999999995
14227,2010-02-01,2010-02-08 09:38:00,2011-11-13 15:48:00,15,6366.16,26,15,6366.16,4,5,5,5,Champions,3350.96
14228,2010-06-01,2010-06-11 12:29:00,2010-09-28 09:45:00,3,745.5000000000001,437,3,745.5000000000001,1,3,3,3,At Risk,0.0
14229,2010-08-01,2010-08-25 11:47:00,2011-10-19 10:03:00,7,2594.04,51,7,2594.04,4,4,4,4,Champions,1547.1999999999998
14230,2010-06-01,2010-06-09 13:56:00,2010-09-30 09:07:00,3,979.8,435,3,979.8,1,3,3,3,At Risk,0.0
14231,2010-09-01,2010-09-15 09:52:00,2011-06-09 11:05:00,4,1235.62,183,4,1235.62,3,3,4,4,Loyal,925.71
14232,2011-03-01,2011-03-20 12:44:00,2011-10-28 11:09:00,5,2048.0699999999997,42,5,2048.0699999999997,4,4,4,4,Champions,2048.07
14233,2010-03-01,2010-03-05 16:35:00,2011-10-21 15:54:00,7,2904.27,49,7,2904.27,4,4,5,4,Champions,1462.72
14234,2011-10-01,2011-10-13 13:58:00,2011-11-17 17:53:00,4,754.1200000000001,22,4,754.1200000000001,4,3,3,3,Loyal,754.1200000000001
14235,2010-03-01,2010-03-30 13:36:00,2011-09-25 14:37:00,9,4717.99,75,9,4717.99,3,5,5,5,Loyal,3144.86
14236,2010-07-01,2010-07-22 14:27:00,2011-09-20 09:13:00,5,1555.3400000000001,80,5,1555.3400000000001,3,4,4,4,Loyal,301.56000000000006
14237,2010-04-01,2010-04-28 10:04:00,2010-12-01 13:20:00,2,471.1400000000001,373,2,471.1400000000001,2,2,2,2,Hibernating,0.0
14238,2009-12-01,2009-12-05 10:58:00,2011-01-17 14:40:00,3,434.23,326,3,434.23,2,3,2,2,Hibernating,146.85
14239,2009-12-01,2009-12-05 12:36:00,2011-10-27 14:40:00,21,4263.17,43,21,4263.17,4,5,5,5,Champions,2380.8500000000004
14240,2010-10-01,2010-10-12 12:48:00,2011-11-09 13:45:00,3,1247.4900000000002,30,3,1247.4900000000002,4,3,4,4,Champions,890.3400000000003
14241,2010-01-01,2010-01-12 15:11:00,2011-06-09 11:46:00,2,333.70000000000005,183,2,333.70000000000005,3,2,2,2,Need Attention,213.70000000000002
14242,2011-01-01,2011-01-18 08:53:00,2011-04-19 11:46:00,2,280.54999999999995,234,2,280.54999999999995,2,2,1,2,Hibernating,280.54999999999995
14243,2010-08-01,2010-08-20 13:41:00,2011-12-01 11:12:00,17,7217.75,8,17,7217.75,5,5,5,5,Champions,2375.4700000000003
14244,2010-02-01,2010-02-17 11:40:00,2010-02-17 11:40:00,1,366.4200000000001,660,1,366.4200000000001,1,1,2,2,Lost,0.0
14245,2011-03-01,2011-03-21 10:41:00,2011-05-04 08:40:00,2,1693.4499999999998,219,2,1693.4499999999998,2,2,4,3,At Risk,1693.4499999999998
14246,2011-04-01,2011-04-08 08:25:00,2011-08-21 11:50:00,3,1474.0600000000002,110,3,1474.0600000000002,3,3,4,4,Loyal,1474.0600000000002
14247,2010-06-01,2010-06-06 15:07:00,2011-03-06 15:21:00,5,753.56,278,5,753.56,2,4,3,4,At Risk – High Value,136.77
14248,2010-07-01,2010-07-12 14:27:00,2011-01-25 14:45:00,3,1032.95,318,3,1032.95,2,3,3,3,At Risk,302.58
14249,2010-01-01,2010-01-29 14:21:00,2010-10-25 12:34:00,12,5400.460000000001,410,12,5400.460000000001,1,5,5,5,At Risk – High Value,0.0
14250,2011-09-01,2011-09-11 13:44:00,2011-12-02 14:30:00,3,1904.0500000000006,7,3,1904.0500000000006,5,3,4,4,Champions,1904.0500000000006
14251,2011-10-01,2011-10-13 12:46:00,2011-12-08 08:32:00,5,2879.7000000000007,1,5,2879.7000000000007,5,4,4,4,Champions,2879.7000000000003
14252,2010-11-01,2010-11-23 13:36:00,2010-11-23 13:36:00,1,350.99,381,1,350.99,2,1,2,2,Hibernating,0.0
14253,2010-03-01,2010-03-26 15:08:00,2010-08-03 14:55:00,2,363.4,493,2,363.4,1,2,2,2,Lost,0.0
14254,2010-10-01,2010-10-03 11:52:00,2010-10-03 11:52:00,1,601.03,432,1,601.03,1,1,2,2,Lost,0.0
14256,2010-01-01,2010-01-14 10:35:00,2011-03-24 13:17:00,5,2460.7900000000004,260,5,2460.7900000000004,2,4,4,4,At Risk – High Value,969.06
14257,2010-03-01,2010-03-01 15:36:00,2011-10-06 16:54:00,9,5954.45,64,9,5954.45,3,5,5,5,Loyal,3099.7200000000003
14258,2009-12-01,2009-12-04 08:36:00,2011-11-30 15:27:00,25,32051.339999999997,9,25,32051.339999999997,5,5,5,5,Champions,12669.98
14259,2011-07-01,2011-07-21 10:44:00,2011-07-21 10:44:00,1,120.0,141,1,120.0,3,1,1,1,Need Attention,120.0
14260,2010-06-01,2010-06-09 11:23:00,2010-08-25 14:55:00,3,824.2799999999999,471,3,824.2799999999999,1,3,3,3,At Risk,0.0
14261,2011-09-01,2011-09-22 10:47:00,2011-10-20 10:04:00,2,1163.4499999999998,50,2,1163.4499999999998,4,2,3,2,New & Promising,1163.4499999999998
14262,2011-04-01,2011-04-13 12:23:00,2011-12-01 14:17:00,8,2618.23,8,8,2618.23,5,4,4,4,Champions,2618.23
14263,2010-10-01,2010-10-12 14:09:00,2010-10-12 14:09:00,1,322.93,423,1,322.93,1,1,2,2,Lost,0.0
14264,2010-04-01,2010-04-07 13:21:00,2011-07-08 10:20:00,6,1517.3600000000001,154,6,1517.3600000000001,3,4,4,4,Loyal,333.97
14265,2010-04-01,2010-04-06 14:39:00,2011-08-22 13:32:00,4,1373.35,109,4,1373.35,3,3,4,4,Loyal,530.1800000000001
14266,2010-10-01,2010-10-07 13:32:00,2010-10-07 13:32:00,1,40.56,428,1,40.56,1,1,1,1,Lost,0.0
14267,2011-03-01,2011-03-24 11:38:00,2011-06-30 10:09:00,3,1516.2399999999998,162,3,1516.2399999999998,3,3,4,4,Loyal,1516.24
14268,2010-08-01,2010-08-26 10:45:00,2010-08-26 10:45:00,1,354.84999999999997,470,1,354.84999999999997,1,1,2,2,Lost,0.0
14269,2010-09-01,2010-09-26 12:53:00,2010-09-26 12:53:00,1,295.73,439,1,295.73,1,1,2,2,Lost,0.0
14270,2011-01-01,2011-01-12 09:33:00,2011-01-12 09:33:00,1,492.6499999999999,331,1,492.6499999999999,2,1,2,2,Hibernating,492.6499999999999
14271,2010-10-01,2010-10-26 17:01:00,2011-04-28 12:47:00,2,214.18000000000004,225,2,214.18000000000004,2,2,1,2,Hibernating,112.32000000000002
14272,2010-05-01,2010-05-06 14:01:00,2011-09-27 10:08:00,4,920.8100000000001,73,4,920.8100000000001,3,3,3,3,Loyal,437.96000000000004
14273,2011-04-01,2011-04-11 13:24:00,2011-10-19 13:20:00,4,559.97,51,4,559.97,4,3,2,2,New & Promising,559.97
14274,2010-01-01,2010-01-22 12:51:00,2010-01-22 12:51:00,1,256.6,686,1,256.6,1,1,1,1,Lost,0.0
14275,2010-04-01,2010-04-11 12:32:00,2010-11-09 09:06:00,6,1189.38,395,6,1189.38,2,4,3,4,At Risk – High Value,0.0
14276,2010-02-01,2010-02-17 13:10:00,2011-09-02 09:45:00,7,2102.68,98,7,2102.68,3,4,4,4,Loyal,1119.7399999999998
14277,2009-12-01,2009-12-13 15:43:00,2011-11-24 15:01:00,8,16789.16,15,8,16789.16,5,4,5,4,Champions,4152.000000000002
14278,2010-10-01,2010-10-26 12:07:00,2010-10-26 12:07:00,1,205.82999999999996,409,1,205.82999999999996,1,1,1,1,Lost,0.0
14279,2010-01-01,2010-01-27 16:34:00,2010-07-07 08:42:00,2,191.86,520,2,191.86,1,2,1,2,Lost,0.0
14280,2011-05-01,2011-05-27 10:37:00,2011-05-27 10:37:00,1,134.04,196,1,134.04,2,1,1,1,Hibernating,134.04
14281,2010-10-01,2010-10-27 14:45:00,2010-10-27 14:45:00,1,245.15,408,1,245.15,2,1,1,1,Hibernating,0.0
14282,2010-02-01,2010-02-15 11:22:00,2011-12-06 17:04:00,25,7250.759999999999,3,25,7250.759999999999,5,5,5,5,Champions,3130.44
14283,2010-05-01,2010-05-19 12:22:00,2010-09-02 14:46:00,4,628.4399999999999,463,4,628.4399999999999,1,3,3,3,At Risk,0.0
14284,2010-02-01,2010-02-24 12:06:00,2011-11-09 08:11:00,3,1299.6499999999999,30,3,1299.6499999999999,4,3,4,4,Champions,595.25
14285,2009-12-01,2009-12-08 14:13:00,2011-11-18 14:50:00,8,3284.42,21,8,3284.42,4,4,5,4,Champions,1910.0100000000002
14286,2009-12-01,2009-12-04 08:40:00,2011-11-16 10:34:00,7,8479.76,23,7,8479.76,4,4,5,4,Champions,4628.75
14287,2011-05-01,2011-05-25 11:41:00,2011-12-01 13:25:00,3,176.63,8,3,176.63,5,3,1,2,New & Promising,176.63
14288,2011-05-01,2011-05-10 13:22:00,2011-05-10 13:22:00,1,426.6,213,1,426.6,2,1,2,2,Hibernating,426.6
14289,2011-02-01,2011-02-23 12:33:00,2011-12-01 11:44:00,6,911.26,8,6,911.26,5,4,3,4,Champions,911.26
14290,2009-12-01,2009-12-08 11:44:00,2011-11-28 14:02:00,8,4516.56,11,8,4516.56,5,4,5,4,Champions,2314.65
14291,2009-12-01,2009-12-09 10:46:00,2011-12-08 10:26:00,23,7904.099999999999,1,23,7904.099999999999,5,5,5,5,Champions,3883.25
14292,2010-03-01,2010-03-19 11:10:00,2011-12-02 11:50:00,16,9226.25,7,16,9226.25,5,5,5,5,Champions,4871.929999999999
14293,2009-12-01,2009-12-10 10:57:00,2011-12-06 15:17:00,9,2903.01,3,9,2903.01,5,5,5,5,Champions,681.6399999999999
14294,2010-10-01,2010-10-28 16:25:00,2010-10-28 16:25:00,1,375.3399999999999,407,1,375.3399999999999,2,1,2,2,Hibernating,0.0
14295,2009-12-01,2009-12-09 13:06:00,2011-10-30 15:50:00,4,2352.91,40,4,2352.91,4,3,4,4,Champions,166.2
14296,2010-05-01,2010-05-14 14:34:00,2010-10-14 14:14:00,2,456.4000000000001,421,2,456.4000000000001,1,2,2,2,Lost,0.0
14297,2011-03-01,2011-03-10 08:31:00,2011-11-22 09:06:00,4,1305.33,17,4,1305.33,5,3,4,4,Champions,1305.33
14298,2009-12-01,2009-12-11 13:49:00,2011-12-01 13:12:00,82,91194.49000000002,8,82,91194.49000000002,5,5,5,5,Champions,51527.30000000001
14299,2009-12-01,2009-12-02 10:58:00,2011-12-01 16:05:00,27,14070.25,8,27,14070.25,5,5,5,5,Champions,3536.3799999999997
14300,2011-11-01,2011-11-21 08:57:00,2011-11-21 08:57:00,1,43.2,18,1,43.2,5,1,1,1,New & Promising,43.2
14301,2010-02-01,2010-02-11 13:07:00,2011-08-14 15:33:00,4,1992.18,117,4,1992.18,3,3,4,4,Loyal,640.14
14302,2009-12-01,2009-12-02 08:16:00,2010-10-05 08:10:00,3,742.9000000000001,430,3,742.9000000000001,1,3,3,3,At Risk,0.0
14303,2010-10-01,2010-10-01 10:31:00,2010-10-28 15:37:00,2,277.94000000000005,407,2,277.94000000000005,2,2,1,2,Hibernating,0.0
14304,2010-05-01,2010-05-18 10:50:00,2011-05-01 11:50:00,3,1725.0100000000002,222,3,1725.0100000000002,2,3,4,4,At Risk – High Value,383.45000000000005
14305,2011-07-01,2011-07-27 14:14:00,2011-09-29 15:29:00,3,1858.96,71,3,1858.96,3,3,4,4,Loyal,1858.96
14306,2010-01-01,2010-01-31 13:42:00,2011-10-19 13:23:00,6,3151.3999999999996,51,6,3151.3999999999996,4,4,5,4,Champions,2093.3199999999997
14307,2009-12-01,2009-12-07 13:06:00,2011-09-12 09:38:00,10,4287.92,88,10,4287.92,3,5,5,5,Loyal,2212.6099999999997
14309,2010-06-01,2010-06-07 10:24:00,2011-12-01 13:33:00,11,3780.8100000000004,8,11,3780.8100000000004,5,5,5,5,Champions,2352.53
14310,2010-10-01,2010-10-03 12:34:00,2010-10-03 12:34:00,1,492.1,432,1,492.1,1,1,2,2,Lost,0.0
14311,2010-05-01,2010-05-21 10:28:00,2011-04-11 10:14:00,2,516.45,242,2,516.45,2,2,2,2,Hibernating,310.26
14312,2010-07-01,2010-07-23 15:05:00,2011-10-24 09:46:00,11,3090.29,46,11,3090.29,4,5,5,5,Champions,1611.5900000000001
14314,2010-10-01,2010-10-05 08:00:00,2011-08-25 10:39:00,2,229.8,106,2,229.8,3,2,1,2,Need Attention,120.0
14315,2010-03-01,2010-03-15 12:49:00,2011-10-26 12:06:00,8,3197.8199999999997,44,8,3197.8199999999997,4,4,5,4,Champions,2481.13
14316,2010-03-01,2010-03-19 15:18:00,2010-10-13 16:31:00,5,1370.34,422,5,1370.34,1,4,4,4,At Risk – High Value,0.0
14317,2011-10-01,2011-10-06 10:44:00,2011-10-06 10:44:00,1,508.58,64,1,508.58,3,1,2,2,Need Attention,508.58
14318,2010-09-01,2010-09-05 15:32:00,2010-09-05 15:32:00,1,158.02000000000004,460,1,158.02000000000004,1,1,1,1,Lost,0.0
14319,2010-10-01,2010-10-11 13:38:00,2010-10-11 13:38:00,1,494.8499999999999,424,1,494.8499999999999,1,1,2,2,Lost,0.0
14320,2010-01-01,2010-01-21 11:44:00,2011-05-17 09:24:00,5,1346.75,206,5,1346.75,2,4,4,4,At Risk – High Value,477.7900000000001
14321,2010-08-01,2010-08-23 12:56:00,2011-11-29 09:47:00,7,2218.0600000000004,10,7,2218.0600000000004,5,4,4,4,Champions,1530.75
14322,2010-02-01,2010-02-18 08:49:00,2010-10-06 15:17:00,4,474.1,429,4,474.1,1,3,2,2,Lost,0.0
14323,2011-04-01,2011-04-15 11:44:00,2011-08-17 11:37:00,2,605.0600000000001,114,2,605.0600000000001,3,2,3,2,Need Attention,605.0600000000001
14324,2010-01-01,2010-01-15 13:31:00,2010-10-26 11:44:00,2,701.6100000000001,409,2,701.6100000000001,1,2,3,2,Lost,0.0
14325,2010-05-01,2010-05-19 09:20:00,2010-05-19 09:20:00,1,245.47999999999993,569,1,245.47999999999993,1,1,1,1,Lost,0.0
14326,2010-06-01,2010-06-25 12:10:00,2011-04-11 15:04:00,3,940.9799999999998,242,3,940.9799999999998,2,3,3,3,At Risk,183.85
14327,2010-01-01,2010-01-08 14:04:00,2011-06-29 13:58:00,6,1894.93,163,6,1894.93,3,4,4,4,Loyal,311.65000000000003
14329,2009-12-01,2009-12-16 15:31:00,2011-11-22 15:50:00,15,9887.62,17,15,9887.62,5,5,5,5,Champions,4975.240000000001
14330,2010-03-01,2010-03-26 09:10:00,2010-03-26 09:10:00,1,200.63,623,1,200.63,1,1,1,1,Lost,0.0
14331,2011-07-01,2011-07-27 15:14:00,2011-08-07 13:17:00,2,462.65999999999997,124,2,462.65999999999997,3,2,2,2,Need Attention,462.65999999999997
14332,2010-10-01,2010-10-19 13:01:00,2011-11-17 11:54:00,5,1917.41,22,5,1917.41,4,4,4,4,Champions,840.2099999999999
14333,2011-10-01,2011-10-03 10:38:00,2011-10-03 10:38:00,1,415.2,67,1,415.2,3,1,2,2,Need Attention,415.2
14334,2010-05-01,2010-05-20 10:04:00,2011-11-23 10:01:00,12,4318.4800000000005,16,12,4318.4800000000005,5,5,5,5,Champions,2552.21
14335,2011-09-01,2011-09-04 13:07:00,2011-11-23 13:41:00,2,454.86,16,2,454.86,5,2,2,2,New & Promising,454.86
14336,2011-03-01,2011-03-08 16:48:00,2011-11-23 11:40:00,4,1614.9099999999999,16,4,1614.9099999999999,5,3,4,4,Champions,1614.9099999999999
14338,2010-06-01,2010-06-21 10:32:00,2011-07-01 14:08:00,3,928.0999999999999,161,3,928.0999999999999,3,3,3,3,Loyal,588.2199999999999
14339,2010-10-01,2010-10-07 08:50:00,2011-04-11 11:06:00,2,620.27,242,2,620.27,2,2,3,2,Hibernating,309.52
14340,2011-05-01,2011-05-05 09:44:00,2011-05-05 09:44:00,1,134.7,218,1,134.7,2,1,1,1,Hibernating,134.7
14341,2009-12-01,2009-12-01 12:20:00,2011-10-25 15:48:00,18,4452.02,45,18,4452.02,4,5,5,5,Champions,2166.98
14342,2010-08-01,2010-08-24 13:03:00,2011-11-18 13:21:00,6,918.44,21,6,918.44,4,4,3,4,Champions,668.56
14343,2010-01-01,2010-01-18 16:47:00,2010-10-14 13:05:00,4,1079.6599999999999,421,4,1079.6599999999999,1,3,3,3,At Risk,0.0
14344,2010-03-01,2010-03-23 15:47:00,2011-08-04 13:51:00,20,2993.05,127,20,2993.05,3,5,5,5,Loyal,549.2800000000001
14345,2011-11-01,2011-11-01 09:51:00,2011-11-01 09:51:00,1,108.97999999999999,38,1,108.97999999999999,4,1,1,1,New & Promising,108.97999999999999
14346,2010-07-01,2010-07-30 10:44:00,2011-08-11 09:47:00,5,2315.75,120,5,2315.75,3,4,4,4,Loyal,1021.5800000000002
14347,2009-12-01,2009-12-03 10:49:00,2009-12-03 10:49:00,1,82.60000000000001,736,1,82.60000000000001,1,1,1,1,Lost,0.0
14348,2011-03-01,2011-03-24 16:23:00,2011-03-24 16:23:00,1,409.57,260,1,409.57,2,1,2,2,Hibernating,409.57
14349,2011-11-01,2011-11-29 15:39:00,2011-11-29 15:39:00,1,133.50000000000006,10,1,133.50000000000006,5,1,1,1,New & Promising,133.50000000000006
14350,2010-10-01,2010-10-05 15:52:00,2011-03-10 14:14:00,3,972.03,274,3,972.03,2,3,3,3,At Risk,282.92999999999995
14351,2011-06-01,2011-06-28 11:56:00,2011-06-28 11:56:00,1,51.0,164,1,51.0,3,1,1,1,Need Attention,51.0
14352,2011-03-01,2011-03-11 14:58:00,2011-07-05 15:41:00,4,1078.9599999999998,157,4,1078.9599999999998,3,3,3,3,Loyal,1078.9599999999998
14353,2010-10-01,2010-10-04 12:38:00,2011-05-08 16:06:00,3,376.5,215,3,376.5,2,3,2,2,Hibernating,90.6
14354,2011-11-01,2011-11-09 15:36:00,2011-12-04 11:32:00,2,163.62,5,2,163.62,5,2,1,2,New & Promising,163.62
14355,2010-03-01,2010-03-22 15:08:00,2010-12-09 12:16:00,3,840.05,365,3,840.05,2,3,3,3,At Risk,0.0
14356,2011-09-01,2011-09-19 14:43:00,2011-09-21 09:18:00,2,701.2299999999998,79,2,701.2299999999998,3,2,3,2,Need Attention,701.2299999999998
14357,2011-10-01,2011-10-27 16:23:00,2011-10-27 16:23:00,1,225.12000000000012,43,1,225.12000000000012,4,1,1,1,New & Promising,225.12000000000012
14358,2010-10-01,2010-10-07 17:26:00,2010-11-15 15:51:00,2,400.06,389,2,400.06,2,2,2,2,Hibernating,0.0
14359,2011-09-01,2011-09-13 09:03:00,2011-11-20 13:17:00,3,912.1800000000001,19,3,912.1800000000001,5,3,3,3,Loyal,912.18
14360,2011-09-01,2011-09-06 11:58:00,2011-11-08 09:12:00,4,2118.0299999999997,31,4,2118.0299999999997,4,3,4,4,Champions,2118.0299999999997
14361,2010-05-01,2010-05-10 12:29:00,2010-05-10 12:29:00,1,214.71000000000004,578,1,214.71000000000004,1,1,1,1,Lost,0.0
14362,2011-11-01,2011-11-17 15:08:00,2011-11-17 15:08:00,1,151.50000000000003,22,1,151.50000000000003,4,1,1,1,New & Promising,151.50000000000003
14363,2010-09-01,2010-09-14 14:39:00,2010-11-02 17:01:00,2,227.47,402,2,227.47,2,2,1,2,Hibernating,0.0
14364,2011-05-01,2011-05-12 12:56:00,2011-08-23 11:01:00,8,3717.3500000000004,108,8,3717.3500000000004,3,4,5,4,Loyal,3717.35
14365,2010-01-01,2010-01-27 09:44:00,2010-11-10 09:52:00,2,634.6800000000002,394,2,634.6800000000002,2,2,3,2,Hibernating,0.0
14366,2010-07-01,2010-07-02 17:23:00,2010-07-02 17:23:00,1,136.0,525,1,136.0,1,1,1,1,Lost,0.0
14367,2011-03-01,2011-03-08 14:12:00,2011-12-01 13:19:00,16,9227.82,8,16,9227.82,5,5,5,5,Champions,9227.82
14368,2011-01-01,2011-01-24 09:52:00,2011-01-24 09:52:00,1,155.00000000000003,319,1,155.00000000000003,2,1,1,1,Hibernating,155.00000000000003
14369,2010-02-01,2010-02-16 10:28:00,2010-03-07 15:47:00,2,469.12999999999994,642,2,469.12999999999994,1,2,2,2,Lost,0.0
14370,2010-02-01,2010-02-01 08:35:00,2010-09-15 10:53:00,6,1175.7799999999997,450,6,1175.7799999999997,1,4,3,4,At Risk – High Value,0.0
14371,2011-02-01,2011-02-17 16:35:00,2011-02-17 16:35:00,1,100.5,295,1,100.5,2,1,1,1,Hibernating,100.5
14372,2010-04-01,2010-04-19 15:57:00,2010-09-22 16:17:00,2,860.0799999999999,443,2,860.0799999999999,1,2,3,2,Lost,0.0
14373,2010-12-01,2010-12-16 15:40:00,2010-12-16 15:40:00,1,76.55,358,1,76.55,2,1,1,1,Hibernating,76.55
14374,2010-06-01,2010-06-16 14:25:00,2010-06-16 14:25:00,1,108.0,541,1,108.0,1,1,1,1,Lost,0.0
14375,2010-06-01,2010-06-16 14:34:00,2011-06-07 13:44:00,3,1106.8199999999997,185,3,1106.8199999999997,3,3,3,3,Loyal,235.56000000000003
14376,2010-01-01,2010-01-25 15:36:00,2010-01-25 15:36:00,1,215.46,683,1,215.46,1,1,1,1,Lost,0.0
14377,2011-03-01,2011-03-22 13:38:00,2011-06-01 13:32:00,2,617.05,191,2,617.05,2,2,3,2,Hibernating,617.05
14378,2010-03-01,2010-03-28 12:22:00,2010-03-28 12:22:00,1,131.24999999999997,621,1,131.24999999999997,1,1,1,1,Lost,0.0
14379,2010-08-01,2010-08-16 15:31:00,2011-10-26 16:43:00,4,1265.1599999999999,44,4,1265.1599999999999,4,3,4,4,Champions,348.09999999999997
14381,2010-09-01,2010-09-14 16:15:00,2011-10-18 17:10:00,2,625.9400000000003,52,2,625.9400000000003,4,2,3,2,New & Promising,202.6800000000001
14382,2010-11-01,2010-11-14 16:32:00,2011-11-13 16:18:00,2,1193.63,26,2,1193.63,4,2,3,2,New & Promising,615.4900000000001
14383,2011-06-01,2011-06-29 10:18:00,2011-11-01 15:53:00,3,1247.69,38,3,1247.69,4,3,4,4,Champions,1247.69
14384,2010-07-01,2010-07-27 09:53:00,2010-07-27 09:53:00,1,58.5,500,1,58.5,1,1,1,1,Lost,0.0
14385,2011-11-01,2011-11-16 11:55:00,2011-11-30 15:36:00,3,202.10999999999999,9,3,202.10999999999999,5,3,1,2,New & Promising,202.10999999999999
14386,2011-02-01,2011-02-16 09:45:00,2011-02-16 09:45:00,1,142.4,296,1,142.4,2,1,1,1,Hibernating,142.4
14387,2011-08-01,2011-08-22 14:13:00,2011-11-07 12:29:00,3,1727.6,32,3,1727.6,4,3,4,4,Champions,1727.6
14388,2010-01-01,2010-01-20 11:54:00,2011-11-29 13:32:00,16,6388.2,10,16,6388.2,5,5,5,5,Champions,2900.04
14389,2010-04-01,2010-04-28 14:57:00,2011-10-05 15:17:00,5,1898.0100000000002,65,5,1898.0100000000002,3,4,4,4,Loyal,1043.46
14390,2010-10-01,2010-10-10 14:30:00,2011-11-29 13:49:00,13,6150.029999999999,10,13,6150.029999999999,5,5,5,5,Champions,4418.87
14391,2010-05-01,2010-05-12 09:42:00,2010-05-12 09:42:00,1,135.60000000000002,576,1,135.60000000000002,1,1,1,1,Lost,0.0
14392,2010-10-01,2010-10-03 12:56:00,2010-10-03 12:56:00,1,266.4,432,1,266.4,1,1,1,1,Lost,0.0
14393,2011-05-01,2011-05-05 18:16:00,2011-05-05 18:16:00,1,67.94999999999999,218,1,67.94999999999999,2,1,1,1,Hibernating,67.94999999999999
14394,2010-05-01,2010-05-24 10:43:00,2010-05-24 10:43:00,1,93.8,564,1,93.8,1,1,1,1,Lost,0.0
14395,2010-04-01,2010-04-18 13:12:00,2011-12-07 14:34:00,20,7801.93,2,20,7801.93,5,5,5,5,Champions,3171.23
14396,2009-12-01,2009-12-02 14:21:00,2011-10-05 16:09:00,7,1969.3799999999997,65,7,1969.3799999999997,3,4,4,4,Loyal,377.63999999999993
14397,2011-05-01,2011-05-10 12:25:00,2011-12-07 09:22:00,19,2612.96,2,19,2612.96,5,5,4,4,Champions,2612.96
14398,2010-06-01,2010-06-30 11:57:00,2010-11-03 13:46:00,2,707.7900000000002,401,2,707.7900000000002,2,2,3,2,Hibernating,0.0
14399,2010-02-01,2010-02-03 13:09:00,2010-11-10 13:23:00,8,2108.21,394,8,2108.21,2,4,4,4,At Risk – High Value,0.0
14400,2010-03-01,2010-03-18 12:11:00,2011-07-13 15:50:00,3,1732.4700000000003,149,3,1732.4700000000003,3,3,4,4,Loyal,574.7
14401,2009-12-01,2009-12-14 13:22:00,2011-12-05 13:30:00,22,6795.9000000000015,4,22,6795.9000000000015,5,5,5,5,Champions,4051.4800000000005
14402,2010-02-01,2010-02-25 13:20:00,2010-02-25 13:20:00,1,285.6,652,1,285.6,1,1,2,2,Lost,0.0
14403,2010-03-01,2010-03-10 14:00:00,2011-08-01 12:57:00,6,1880.5099999999998,130,6,1880.5099999999998,3,4,4,4,Loyal,1475.81
14404,2009-12-01,2009-12-20 14:40:00,2011-11-06 12:30:00,13,2724.13,33,13,2724.13,4,5,4,4,Champions,1320.09
14405,2010-11-01,2010-11-18 11:40:00,2010-11-18 11:40:00,1,195.0,386,1,195.0,2,1,1,1,Hibernating,0.0
14406,2011-08-01,2011-08-12 16:54:00,2011-08-12 16:54:00,1,156.75,119,1,156.75,3,1,1,1,Need Attention,156.75
14407,2011-03-01,2011-03-08 11:59:00,2011-08-24 14:02:00,5,2142.73,107,5,2142.73,3,4,4,4,Loyal,2142.73
14408,2009-12-01,2009-12-07 12:18:00,2011-11-29 11:41:00,11,4102.27,10,11,4102.27,5,5,5,5,Champions,2599.0299999999997
14409,2010-05-01,2010-05-21 16:45:00,2011-09-29 18:18:00,9,3427.29,71,9,3427.29,3,5,5,5,Loyal,1730.65
14410,2010-09-01,2010-09-28 15:46:00,2011-09-08 15:08:00,11,2630.8999999999996,92,11,2630.8999999999996,3,5,4,4,Loyal,1099.27
14411,2011-02-01,2011-02-02 10:56:00,2011-02-02 10:56:00,1,1063.0,310,1,1063.0,2,1,3,2,Hibernating,1063.0
14412,2010-10-01,2010-10-11 12:33:00,2011-10-28 10:45:00,3,1426.1899999999996,42,3,1426.1899999999996,4,3,4,4,Champions,770.03
14413,2010-01-01,2010-01-19 14:27:00,2010-12-12 13:37:00,3,421.7199999999999,362,3,421.7199999999999,2,3,2,2,Hibernating,121.05
14414,2010-11-01,2010-11-30 10:12:00,2011-09-09 12:09:00,8,2399.33,91,8,2399.33,3,4,4,4,Loyal,1496.98
14415,2009-12-01,2009-12-16 14:08:00,2011-12-08 14:38:00,23,11980.089999999998,1,23,11980.089999999998,5,5,5,5,Champions,5855.57
14416,2011-10-01,2011-10-28 15:10:00,2011-11-17 15:22:00,2,490.22,22,2,490.22,4,2,2,2,New & Promising,490.22
14417,2010-11-01,2010-11-17 10:55:00,2010-11-17 10:55:00,1,524.6499999999999,387,1,524.6499999999999,2,1,2,2,Hibernating,0.0
14418,2011-08-01,2011-08-23 17:18:00,2011-12-06 11:39:00,3,1937.25,3,3,1937.25,5,3,4,4,Champions,1937.25
14419,2010-11-01,2010-11-22 11:09:00,2011-11-29 11:22:00,7,1254.64,10,7,1254.64,5,4,4,4,Champions,1051.79
14420,2010-01-01,2010-01-17 12:41:00,2011-09-01 18:07:00,4,1639.17,99,4,1639.17,3,3,4,4,Loyal,387.52
14421,2010-01-01,2010-01-17 11:30:00,2011-10-13 13:24:00,6,2469.3699999999994,57,6,2469.3699999999994,4,4,4,4,Champions,813.1099999999999
14422,2009-12-01,2009-12-17 12:12:00,2011-12-09 11:26:00,19,10271.52,0,19,10271.52,5,5,5,5,Champions,4263.640000000001
14423,2010-01-01,2010-01-14 11:49:00,2011-05-05 15:12:00,3,916.61,218,3,916.61,2,3,3,3,At Risk,265.2
14424,2011-11-01,2011-11-22 11:48:00,2011-11-22 11:48:00,1,322.08,17,1,322.08,5,1,2,2,New & Promising,322.08
14425,2009-12-01,2009-12-02 11:31:00,2010-10-01 10:24:00,3,661.3900000000001,434,3,661.3900000000001,1,3,3,3,At Risk,0.0
14426,2010-03-01,2010-03-04 14:36:00,2011-11-16 12:25:00,17,11727.940000000002,23,17,11727.940000000002,4,5,5,5,Champions,4481.67
14427,2010-03-01,2010-03-18 09:49:00,2011-10-20 14:23:00,4,1263.5199999999998,50,4,1263.5199999999998,4,3,4,4,Champions,363.34000000000003
14428,2011-01-01,2011-01-18 16:39:00,2011-12-02 13:17:00,5,1224.06,7,5,1224.06,5,4,4,4,Champions,1224.06
14429,2010-11-01,2010-11-01 10:08:00,2010-11-01 10:08:00,1,516.28,403,1,516.28,2,1,2,2,Hibernating,0.0
14430,2010-04-01,2010-04-11 15:59:00,2010-07-16 11:35:00,3,1220.9,511,3,1220.9,1,3,4,4,At Risk – High Value,0.0
14431,2010-01-01,2010-01-21 10:49:00,2011-02-10 10:40:00,4,2614.2000000000003,302,4,2614.2000000000003,2,3,4,4,At Risk – High Value,470.35999999999996
14432,2011-09-01,2011-09-11 14:09:00,2011-11-30 08:04:00,6,2248.5,9,6,2248.5,5,4,4,4,Champions,2248.5
14433,2010-08-01,2010-08-31 12:35:00,2010-08-31 12:35:00,1,280.7,465,1,280.7,1,1,1,1,Lost,0.0
14434,2011-09-01,2011-09-28 15:31:00,2011-11-18 08:56:00,6,1372.8,21,6,1372.8,4,4,4,4,Champions,1372.8
14435,2010-07-01,2010-07-26 12:33:00,2010-07-26 12:33:00,1,90.42,501,1,90.42,1,1,1,1,Lost,0.0
14436,2010-06-01,2010-06-04 11:32:00,2011-09-02 10:13:00,2,271.70000000000005,98,2,271.70000000000005,3,2,1,2,Need Attention,89.06
14437,2010-05-01,2010-05-05 12:20:00,2010-12-09 09:27:00,5,873.34,365,5,873.34,2,4,3,4,At Risk – High Value,0.0
14438,2011-02-01,2011-02-06 14:56:00,2011-02-06 14:56:00,1,131.9,306,1,131.9,2,1,1,1,Hibernating,131.9
14439,2010-01-01,2010-01-21 14:01:00,2011-01-24 11:39:00,5,9443.04,319,5,9443.04,2,4,5,4,At Risk – High Value,2661.24
14440,2009-12-01,2009-12-02 12:13:00,2011-12-01 15:42:00,13,5982.030000000001,8,13,5982.030000000001,5,5,5,5,Champions,1700.98
14441,2010-01-01,2010-01-18 10:40:00,2011-12-09 09:07:00,11,4611.6900000000005,0,11,4611.6900000000005,5,5,5,5,Champions,1712.8899999999999
14442,2010-01-01,2010-01-18 12:59:00,2011-05-19 11:36:00,7,5367.02,204,7,5367.02,2,4,5,4,At Risk – High Value,1589.8200000000002
14443,2010-11-01,2010-11-25 14:18:00,2011-10-17 10:10:00,5,2082.97,53,5,2082.97,4,4,4,4,Champions,1116.6999999999998
14444,2010-09-01,2010-09-09 18:56:00,2010-09-09 18:56:00,1,120.44,456,1,120.44,1,1,1,1,Lost,0.0
14445,2010-09-01,2010-09-10 11:09:00,2010-09-10 11:09:00,1,221.64999999999992,455,1,221.64999999999992,1,1,1,1,Lost,0.0
14446,2010-11-01,2010-11-18 12:08:00,2011-12-09 11:34:00,5,1195.48,0,5,1195.48,5,4,3,4,Champions,1005.5499999999998
14447,2010-11-01,2010-11-04 13:32:00,2011-11-21 08:28:00,6,1711.73,18,6,1711.73,5,4,4,4,Champions,1163.23
14448,2010-12-01,2010-12-10 17:26:00,2011-11-30 13:50:00,2,375.35,9,2,375.35,5,2,2,2,New & Promising,375.35
14449,2010-09-01,2010-09-29 13:15:00,2011-11-21 12:06:00,8,2230.96,18,8,2230.96,5,4,4,4,Champions,675.56
14450,2010-04-01,2010-04-08 12:09:00,2011-06-12 10:46:00,7,1128.44,180,7,1128.44,3,4,3,4,Loyal,483.25
14451,2010-01-01,2010-01-17 10:35:00,2011-10-10 13:38:00,12,3258.68,60,12,3258.68,3,5,5,5,Loyal,643.8999999999999
14452,2010-07-01,2010-07-06 13:13:00,2011-11-29 12:06:00,4,658.95,10,4,658.95,5,3,3,3,Loyal,259.05
14453,2011-06-01,2011-06-02 14:15:00,2011-06-02 14:15:00,1,119.93000000000002,190,1,119.93000000000002,2,1,1,1,Hibernating,119.93000000000002
14454,2009-12-01,2009-12-06 12:56:00,2010-11-28 13:26:00,5,977.3,376,5,977.3,2,4,3,4,At Risk – High Value,0.0
14455,2010-08-01,2010-08-01 13:26:00,2010-10-03 15:48:00,4,617.72,432,4,617.72,1,3,3,3,At Risk,0.0
14456,2011-07-01,2011-07-20 13:06:00,2011-12-04 13:59:00,9,3014.3199999999997,5,9,3014.3199999999997,5,5,5,5,Champions,3014.3199999999997
14457,2011-02-01,2011-02-02 09:39:00,2011-02-02 09:39:00,1,113.64,310,1,113.64,2,1,1,1,Hibernating,113.64
14458,2010-11-01,2010-11-24 12:43:00,2010-11-24 12:43:00,1,219.26999999999995,380,1,219.26999999999995,2,1,1,1,Hibernating,0.0
14459,2010-02-01,2010-02-26 13:26:00,2011-07-07 13:35:00,2,5375.739999999998,155,2,5375.739999999998,3,2,5,4,Loyal,1837.9199999999996
14460,2009-12-01,2009-12-15 19:06:00,2011-08-21 14:19:00,9,1093.5,110,9,1093.5,3,5,3,4,Loyal,434.34
14461,2010-01-01,2010-01-18 12:48:00,2011-07-14 17:11:00,13,6676.5199999999995,148,13,6676.5199999999995,3,5,5,5,Loyal,2102.67
14462,2010-10-01,2010-10-03 14:13:00,2011-10-04 15:55:00,12,2237.81,66,12,2237.81,3,5,4,4,Loyal,1975.57
14463,2010-07-01,2010-07-28 11:35:00,2011-09-02 15:20:00,4,786.5699999999999,98,4,786.5699999999999,3,3,3,3,Loyal,529.62
14464,2010-03-01,2010-03-22 15:20:00,2010-05-20 18:00:00,2,111.0,568,2,111.0,1,2,1,2,Lost,0.0
14465,2010-01-01,2010-01-07 15:03:00,2011-04-07 12:38:00,11,3925.8499999999995,246,11,3925.8499999999995,2,5,5,5,At Risk – High Value,1038.4399999999998
14466,2009-12-01,2009-12-13 15:44:00,2011-11-10 14:07:00,13,4267.15,29,13,4267.15,4,5,5,5,Champions,1892.65
14467,2009-12-01,2009-12-02 12:44:00,2011-11-22 12:48:00,12,2203.2400000000002,17,12,2203.2400000000002,5,5,4,4,Champions,596.26
14468,2009-12-01,2009-12-06 12:21:00,2009-12-06 12:21:00,1,204.24000000000004,733,1,204.24000000000004,1,1,1,1,Lost,0.0
14469,2010-01-01,2010-01-29 11:12:00,2010-10-19 14:30:00,4,2093.46,416,4,2093.46,1,3,4,4,At Risk – High Value,0.0
14470,2010-10-01,2010-10-05 12:39:00,2011-11-28 10:31:00,3,712.04,11,3,712.04,5,3,3,3,Loyal,461.18999999999994
14471,2009-12-01,2009-12-07 12:26:00,2010-04-27 17:12:00,2,400.95000000000005,591,2,400.95000000000005,1,2,2,2,Lost,0.0
14472,2010-01-01,2010-01-19 13:09:00,2011-08-28 11:01:00,9,2118.7199999999993,103,9,2118.7199999999993,3,5,4,4,Loyal,1852.6699999999996
14473,2011-03-01,2011-03-02 13:56:00,2011-09-26 15:10:00,2,234.34000000000003,74,2,234.34000000000003,3,2,1,2,Need Attention,234.34000000000003
14474,2010-05-01,2010-05-09 12:12:00,2011-10-24 13:26:00,2,1258.8900000000003,46,2,1258.8900000000003,4,2,4,3,Loyal,547.6600000000001
14475,2010-10-01,2010-10-27 09:20:00,2011-09-29 10:46:00,4,1151.15,71,4,1151.15,3,3,3,3,Loyal,925.85
14476,2011-03-01,2011-03-27 15:39:00,2011-03-27 15:39:00,1,193.00000000000003,257,1,193.00000000000003,2,1,1,1,Hibernating,193.00000000000003
14477,2010-01-01,2010-01-04 15:41:00,2011-11-20 11:11:00,7,1969.6,19,7,1969.6,5,4,4,4,Champions,1309.6
14478,2009-12-01,2009-12-01 13:20:00,2010-11-22 15:29:00,4,1276.66,382,4,1276.66,2,3,4,4,At Risk – High Value,0.0
14479,2009-12-01,2009-12-06 13:48:00,2011-03-31 09:07:00,4,1124.7099999999998,253,4,1124.7099999999998,2,3,3,3,At Risk,141.85
14480,2009-12-01,2009-12-21 16:32:00,2011-11-28 16:35:00,4,1299.52,11,4,1299.52,5,3,4,4,Champions,279.05
14481,2010-01-01,2010-01-31 12:43:00,2011-06-28 10:38:00,5,2284.6900000000005,164,5,2284.6900000000005,3,4,4,4,Loyal,636.51
14482,2010-08-01,2010-08-26 14:13:00,2011-11-21 13:14:00,12,4306.72,18,12,4306.72,5,5,5,5,Champions,2022.8099999999997
14483,2009-12-01,2009-12-03 10:16:00,2011-03-03 10:26:00,2,257.1,281,2,257.1,2,2,1,2,Hibernating,137.10000000000002
14484,2009-12-01,2009-12-17 10:57:00,2011-10-20 14:11:00,4,1070.98,50,4,1070.98,4,3,3,3,Loyal,321.91999999999996
14485,2011-11-01,2011-11-01 12:25:00,2011-11-01 12:25:00,1,162.8,38,1,162.8,4,1,1,1,New & Promising,162.8
14486,2010-06-01,2010-06-04 10:30:00,2010-07-16 09:42:00,2,175.5,511,2,175.5,1,2,1,2,Lost,0.0
14487,2010-11-01,2010-11-25 13:36:00,2011-11-13 12:17:00,7,1266.2700000000002,26,7,1266.2700000000002,4,4,4,4,Champions,1040.38
14488,2011-10-01,2011-10-03 09:30:00,2011-10-03 09:30:00,1,1064.2800000000002,67,1,1064.2800000000002,3,1,3,2,Need Attention,1064.2800000000002
14489,2010-04-01,2010-04-06 09:52:00,2011-05-16 14:51:00,4,1574.93,207,4,1574.93,2,3,4,4,At Risk – High Value,463.38000000000005
14490,2010-10-01,2010-10-07 11:36:00,2010-10-29 15:04:00,2,1273.47,406,2,1273.47,2,2,4,3,At Risk,0.0
14491,2010-12-01,2010-12-02 12:10:00,2011-06-17 15:22:00,2,340.93,175,2,340.93,3,2,2,2,Need Attention,213.73000000000002
14492,2010-03-01,2010-03-30 14:23:00,2010-10-05 13:21:00,7,1921.9099999999999,430,7,1921.9099999999999,1,4,4,4,At Risk – High Value,0.0
14493,2010-03-01,2010-03-08 08:33:00,2011-12-02 16:14:00,10,5087.860000000001,7,10,5087.860000000001,5,5,5,5,Champions,2383.2400000000002
14494,2009-12-01,2009-12-08 13:25:00,2011-11-14 09:21:00,3,401.46,25,3,401.46,4,3,2,2,New & Promising,139.56
14495,2010-02-01,2010-02-18 08:49:00,2011-10-20 12:28:00,3,174.79999999999998,50,3,174.79999999999998,4,3,1,2,New & Promising,123.8
14496,2010-03-01,2010-03-16 13:15:00,2011-02-01 09:01:00,7,2363.8899999999994,311,7,2363.8899999999994,2,4,4,4,At Risk – High Value,234.46999999999997
14497,2010-02-01,2010-02-04 09:59:00,2011-02-03 17:01:00,2,697.06,309,2,697.06,2,2,3,2,Hibernating,475.3699999999999
14498,2010-06-01,2010-06-07 16:05:00,2011-10-28 12:09:00,10,3900.83,42,10,3900.83,4,5,5,5,Champions,1957.3200000000002
14499,2010-08-01,2010-08-27 11:57:00,2011-11-13 13:01:00,7,2101.79,26,7,2101.79,4,4,4,4,Champions,808.4399999999999
14500,2011-06-01,2011-06-03 10:08:00,2011-09-12 16:45:00,3,356.85,88,3,356.85,3,3,2,2,Need Attention,356.85
14501,2011-01-01,2011-01-24 10:43:00,2011-06-09 12:02:00,2,251.21,183,2,251.21,3,2,1,2,Need Attention,251.21
14502,2011-01-01,2011-01-30 15:52:00,2011-11-20 11:50:00,11,2426.789999999999,19,11,2426.789999999999,5,5,4,4,Champions,2426.789999999999
14503,2011-06-01,2011-06-14 10:00:00,2011-12-06 13:30:00,6,3543.26,3,6,3543.26,5,4,5,4,Champions,3543.26
14504,2011-03-01,2011-03-06 14:38:00,2011-10-23 16:00:00,4,673.26,47,4,673.26,4,3,3,3,Loyal,673.26
14505,2009-12-01,2009-12-09 14:48:00,2011-11-22 15:45:00,19,11873.080000000002,17,19,11873.080000000002,5,5,5,5,Champions,5859.43
14506,2010-04-01,2010-04-19 08:27:00,2011-11-22 13:02:00,7,2960.2499999999995,17,7,2960.2499999999995,5,4,5,4,Champions,1703.6499999999996
14507,2009-12-01,2009-12-10 17:04:00,2011-11-16 12:21:00,11,3216.7400000000002,23,11,3216.7400000000002,4,5,5,5,Champions,1367.88
14508,2010-06-01,2010-06-17 13:02:00,2011-11-17 19:48:00,5,822.92,22,5,822.92,4,4,3,4,Champions,268.05
14509,2010-06-01,2010-06-23 13:21:00,2010-06-23 13:21:00,1,110.94999999999997,534,1,110.94999999999997,1,1,1,1,Lost,0.0
14510,2010-09-01,2010-09-29 13:35:00,2010-11-29 12:46:00,3,979.8499999999999,375,3,979.8499999999999,2,3,3,3,At Risk,0.0
14511,2011-07-01,2011-07-29 12:13:00,2011-11-28 17:05:00,5,1314.81,11,5,1314.81,5,4,4,4,Champions,1314.81
14512,2009-12-01,2009-12-07 13:49:00,2011-06-05 12:39:00,7,1215.9700000000003,187,7,1215.9700000000003,2,4,4,4,At Risk – High Value,275.28
14513,2010-05-01,2010-05-20 17:57:00,2011-08-31 11:25:00,6,788.0100000000001,100,6,788.0100000000001,3,4,3,4,Loyal,455.59000000000003
14514,2009-12-01,2009-12-13 13:21:00,2011-10-09 16:05:00,9,4380.04,61,9,4380.04,3,5,5,5,Loyal,990.1999999999999
14515,2010-06-01,2010-06-07 12:37:00,2011-11-22 11:37:00,12,3724.0600000000004,17,12,3724.0600000000004,5,5,5,5,Champions,2076.8900000000003
14516,2010-07-01,2010-07-11 14:07:00,2010-07-11 14:07:00,1,151.16999999999996,516,1,151.16999999999996,1,1,1,1,Lost,0.0
14517,2011-07-01,2011-07-21 11:42:00,2011-11-06 14:20:00,2,330.45000000000005,33,2,330.45000000000005,4,2,2,2,New & Promising,330.45000000000005
14518,2011-10-01,2011-10-06 14:43:00,2011-10-06 14:43:00,1,174.37,64,1,174.37,3,1,1,1,Need Attention,174.37
14519,2009-12-01,2009-12-11 10:40:00,2010-01-25 11:18:00,2,203.14,683,2,203.14,1,2,1,2,Lost,0.0
14520,2011-02-01,2011-02-22 09:15:00,2011-12-08 09:46:00,2,270.6,1,2,270.6,5,2,1,2,New & Promising,270.6
14521,2010-08-01,2010-08-05 16:35:00,2010-08-05 16:35:00,1,199.45000000000002,491,1,199.45000000000002,1,1,1,1,Lost,0.0
14522,2010-01-01,2010-01-24 13:55:00,2011-11-15 13:24:00,8,1748.42,24,8,1748.42,4,4,4,4,Champions,974.54
14523,2011-08-01,2011-08-23 13:13:00,2011-08-23 13:13:00,1,241.09000000000003,108,1,241.09000000000003,3,1,1,1,Need Attention,241.09000000000003
14524,2010-10-01,2010-10-19 11:44:00,2011-11-08 12:29:00,13,2909.8599999999997,31,13,2909.8599999999997,4,5,5,5,Champions,1843.8300000000002
14525,2009-12-01,2009-12-13 14:01:00,2011-11-20 11:37:00,17,8018.590000000001,19,17,8018.590000000001,5,5,5,5,Champions,4215.900000000001
14526,2010-11-01,2010-11-15 13:32:00,2010-11-15 13:32:00,1,258.65,389,1,258.65,2,1,1,1,Hibernating,0.0
14527,2009-12-01,2009-12-02 12:06:00,2011-12-07 12:19:00,121,27191.100000000006,2,121,27191.100000000006,5,5,5,5,Champions,7988.8
14528,2011-11-01,2011-11-02 17:09:00,2011-11-02 17:09:00,1,364.22,37,1,364.22,4,1,2,2,New & Promising,364.22
14529,2011-08-01,2011-08-21 14:10:00,2011-10-10 15:27:00,3,578.61,60,3,578.61,3,3,2,2,Need Attention,578.61
14530,2010-01-01,2010-01-21 11:25:00,2011-11-14 10:38:00,16,6088.869999999999,25,16,6088.869999999999,4,5,5,5,Champions,2862.1099999999997
14531,2010-08-01,2010-08-17 10:16:00,2010-08-17 10:16:00,1,376.34,479,1,376.34,1,1,2,2,Lost,0.0
14532,2010-01-01,2010-01-10 11:47:00,2011-04-17 13:05:00,11,3845.78,236,11,3845.78,2,5,5,5,At Risk – High Value,932.8499999999999
14533,2010-04-01,2010-04-08 12:13:00,2011-11-15 12:05:00,11,3466.37,24,11,3466.37,4,5,5,5,Champions,1949.72
14534,2010-03-01,2010-03-15 14:16:00,2011-12-07 12:19:00,26,6183.0599999999995,2,26,6183.0599999999995,5,5,5,5,Champions,4395.650000000001
14535,2010-02-01,2010-02-24 15:03:00,2011-10-10 15:39:00,9,5961.889999999999,60,9,5961.889999999999,3,5,5,5,Loyal,2854.8399999999992
14536,2011-03-01,2011-03-25 12:21:00,2011-03-25 12:21:00,1,170.95000000000002,259,1,170.95000000000002,2,1,1,1,Hibernating,170.95000000000002
14537,2010-03-01,2010-03-26 13:44:00,2011-10-13 10:54:00,2,641.4000000000001,57,2,641.4000000000001,4,2,3,2,New & Promising,355.5600000000001
14538,2010-01-01,2010-01-25 15:42:00,2011-10-06 10:31:00,5,1370.84,64,5,1370.84,3,4,4,4,Loyal,388.24999999999994
14539,2011-10-01,2011-10-26 12:03:00,2011-11-24 09:50:00,2,537.48,15,2,537.48,5,2,2,2,New & Promising,537.48
14540,2009-12-01,2009-12-07 13:00:00,2011-11-30 10:15:00,11,3709.6400000000003,9,11,3709.6400000000003,5,5,5,5,Champions,952.66
14541,2010-01-01,2010-01-07 11:59:00,2011-10-12 10:08:00,14,2491.38,58,14,2491.38,4,5,4,4,Champions,1453.3500000000001
14542,2011-06-01,2011-06-07 08:19:00,2011-06-07 08:19:00,1,103.25000000000001,185,1,103.25000000000001,3,1,1,1,Need Attention,103.25000000000001
14543,2009-12-01,2009-12-01 13:47:00,2011-11-11 12:45:00,39,14548.220000000001,28,39,14548.220000000001,4,5,5,5,Champions,3560.08
14544,2010-08-01,2010-08-26 16:00:00,2011-11-15 15:06:00,3,2938.53,24,3,2938.53,4,3,5,4,Champions,2004.3000000000002
14545,2010-02-01,2010-02-03 15:23:00,2010-02-03 15:23:00,1,349.25,674,1,349.25,1,1,2,2,Lost,0.0
14546,2009-12-01,2009-12-06 13:10:00,2011-12-04 13:00:00,11,5184.84,5,11,5184.84,5,5,5,5,Champions,2573.93
14547,2011-10-01,2011-10-16 14:35:00,2011-12-06 11:06:00,8,3974.749999999999,3,8,3974.749999999999,5,4,5,4,Champions,3974.7499999999995
14548,2009-12-01,2009-12-06 14:00:00,2011-07-12 12:19:00,9,2541.29,150,9,2541.29,3,5,4,4,Loyal,652.8
14549,2009-12-01,2009-12-02 14:06:00,2011-02-01 13:47:00,4,913.5999999999998,311,4,913.5999999999998,2,3,3,3,At Risk,289.2399999999999
14550,2010-08-01,2010-08-13 12:05:00,2011-11-29 12:12:00,4,1345.06,10,4,1345.06,5,3,4,4,Champions,757.3699999999999
14551,2010-01-01,2010-01-27 12:06:00,2011-11-21 13:36:00,7,878.0899999999999,18,7,878.0899999999999,5,4,3,4,Champions,186.23000000000002
14552,2010-04-01,2010-04-26 13:44:00,2011-07-11 12:49:00,3,507.92999999999995,151,3,507.92999999999995,3,3,2,2,Need Attention,164.22000000000003
14553,2010-07-01,2010-07-18 12:07:00,2011-11-20 13:20:00,9,1818.6,19,9,1818.6,5,5,4,4,Champions,859.27
14554,2011-10-01,2011-10-18 13:04:00,2011-11-29 16:44:00,4,2279.4900000000007,10,4,2279.4900000000007,5,3,4,4,Champions,2279.4900000000002
14555,2009-12-01,2009-12-18 11:39:00,2011-10-13 16:24:00,6,2304.0299999999997,57,6,2304.0299999999997,4,4,4,4,Champions,312.54
14556,2010-01-01,2010-01-20 11:49:00,2010-04-22 14:57:00,3,815.6899999999997,596,3,815.6899999999997,1,3,3,3,At Risk,0.0
14557,2011-09-01,2011-09-15 15:48:00,2011-09-15 15:48:00,1,788.3800000000001,85,1,788.3800000000001,3,1,3,2,Need Attention,788.3800000000001
14558,2009-12-01,2009-12-08 10:41:00,2010-02-23 12:51:00,3,655.5,654,3,655.5,1,3,3,3,At Risk,0.0
14559,2010-11-01,2010-11-14 16:05:00,2010-11-14 16:05:00,1,75.6,390,1,75.6,2,1,1,1,Hibernating,0.0
14560,2009-12-01,2009-12-02 10:15:00,2011-12-02 15:22:00,44,6114.030000000001,7,44,6114.030000000001,5,5,5,5,Champions,2237.77
14561,2011-06-01,2011-06-08 13:26:00,2011-09-25 12:39:00,3,1080.7599999999998,75,3,1080.7599999999998,3,3,3,3,Loyal,1080.7599999999998
14562,2010-02-01,2010-02-07 14:10:00,2011-12-06 11:05:00,26,6638.149999999999,3,26,6638.149999999999,5,5,5,5,Champions,5006.7699999999995
14563,2010-04-01,2010-04-26 12:51:00,2010-07-18 12:01:00,2,625.4199999999997,509,2,625.4199999999997,1,2,3,2,Lost,0.0
14564,2009-12-01,2009-12-04 09:27:00,2010-10-01 09:02:00,2,2605.62,434,2,2605.62,1,2,4,3,At Risk,0.0
14565,2010-08-01,2010-08-23 09:48:00,2011-09-05 09:07:00,5,3709.2200000000003,95,5,3709.2200000000003,3,4,5,4,Loyal,2949.1200000000003
14566,2010-06-01,2010-06-24 10:34:00,2011-08-21 11:05:00,4,4092.0,110,4,4092.0,3,3,5,4,Loyal,1432.0
14567,2011-08-01,2011-08-01 13:48:00,2011-10-14 10:21:00,2,1530.3600000000001,56,2,1530.3600000000001,4,2,4,3,Loyal,1530.3600000000001
14568,2010-09-01,2010-09-30 17:15:00,2010-09-30 17:15:00,1,919.7000000000003,435,1,919.7000000000003,1,1,3,2,Lost,0.0
14569,2010-04-01,2010-04-15 11:49:00,2011-12-08 14:58:00,4,597.3299999999999,1,4,597.3299999999999,5,3,2,2,New & Promising,227.39
14570,2010-09-01,2010-09-22 13:07:00,2011-03-04 10:58:00,3,512.3999999999999,280,3,512.3999999999999,2,3,2,2,Hibernating,217.20999999999995
14571,2010-10-01,2010-10-10 15:06:00,2010-10-10 15:06:00,1,160.00000000000003,425,1,160.00000000000003,1,1,1,1,Lost,0.0
14572,2010-03-01,2010-03-28 13:47:00,2011-12-06 14:40:00,11,5520.98,3,11,5520.98,5,5,5,5,Champions,2804.5399999999995
14573,2010-01-01,2010-01-08 16:34:00,2011-06-13 11:15:00,13,2163.1199999999994,179,13,2163.1199999999994,3,5,4,4,Loyal,1237.82
14574,2009-12-01,2009-12-07 12:42:00,2009-12-07 12:42:00,1,143.7,732,1,143.7,1,1,1,1,Lost,0.0
14575,2010-08-01,2010-08-08 14:51:00,2010-08-08 14:51:00,1,420.2199999999998,488,1,420.2199999999998,1,1,2,2,Lost,0.0
14576,2010-12-01,2010-12-02 17:51:00,2010-12-02 17:51:00,1,35.400000000000006,372,1,35.400000000000006,2,1,1,1,Hibernating,0.0
14577,2009-12-01,2009-12-11 12:09:00,2011-11-27 12:47:00,7,1364.15,12,7,1364.15,5,4,4,4,Champions,859.7099999999999
14578,2011-12-01,2011-12-06 17:18:00,2011-12-06 17:18:00,1,168.63,3,1,168.63,5,1,1,1,New & Promising,168.63
14579,2010-10-01,2010-10-03 14:36:00,2010-10-03 14:36:00,1,105.56,432,1,105.56,1,1,1,1,Lost,0.0
14580,2010-07-01,2010-07-09 15:20:00,2010-07-09 15:20:00,1,14.850000000000001,518,1,14.850000000000001,1,1,1,1,Lost,0.0
14581,2010-06-01,2010-06-13 15:48:00,2011-11-23 12:39:00,2,409.65,16,2,409.65,5,2,2,2,New & Promising,138.6
14582,2011-10-01,2011-10-30 11:56:00,2011-10-30 11:56:00,1,114.11,40,1,114.11,4,1,1,1,New & Promising,114.11
14583,2010-03-01,2010-03-28 15:16:00,2011-12-04 12:32:00,8,1660.29,5,8,1660.29,5,4,4,4,Champions,986.96
14584,2010-02-01,2010-02-17 14:01:00,2011-06-23 18:33:00,8,1738.1599999999999,169,8,1738.1599999999999,3,4,4,4,Loyal,1033.06
14585,2010-10-01,2010-10-19 12:17:00,2011-10-20 14:33:00,5,1143.2700000000002,50,5,1143.2700000000002,4,4,3,4,Champions,157.05
14586,2011-03-01,2011-03-08 10:04:00,2011-03-08 10:04:00,1,237.35999999999996,276,1,237.35999999999996,2,1,1,1,Hibernating,237.35999999999996
14587,2011-01-01,2011-01-12 13:16:00,2011-11-21 11:34:00,9,1580.2900000000004,18,9,1580.2900000000004,5,5,4,4,Champions,1580.2900000000002
14588,2010-05-01,2010-05-10 15:08:00,2010-05-10 15:08:00,1,135.39000000000001,578,1,135.39000000000001,1,1,1,1,Lost,0.0
14589,2010-12-01,2010-12-03 11:42:00,2010-12-03 11:42:00,1,39.75,371,1,39.75,2,1,1,1,Hibernating,0.0
14590,2009-12-01,2009-12-07 14:10:00,2010-10-11 12:06:00,20,2993.37,424,20,2993.37,1,5,5,5,At Risk – High Value,0.0
14591,2011-05-01,2011-05-10 14:09:00,2011-11-24 13:57:00,4,1320.21,15,4,1320.21,5,3,4,4,Champions,1320.21
14592,2011-10-01,2011-10-06 18:08:00,2011-11-04 16:35:00,3,557.94,35,3,557.94,4,3,2,2,New & Promising,557.94
14593,2009-12-01,2009-12-09 12:57:00,2011-11-18 12:48:00,12,3658.0299999999997,21,12,3658.0299999999997,4,5,5,5,Champions,617.1500000000001
14594,2010-12-01,2010-12-01 13:54:00,2011-12-02 13:28:00,2,363.33,7,2,363.33,5,2,2,2,New & Promising,108.33000000000001
14595,2010-01-01,2010-01-20 13:59:00,2011-11-20 12:12:00,8,2164.4500000000003,19,8,2164.4500000000003,5,4,4,4,Champions,1740.6000000000001
14596,2010-03-01,2010-03-23 12:13:00,2010-03-23 12:13:00,1,222.21999999999994,626,1,222.21999999999994,1,1,1,1,Lost,0.0
14597,2010-09-01,2010-09-28 13:17:00,2011-11-28 13:13:00,6,2184.6299999999997,11,6,2184.6299999999997,5,4,4,4,Champions,866.2400000000001
14598,2010-05-01,2010-05-19 13:07:00,2011-10-26 13:19:00,2,384.0400000000001,44,2,384.0400000000001,4,2,2,2,New & Promising,221.97000000000003
14599,2010-07-01,2010-07-18 15:54:00,2010-11-14 14:49:00,2,457.89,390,2,457.89,2,2,2,2,Hibernating,0.0
14600,2010-11-01,2010-11-11 15:56:00,2011-02-07 09:48:00,2,865.1699999999998,305,2,865.1699999999998,2,2,3,2,Hibernating,393.3299999999999
14601,2011-11-01,2011-11-29 09:48:00,2011-11-29 09:48:00,1,213.96000000000004,10,1,213.96000000000004,5,1,1,1,New & Promising,213.96000000000004
14602,2010-02-01,2010-02-21 15:47:00,2010-02-21 15:47:00,1,205.35999999999999,656,1,205.35999999999999,1,1,1,1,Lost,0.0
14603,2011-03-01,2011-03-10 10:27:00,2011-03-10 10:27:00,1,660.0,274,1,660.0,2,1,3,2,Hibernating,660.0
14604,2010-03-01,2010-03-16 13:00:00,2010-03-16 13:00:00,1,136.36,633,1,136.36,1,1,1,1,Lost,0.0
14605,2009-12-01,2009-12-08 13:59:00,2010-11-30 14:07:00,4,920.7099999999999,374,4,920.7099999999999,2,3,3,3,At Risk,0.0
14606,2009-12-01,2009-12-03 12:40:00,2011-12-08 19:28:00,184,29648.749999999996,1,184,29648.749999999996,5,5,5,5,Champions,11319.27
14607,2009-12-01,2009-12-15 11:25:00,2011-11-24 10:35:00,20,22575.13,15,20,22575.13,5,5,5,5,Champions,15021.5
14608,2009-12-01,2009-12-06 12:34:00,2011-12-05 16:52:00,10,3342.9400000000005,4,10,3342.9400000000005,5,5,5,5,Champions,1785.15
14609,2010-02-01,2010-02-09 09:48:00,2011-09-28 12:54:00,10,1486.2,72,10,1486.2,3,5,4,4,Loyal,601.56
14610,2010-07-01,2010-07-13 16:06:00,2010-11-09 10:58:00,2,24.35,395,2,24.35,2,2,1,2,Hibernating,0.0
14611,2010-04-01,2010-04-20 10:19:00,2010-09-22 09:19:00,2,604.3299999999999,443,2,604.3299999999999,1,2,3,2,Lost,0.0
14612,2010-10-01,2010-10-20 16:01:00,2010-10-20 16:01:00,1,877.6999999999998,415,1,877.6999999999998,1,1,3,2,Lost,0.0
14613,2010-01-01,2010-01-28 13:02:00,2010-01-28 13:02:00,1,76.32000000000001,680,1,76.32000000000001,1,1,1,1,Lost,0.0
14614,2010-11-01,2010-11-18 13:04:00,2010-11-18 13:04:00,1,295.13,386,1,295.13,2,1,2,2,Hibernating,0.0
14615,2010-06-01,2010-06-09 13:59:00,2010-11-10 13:36:00,5,951.76,394,5,951.76,2,4,3,4,At Risk – High Value,0.0
14616,2010-06-01,2010-06-09 09:42:00,2011-04-11 09:54:00,5,527.78,242,5,527.78,2,4,2,3,At Risk,406.08000000000004
14617,2010-10-01,2010-10-20 10:40:00,2010-11-02 11:41:00,2,190.47000000000003,402,2,190.47000000000003,2,2,1,2,Hibernating,0.0
14618,2010-06-01,2010-06-11 10:11:00,2011-11-30 13:45:00,7,1342.32,9,7,1342.32,5,4,4,4,Champions,553.44
14619,2010-06-01,2010-06-16 14:41:00,2011-04-08 07:37:00,2,1291.2399999999998,245,2,1291.2399999999998,2,2,4,3,At Risk,394.43999999999994
14620,2011-03-01,2011-03-01 08:30:00,2011-05-18 11:58:00,2,412.78,205,2,412.78,2,2,2,2,Hibernating,412.78
14621,2010-01-01,2010-01-25 09:08:00,2011-12-08 16:22:00,9,3000.5699999999997,1,9,3000.5699999999997,5,5,5,5,Champions,1788.36
14622,2011-06-01,2011-06-08 12:42:00,2011-06-08 12:42:00,1,320.58,184,1,320.58,3,1,2,2,Need Attention,320.58
14623,2010-04-01,2010-04-16 17:12:00,2011-11-07 13:56:00,10,2012.3,32,10,2012.3,4,5,4,4,Champions,882.0200000000001
14624,2010-04-01,2010-04-14 10:44:00,2011-10-13 13:44:00,6,814.0699999999999,57,6,814.0699999999999,4,4,3,4,Champions,225.84999999999997
14625,2009-12-01,2009-12-16 13:23:00,2011-05-27 15:32:00,11,4497.88,196,11,4497.88,2,5,5,5,At Risk – High Value,899.63
14626,2009-12-01,2009-12-10 14:57:00,2011-11-16 10:37:00,11,5410.92,23,11,5410.92,4,5,5,5,Champions,2791.27
14627,2010-11-01,2010-11-25 16:32:00,2010-11-25 16:32:00,1,462.75,379,1,462.75,2,1,2,2,Hibernating,0.0
14628,2010-01-01,2010-01-25 14:40:00,2011-09-09 14:58:00,5,1998.0,91,5,1998.0,3,4,4,4,Loyal,671.96
14629,2011-10-01,2011-10-23 16:13:00,2011-12-05 16:55:00,2,955.2599999999995,4,2,955.2599999999995,5,2,3,2,New & Promising,955.2599999999995
14630,2010-08-01,2010-08-12 16:38:00,2010-08-12 16:38:00,1,338.65,484,1,338.65,1,1,2,2,Lost,0.0
14631,2010-08-01,2010-08-09 14:45:00,2011-10-20 11:17:00,6,2025.69,50,6,2025.69,4,4,4,4,Champions,1006.98
14632,2011-03-01,2011-03-22 08:49:00,2011-03-22 08:49:00,1,114.55999999999999,262,1,114.55999999999999,2,1,1,1,Hibernating,114.55999999999999
14633,2011-03-01,2011-03-18 17:07:00,2011-03-18 17:07:00,1,344.9000000000001,266,1,344.9000000000001,2,1,2,2,Hibernating,344.9000000000001
14634,2010-06-01,2010-06-16 09:48:00,2010-09-28 10:40:00,4,2124.4600000000005,437,4,2124.4600000000005,1,3,4,4,At Risk – High Value,0.0
14635,2010-09-01,2010-09-12 10:47:00,2010-09-12 10:47:00,1,215.22,453,1,215.22,1,1,1,1,Lost,0.0
14636,2011-03-01,2011-03-16 09:52:00,2011-11-03 16:12:00,2,609.85,36,2,609.85,4,2,3,2,New & Promising,609.85
14637,2010-01-01,2010-01-31 15:52:00,2010-01-31 15:52:00,1,106.67999999999998,677,1,106.67999999999998,1,1,1,1,Lost,0.0
14638,2011-10-01,2011-10-20 10:10:00,2011-10-20 10:10:00,1,443.6,50,1,443.6,4,1,2,2,New & Promising,443.6
14639,2010-02-01,2010-02-16 12:35:00,2011-10-18 15:06:00,9,4978.96,52,9,4978.96,4,5,5,5,Champions,2984.49
14640,2010-01-01,2010-01-22 15:44:00,2011-11-15 13:07:00,10,3649.3599999999997,24,10,3649.3599999999997,4,5,5,5,Champions,2107.38
14641,2011-11-01,2011-11-18 10:42:00,2011-11-18 10:42:00,1,110.46,21,1,110.46,4,1,1,1,New & Promising,110.46
14642,2011-10-01,2011-10-12 11:08:00,2011-10-12 11:08:00,1,96.12,58,1,96.12,4,1,1,1,New & Promising,96.12
14643,2009-12-01,2009-12-11 11:52:00,2011-06-22 14:41:00,5,1679.8899999999999,170,5,1679.8899999999999,3,4,4,4,Loyal,693.8100000000001
14644,2009-12-01,2009-12-03 16:24:00,2011-10-03 08:30:00,7,2247.7200000000003,67,7,2247.7200000000003,3,4,4,4,Loyal,830.7600000000001
14645,2010-03-01,2010-03-15 11:33:00,2011-07-06 09:15:00,3,876.89,156,3,876.89,3,3,3,3,Loyal,597.09
14646,2009-12-01,2009-12-02 16:52:00,2011-12-08 12:12:00,145,526751.52,1,145,526751.52,5,5,5,5,Champions,279138.01999999996
14647,2010-07-01,2010-07-04 13:27:00,2011-05-22 13:40:00,2,506.03999999999996,201,2,506.03999999999996,2,2,2,2,Hibernating,236.03999999999996
14648,2009-12-01,2009-12-10 13:59:00,2010-10-19 13:12:00,15,4463.39,416,15,4463.39,1,5,5,5,At Risk – High Value,0.0
14649,2010-01-01,2010-01-20 13:10:00,2011-12-05 12:30:00,9,3651.189999999999,4,9,3651.189999999999,5,5,5,5,Champions,1402.5899999999997
14650,2010-04-01,2010-04-29 20:27:00,2010-04-29 20:27:00,1,62.5,589,1,62.5,1,1,1,1,Lost,0.0
14651,2010-03-01,2010-03-18 11:39:00,2011-10-03 15:52:00,9,2025.52,67,9,2025.52,3,5,4,4,Loyal,653.75
14652,2011-09-01,2011-09-23 14:21:00,2011-09-23 14:21:00,1,114.18000000000002,77,1,114.18000000000002,3,1,1,1,Need Attention,114.18000000000002
14653,2009-12-01,2009-12-02 11:51:00,2011-12-08 13:45:00,11,3404.8,1,11,3404.8,5,5,5,5,Champions,1916.7
14654,2009-12-01,2009-12-01 12:57:00,2009-12-01 12:57:00,1,246.86,738,1,246.86,1,1,1,1,Lost,0.0
14655,2010-04-01,2010-04-22 14:29:00,2011-12-01 16:28:00,7,3878.510000000001,8,7,3878.510000000001,5,4,5,4,Champions,1932.23
14656,2010-04-01,2010-04-15 12:10:00,2011-06-23 13:51:00,5,790.0,169,5,790.0,3,4,3,4,Loyal,291.05000000000007
14657,2010-09-01,2010-09-30 19:57:00,2011-11-22 12:47:00,6,1450.19,17,6,1450.19,5,4,4,4,Champions,848.2199999999999
14658,2011-08-01,2011-08-14 15:42:00,2011-12-04 15:35:00,2,247.15,5,2,247.15,5,2,1,2,New & Promising,247.15
14659,2011-01-01,2011-01-28 12:43:00,2011-12-01 12:17:00,9,2529.9300000000003,8,9,2529.9300000000003,5,5,4,4,Champions,2529.9300000000003
14660,2011-08-01,2011-08-31 10:40:00,2011-09-14 11:34:00,2,285.74,86,2,285.74,3,2,2,2,Need Attention,285.74
14661,2011-11-01,2011-11-13 11:51:00,2011-11-13 11:51:00,1,107.95,26,1,107.95,4,1,1,1,New & Promising,107.95
14662,2009-12-01,2009-12-03 16:47:00,2011-11-11 12:13:00,7,1376.43,28,7,1376.43,4,4,4,4,Champions,741.3700000000002
14663,2010-10-01,2010-10-05 13:12:00,2010-10-05 13:21:00,2,490.6,430,2,490.6,1,2,2,2,Lost,0.0
14664,2011-11-01,2011-11-06 14:56:00,2011-11-20 10:59:00,2,636.24,19,2,636.24,5,2,3,2,New & Promising,636.24
14665,2010-04-01,2010-04-26 11:17:00,2011-10-10 09:14:00,7,2749.65,60,7,2749.65,3,4,4,4,Loyal,1835.7000000000003
14666,2011-11-01,2011-11-15 12:57:00,2011-11-15 12:57:00,1,179.95,24,1,179.95,4,1,1,1,New & Promising,179.95
14667,2009-12-01,2009-12-02 12:38:00,2011-11-29 11:30:00,54,20359.59,10,54,20359.59,5,5,5,5,Champions,7973.08
14668,2010-09-01,2010-09-20 15:03:00,2010-09-20 15:03:00,1,111.63000000000001,445,1,111.63000000000001,1,1,1,1,Lost,0.0
14669,2009-12-01,2009-12-02 13:06:00,2011-04-12 11:43:00,7,3216.78,241,7,3216.78,2,4,5,4,At Risk – High Value,1259.2399999999998
14670,2009-12-01,2009-12-07 13:59:00,2011-03-04 14:13:00,3,583.3300000000002,280,3,583.3300000000002,2,3,2,2,Hibernating,392.8600000000001
14671,2010-05-01,2010-05-20 18:21:00,2010-06-08 13:39:00,2,1127.4500000000003,549,2,1127.4500000000003,1,2,3,2,Lost,0.0
14672,2010-01-01,2010-01-28 11:33:00,2011-04-19 10:19:00,4,1113.14,234,4,1113.14,2,3,3,3,At Risk,765.5500000000002
14673,2010-10-01,2010-10-26 10:14:00,2011-12-06 14:31:00,7,3037.3199999999997,3,7,3037.3199999999997,5,4,5,4,Champions,1362.9099999999999
14674,2010-07-01,2010-07-18 14:25:00,2010-07-18 14:25:00,1,173.66000000000003,509,1,173.66000000000003,1,1,1,1,Lost,0.0
14675,2010-11-01,2010-11-16 12:22:00,2011-11-23 12:58:00,2,1015.58,16,2,1015.58,5,2,3,2,New & Promising,596.3599999999999
14676,2010-03-01,2010-03-10 09:30:00,2011-11-08 13:29:00,12,8356.79,31,12,8356.79,4,5,5,5,Champions,2548.24
14677,2010-04-01,2010-04-26 09:48:00,2010-04-26 09:48:00,1,184.90999999999997,592,1,184.90999999999997,1,1,1,1,Lost,0.0
14678,2010-05-01,2010-05-09 14:32:00,2010-05-09 14:32:00,1,403.39,579,1,403.39,1,1,2,2,Lost,0.0
14679,2009-12-01,2009-12-08 17:13:00,2010-11-23 11:51:00,3,1289.44,381,3,1289.44,2,3,4,4,At Risk – High Value,0.0
14680,2009-12-01,2009-12-04 12:36:00,2011-11-14 16:59:00,58,55688.5,25,58,55688.5,4,5,5,5,Champions,27073.23
14681,2010-02-01,2010-02-24 08:54:00,2011-09-29 15:52:00,6,875.1500000000001,71,6,875.1500000000001,3,4,3,4,Loyal,498.95
14682,2010-02-01,2010-02-05 14:47:00,2011-06-05 12:12:00,6,1514.81,187,6,1514.81,2,4,4,4,At Risk – High Value,52.0
14683,2010-04-01,2010-04-30 17:18:00,2010-04-30 17:18:00,1,146.56000000000003,588,1,146.56000000000003,1,1,1,1,Lost,0.0
14684,2010-11-01,2010-11-14 14:07:00,2011-11-14 11:33:00,6,1430.0300000000002,25,6,1430.0300000000002,4,4,4,4,Champions,1201.5100000000002
14685,2009-12-01,2009-12-13 11:32:00,2010-05-12 13:08:00,8,4536.64,576,8,4536.64,1,4,5,4,At Risk – High Value,0.0
14686,2010-02-01,2010-02-18 18:29:00,2010-10-21 18:31:00,5,852.5300000000001,414,5,852.5300000000001,1,4,3,4,At Risk – High Value,0.0
14687,2010-06-01,2010-06-06 10:36:00,2011-08-25 11:59:00,3,1402.06,106,3,1402.06,3,3,4,4,Loyal,628.3799999999999
14688,2010-09-01,2010-09-09 12:35:00,2011-12-02 12:26:00,28,7190.42,7,28,7190.42,5,5,5,5,Champions,5134.12
14689,2011-05-01,2011-05-15 11:22:00,2011-05-15 11:22:00,1,112.80000000000001,208,1,112.80000000000001,2,1,1,1,Hibernating,112.80000000000001
14690,2010-10-01,2010-10-25 12:20:00,2011-10-26 15:39:00,4,777.6800000000001,44,4,777.6800000000001,4,3,3,3,Loyal,355.04999999999995
14691,2011-05-01,2011-05-11 09:55:00,2011-11-09 12:30:00,5,2114.33,30,5,2114.33,4,4,4,4,Champions,2114.33
14692,2010-04-01,2010-04-01 14:04:00,2011-07-25 15:08:00,12,1715.1399999999999,137,12,1715.1399999999999,3,5,4,4,Loyal,591.55
14693,2010-07-01,2010-07-02 08:28:00,2011-03-20 12:50:00,7,1165.36,264,7,1165.36,2,4,3,4,At Risk – High Value,172.9
14694,2010-04-01,2010-04-01 19:46:00,2010-04-01 19:46:00,1,244.31,617,1,244.31,1,1,1,1,Lost,0.0
14695,2009-12-01,2009-12-07 11:05:00,2010-07-08 14:18:00,3,1534.22,519,3,1534.22,1,3,4,4,At Risk – High Value,0.0
14696,2010-10-01,2010-10-14 11:43:00,2011-12-05 13:43:00,8,2473.2799999999997,4,8,2473.2799999999997,5,4,4,4,Champions,1784.3300000000002
14697,2011-05-01,2011-05-05 15:29:00,2011-05-05 15:39:00,2,188.61,218,2,188.61,2,2,1,2,Hibernating,188.61
14698,2011-10-01,2011-10-19 12:54:00,2011-12-08 12:26:00,5,1217.27,1,5,1217.27,5,4,4,4,Champions,1217.27
14699,2010-07-01,2010-07-02 12:04:00,2011-05-09 14:54:00,4,702.5999999999999,214,4,702.5999999999999,2,3,3,3,At Risk,109.12999999999998
14700,2010-08-01,2010-08-11 12:19:00,2011-11-07 14:40:00,5,3076.0599999999995,32,5,3076.0599999999995,4,4,5,4,Champions,2195.1
14701,2010-01-01,2010-01-24 12:15:00,2011-11-29 12:38:00,15,4487.11,10,15,4487.11,5,5,5,5,Champions,2526.0899999999997
14702,2009-12-01,2009-12-10 20:22:00,2011-12-08 19:29:00,29,6356.9800000000005,1,29,6356.9800000000005,5,5,5,5,Champions,2941.34
14703,2011-11-01,2011-11-25 09:23:00,2011-11-25 09:23:00,1,318.1699999999999,14,1,318.1699999999999,5,1,2,2,New & Promising,318.1699999999999
14704,2010-03-01,2010-03-25 17:21:00,2011-11-20 12:20:00,9,1720.5800000000004,19,9,1720.5800000000004,5,5,4,4,Champions,1461.6200000000001
14705,2011-05-01,2011-05-25 12:39:00,2011-05-25 12:39:00,1,179.0,198,1,179.0,2,1,1,1,Hibernating,179.0
14706,2010-03-01,2010-03-31 11:09:00,2010-03-31 11:09:00,1,367.53999999999996,618,1,367.53999999999996,1,1,2,2,Lost,0.0
14707,2010-05-01,2010-05-12 11:07:00,2010-09-30 11:37:00,2,139.2,435,2,139.2,1,2,1,2,Lost,0.0
14708,2010-09-01,2010-09-10 10:26:00,2011-12-07 08:21:00,5,1793.2200000000003,2,5,1793.2200000000003,5,4,4,4,Champions,707.31
14709,2009-12-01,2009-12-05 15:26:00,2011-11-24 15:41:00,25,8886.330000000002,15,25,8886.330000000002,5,5,5,5,Champions,4921.040000000001
14710,2009-12-01,2009-12-03 17:12:00,2011-11-25 14:53:00,13,1899.79,14,13,1899.79,5,5,4,4,Champions,599.48
14711,2011-03-01,2011-03-22 13:32:00,2011-11-29 14:58:00,11,2839.62,10,11,2839.62,5,5,4,4,Champions,2839.62
14712,2010-10-01,2010-10-17 14:49:00,2011-11-10 12:59:00,4,1328.0700000000002,29,4,1328.0700000000002,4,3,4,4,Champions,917.0700000000002
14713,2009-12-01,2009-12-03 19:22:00,2011-11-30 16:26:00,21,5115.360000000001,9,21,5115.360000000001,5,5,5,5,Champions,2363.25
14714,2010-01-01,2010-01-21 11:51:00,2011-11-15 13:07:00,4,906.24,24,4,906.24,4,3,3,3,Loyal,160.19
14715,2010-01-01,2010-01-19 12:18:00,2011-11-15 12:10:00,8,1809.5499999999997,24,8,1809.5499999999997,4,4,4,4,Champions,867.38
14716,2010-09-01,2010-09-21 12:07:00,2011-10-27 17:29:00,3,543.28,43,3,543.28,4,3,2,2,New & Promising,307.51
14717,2009-12-01,2009-12-06 13:05:00,2009-12-06 13:05:00,1,81.3,733,1,81.3,1,1,1,1,Lost,0.0
14718,2010-10-01,2010-10-25 13:07:00,2010-10-25 13:07:00,1,226.42000000000002,410,1,226.42000000000002,1,1,1,1,Lost,0.0
14719,2011-04-01,2011-04-04 14:17:00,2011-12-08 12:43:00,5,1581.8399999999995,1,5,1581.8399999999995,5,4,4,4,Champions,1581.8399999999995
14720,2011-08-01,2011-08-05 12:06:00,2011-12-04 12:02:00,3,663.81,5,3,663.81,5,3,3,3,Loyal,663.81
14721,2010-11-01,2010-11-25 13:08:00,2010-11-25 13:08:00,1,109.07,379,1,109.07,2,1,1,1,Hibernating,0.0
14722,2010-08-01,2010-08-10 13:28:00,2011-07-15 14:58:00,3,489.52000000000004,147,3,489.52000000000004,3,3,2,2,Need Attention,180.41999999999996
14723,2009-12-01,2009-12-04 11:22:00,2011-11-29 15:23:00,11,1801.3599999999997,10,11,1801.3599999999997,5,5,4,4,Champions,875.1699999999997
14724,2010-04-01,2010-04-28 13:26:00,2010-04-28 13:26:00,1,341.9,590,1,341.9,1,1,2,2,Lost,0.0
14725,2010-06-01,2010-06-23 11:34:00,2011-11-15 12:42:00,4,1246.8600000000001,24,4,1246.8600000000001,4,3,4,4,Champions,655.58
14726,2010-02-01,2010-02-23 12:35:00,2010-02-23 12:35:00,1,116.5,654,1,116.5,1,1,1,1,Lost,0.0
14727,2010-06-01,2010-06-11 13:23:00,2011-03-10 14:45:00,3,461.03000000000003,274,3,461.03000000000003,2,3,2,2,Hibernating,268.58
14728,2010-10-01,2010-10-22 15:57:00,2010-10-22 15:57:00,1,190.57999999999996,413,1,190.57999999999996,1,1,1,1,Lost,0.0
14729,2010-03-01,2010-03-24 13:30:00,2010-12-01 12:43:00,3,586.2399999999999,373,3,586.2399999999999,2,3,2,2,Hibernating,0.0
14730,2011-03-01,2011-03-08 12:49:00,2011-12-08 14:39:00,8,1897.5700000000002,1,8,1897.5700000000002,5,4,4,4,Champions,1897.57
14731,2011-05-01,2011-05-11 13:06:00,2011-10-23 15:54:00,3,380.02,47,3,380.02,4,3,2,2,New & Promising,380.02
14732,2009-12-01,2009-12-09 10:48:00,2011-12-01 14:34:00,19,5517.07,8,19,5517.07,5,5,5,5,Champions,2702.49
14733,2010-11-01,2010-11-02 15:42:00,2011-11-23 15:39:00,15,14335.15,16,15,14335.15,5,5,5,5,Champions,7755.89
14734,2010-06-01,2010-06-06 15:15:00,2010-10-10 12:04:00,4,1056.4199999999998,425,4,1056.4199999999998,1,3,3,3,At Risk,0.0
14735,2009-12-01,2009-12-04 11:32:00,2011-12-06 12:09:00,55,12225.16,3,55,12225.16,5,5,5,5,Champions,6050.69
14736,2010-08-01,2010-08-11 15:13:00,2010-08-11 15:21:00,2,374.05000000000007,485,2,374.05000000000007,1,2,2,2,Lost,0.0
14737,2010-11-01,2010-11-04 11:29:00,2011-12-06 10:16:00,4,3554.17,3,4,3554.17,5,3,5,4,Champions,1164.55
14738,2009-12-01,2009-12-07 10:21:00,2011-10-28 08:56:00,9,1821.9,42,9,1821.9,4,5,4,4,Champions,1314.45
14739,2009-12-01,2009-12-02 13:23:00,2011-12-05 16:54:00,25,11573.619999999999,4,25,11573.619999999999,5,5,5,5,Champions,3188.4
14740,2010-02-01,2010-02-25 11:40:00,2011-05-26 18:17:00,11,4161.06,197,11,4161.06,2,5,5,5,At Risk – High Value,1448.21
14741,2010-10-01,2010-10-18 09:33:00,2011-11-28 08:48:00,7,1713.09,11,7,1713.09,5,4,4,4,Champions,1215.8400000000001
14742,2010-09-01,2010-09-30 14:07:00,2010-09-30 14:07:00,1,579.8499999999997,435,1,579.8499999999997,1,1,2,2,Lost,0.0
14743,2010-04-01,2010-04-26 10:26:00,2010-04-26 10:26:00,1,50.48,592,1,50.48,1,1,1,1,Lost,0.0
14744,2010-05-01,2010-05-18 14:06:00,2011-11-23 12:51:00,14,3660.08,16,14,3660.08,5,5,5,5,Champions,874.98
14745,2010-03-01,2010-03-12 10:33:00,2011-08-19 10:05:00,12,2551.41,112,12,2551.41,3,5,4,4,Loyal,1220.26
14746,2010-10-01,2010-10-12 11:06:00,2010-10-29 14:44:00,4,593.5,406,4,593.5,2,3,2,2,Hibernating,0.0
14747,2011-04-01,2011-04-04 14:09:00,2011-04-04 14:09:00,1,328.2,249,1,328.2,2,1,2,2,Hibernating,328.2
14748,2010-03-01,2010-03-04 17:08:00,2011-11-10 18:33:00,10,2681.9,29,10,2681.9,4,5,4,4,Champions,945.33
14749,2010-08-01,2010-08-17 12:36:00,2010-08-17 12:36:00,1,310.15,479,1,310.15,1,1,2,2,Lost,0.0
14750,2009-12-01,2009-12-03 17:57:00,2009-12-03 17:57:00,1,112.03000000000002,736,1,112.03000000000002,1,1,1,1,Lost,0.0
14751,2009-12-01,2009-12-13 14:08:00,2010-01-24 13:37:00,2,126.45,684,2,126.45,1,2,1,2,Lost,0.0
14752,2011-10-01,2011-10-27 11:55:00,2011-10-27 11:55:00,1,389.63999999999993,43,1,389.63999999999993,4,1,2,2,New & Promising,389.63999999999993
14753,2010-09-01,2010-09-05 11:04:00,2011-09-13 14:50:00,2,869.51,87,2,869.51,3,2,3,2,Need Attention,563.15
14754,2010-01-01,2010-01-18 11:04:00,2011-10-26 12:01:00,6,1547.9299999999998,44,6,1547.9299999999998,4,4,4,4,Champions,638.05
14755,2009-12-01,2009-12-03 16:51:00,2011-11-30 11:24:00,25,9972.55,9,25,9972.55,5,5,5,5,Champions,5010.280000000001
14756,2010-10-01,2010-10-11 11:50:00,2011-11-24 18:13:00,3,2603.7599999999993,15,3,2603.7599999999993,5,3,4,4,Champions,738.9599999999998
14757,2011-09-01,2011-09-25 14:36:00,2011-09-25 14:36:00,1,420.5,75,1,420.5,3,1,2,2,Need Attention,420.5
14758,2010-04-01,2010-04-08 08:27:00,2011-07-18 08:21:00,7,2864.97,144,7,2864.97,3,4,4,4,Loyal,1484.0600000000002
14759,2011-04-01,2011-04-21 10:55:00,2011-12-05 12:03:00,3,1625.9700000000003,4,3,1625.9700000000003,5,3,4,4,Champions,1625.97
14760,2011-02-01,2011-02-15 16:27:00,2011-02-15 16:27:00,1,89.2,297,1,89.2,2,1,1,1,Hibernating,89.2
14761,2010-09-01,2010-09-21 14:22:00,2011-10-12 12:10:00,3,447.91999999999996,58,3,447.91999999999996,4,3,2,2,New & Promising,255.89999999999998
14762,2010-03-01,2010-03-23 15:36:00,2011-03-21 08:20:00,2,417.56999999999994,263,2,417.56999999999994,2,2,2,2,Hibernating,300.52
14764,2011-10-01,2011-10-24 11:54:00,2011-10-24 11:54:00,1,278.3,46,1,278.3,4,1,1,1,New & Promising,278.3
14765,2011-06-01,2011-06-16 19:49:00,2011-11-10 19:53:00,3,254.10999999999999,29,3,254.10999999999999,4,3,1,2,New & Promising,254.10999999999999
14766,2010-06-01,2010-06-06 11:11:00,2011-12-01 16:05:00,11,6375.73,8,11,6375.73,5,5,5,5,Champions,2292.9700000000003
14767,2010-08-01,2010-08-22 14:54:00,2010-08-22 14:54:00,1,382.80999999999995,474,1,382.80999999999995,1,1,2,2,Lost,0.0
14768,2011-08-01,2011-08-04 13:25:00,2011-11-22 12:54:00,2,192.60000000000002,17,2,192.60000000000002,5,2,1,2,New & Promising,192.60000000000002
14769,2009-12-01,2009-12-16 09:17:00,2011-12-07 10:24:00,17,15512.46,2,17,15512.46,5,5,5,5,Champions,10415.329999999998
14770,2010-02-01,2010-02-25 18:58:00,2011-04-21 14:21:00,8,3637.6400000000003,232,8,3637.6400000000003,2,4,5,4,At Risk – High Value,876.4200000000001
14771,2009-12-01,2009-12-03 09:44:00,2010-03-28 12:52:00,2,594.62,621,2,594.62,1,2,2,2,Lost,0.0
14772,2011-08-01,2011-08-19 15:04:00,2011-08-19 15:04:00,1,139.26,112,1,139.26,3,1,1,1,Need Attention,139.26
14773,2010-04-01,2010-04-26 10:29:00,2010-04-26 10:29:00,1,140.55,592,1,140.55,1,1,1,1,Lost,0.0
14774,2010-06-01,2010-06-29 12:26:00,2010-06-29 12:26:00,1,241.45,528,1,241.45,1,1,1,1,Lost,0.0
14775,2010-12-01,2010-12-02 16:38:00,2011-10-12 15:27:00,3,1011.9000000000001,58,3,1011.9000000000001,4,3,3,3,Loyal,605.34
14776,2010-09-01,2010-09-19 14:12:00,2011-10-19 15:34:00,15,3708.2999999999997,51,15,3708.2999999999997,4,5,5,5,Champions,2538.2999999999997
14777,2010-11-01,2010-11-01 12:50:00,2010-11-01 12:50:00,1,307.55999999999995,403,1,307.55999999999995,2,1,2,2,Hibernating,0.0
14778,2011-02-01,2011-02-04 11:43:00,2011-08-04 15:23:00,2,730.86,127,2,730.86,3,2,3,2,Need Attention,730.86
14779,2011-01-01,2011-01-20 12:04:00,2011-03-04 12:42:00,3,386.15,280,3,386.15,2,3,2,2,Hibernating,386.15
14780,2011-09-01,2011-09-21 15:15:00,2011-10-16 12:46:00,2,447.6799999999999,54,2,447.6799999999999,4,2,2,2,New & Promising,447.6799999999999
14782,2011-01-01,2011-01-24 11:12:00,2011-01-24 11:12:00,1,200.10000000000002,319,1,200.10000000000002,2,1,1,1,Hibernating,200.10000000000002
14783,2010-02-01,2010-02-18 16:16:00,2010-02-18 16:16:00,1,307.3,659,1,307.3,1,1,2,2,Lost,0.0
14784,2010-11-01,2010-11-15 09:49:00,2011-11-13 13:30:00,3,449.93,26,3,449.93,4,3,2,2,New & Promising,289.99
14785,2011-11-01,2011-11-24 13:40:00,2011-11-29 13:21:00,2,77.4,10,2,77.4,5,2,1,2,New & Promising,77.4
14786,2010-06-01,2010-06-07 13:42:00,2010-06-07 13:42:00,1,90.96000000000001,550,1,90.96000000000001,1,1,1,1,Lost,0.0
14787,2010-08-01,2010-08-25 14:38:00,2010-08-25 14:38:00,1,110.64999999999999,471,1,110.64999999999999,1,1,1,1,Lost,0.0
14788,2010-04-01,2010-04-22 18:16:00,2011-12-02 17:06:00,3,1156.32,7,3,1156.32,5,3,3,3,Loyal,679.44
14789,2011-11-01,2011-11-11 08:59:00,2011-11-11 08:59:00,1,197.64000000000001,28,1,197.64000000000001,4,1,1,1,New & Promising,197.64000000000001
14790,2009-12-01,2009-12-11 14:37:00,2011-11-23 09:28:00,10,2526.62,16,10,2526.62,5,5,4,4,Champions,745.06
14791,2010-04-01,2010-04-12 10:24:00,2010-04-12 10:24:00,1,303.63,606,1,303.63,1,1,2,2,Lost,0.0
14792,2011-10-01,2011-10-07 09:19:00,2011-10-07 09:19:00,1,6.2,63,1,6.2,3,1,1,1,Need Attention,6.2
14793,2010-06-01,2010-06-22 16:54:00,2011-11-18 14:50:00,2,625.9000000000001,21,2,625.9000000000001,4,2,3,2,New & Promising,228.99
14794,2010-08-01,2010-08-09 15:44:00,2011-12-07 10:11:00,10,1953.9,2,10,1953.9,5,5,4,4,Champions,1319.9099999999999
14795,2011-06-01,2011-06-26 13:04:00,2011-06-26 13:04:00,1,131.45,166,1,131.45,3,1,1,1,Need Attention,131.45
14796,2009-12-01,2009-12-14 15:06:00,2011-12-08 15:31:00,27,10167.77,1,27,10167.77,5,5,5,5,Champions,7302.72
14797,2010-07-01,2010-07-20 14:07:00,2010-07-20 14:07:00,1,300.31,507,1,300.31,1,1,2,2,Lost,0.0
14798,2010-03-01,2010-03-01 08:38:00,2011-10-18 10:58:00,8,724.3100000000001,52,8,724.3100000000001,4,4,3,4,Champions,173.74
14799,2009-12-01,2009-12-02 11:18:00,2011-10-19 16:16:00,2,338.15,51,2,338.15,4,2,2,2,New & Promising,157.7
14800,2010-09-01,2010-09-30 14:38:00,2011-10-23 12:46:00,17,7180.08,47,17,7180.08,4,5,5,5,Champions,3775.95
14801,2011-10-01,2011-10-09 15:24:00,2011-10-09 15:24:00,1,189.3399999999999,61,1,189.3399999999999,3,1,1,1,Need Attention,189.3399999999999
14803,2011-02-01,2011-02-20 13:21:00,2011-06-30 13:58:00,3,845.5500000000001,162,3,845.5500000000001,3,3,3,3,Loyal,845.5500000000001
14804,2011-12-01,2011-12-01 11:20:00,2011-12-01 11:20:00,1,353.2699999999999,8,1,353.2699999999999,5,1,2,2,New & Promising,353.2699999999999
14805,2010-03-01,2010-03-28 12:34:00,2011-11-24 16:20:00,7,1082.5500000000002,15,7,1082.5500000000002,5,4,3,4,Champions,546.4
14806,2010-09-01,2010-09-26 15:50:00,2011-09-25 15:32:00,2,303.43000000000006,75,2,303.43000000000006,3,2,2,2,Need Attention,193.39000000000004
14807,2010-02-01,2010-02-28 11:33:00,2010-11-14 12:47:00,2,504.14,390,2,504.14,2,2,2,2,Hibernating,0.0
14808,2011-06-01,2011-06-20 12:53:00,2011-10-31 12:21:00,8,2718.5999999999995,39,8,2718.5999999999995,4,4,4,4,Champions,2718.5999999999995
14809,2010-03-01,2010-03-28 15:42:00,2010-03-28 15:44:00,2,686.76,621,2,686.76,1,2,3,2,Lost,0.0
14810,2010-10-01,2010-10-06 13:12:00,2011-10-30 11:19:00,13,2354.0299999999997,40,13,2354.0299999999997,4,5,4,4,Champions,1907.44
14811,2010-11-01,2010-11-17 13:09:00,2010-11-17 13:09:00,1,170.50000000000006,387,1,170.50000000000006,2,1,1,1,Hibernating,0.0
14812,2010-04-01,2010-04-20 12:13:00,2010-04-20 12:13:00,1,178.85000000000005,598,1,178.85000000000005,1,1,1,1,Lost,0.0
14813,2010-04-01,2010-04-08 11:49:00,2010-12-05 11:57:00,4,888.9099999999996,369,4,888.9099999999996,2,3,3,3,At Risk,0.0
14814,2010-05-01,2010-05-07 14:10:00,2010-05-07 14:10:00,1,152.96,581,1,152.96,1,1,1,1,Lost,0.0
14815,2011-10-01,2011-10-03 11:36:00,2011-11-03 11:36:00,2,778.5,36,2,778.5,4,2,3,2,New & Promising,778.5
14816,2011-05-01,2011-05-26 13:16:00,2011-05-26 13:16:00,1,271.85,197,1,271.85,2,1,1,1,Hibernating,271.85
14817,2010-03-01,2010-03-22 12:10:00,2011-05-23 13:35:00,7,3609.8599999999997,200,7,3609.8599999999997,2,4,5,4,At Risk – High Value,1010.34
14818,2010-03-01,2010-03-02 12:48:00,2011-09-27 11:01:00,6,1153.56,73,6,1153.56,3,4,3,4,Loyal,657.8
14819,2009-12-01,2009-12-21 15:54:00,2011-10-06 13:41:00,4,456.41,64,4,456.41,3,3,2,2,Need Attention,272.07
14820,2010-01-01,2010-01-31 12:49:00,2011-11-18 15:41:00,9,1274.7600000000002,21,9,1274.7600000000002,4,5,4,4,Champions,507.29
14821,2010-02-01,2010-02-01 13:33:00,2010-12-08 08:43:00,7,1230.15,366,7,1230.15,2,4,4,4,At Risk – High Value,0.0
14822,2010-08-01,2010-08-11 12:52:00,2010-08-11 12:52:00,1,157.70000000000002,485,1,157.70000000000002,1,1,1,1,Lost,0.0
14823,2011-05-01,2011-05-29 12:48:00,2011-06-12 13:12:00,3,321.43,180,3,321.43,3,3,2,2,Need Attention,321.43
14824,2010-03-01,2010-03-12 13:07:00,2011-11-29 14:20:00,10,4022.9100000000008,10,10,4022.9100000000008,5,5,5,5,Champions,1127.71
14825,2010-04-01,2010-04-06 14:14:00,2011-12-06 11:38:00,24,4735.08,3,24,4735.08,5,5,5,5,Champions,2036.91
14826,2010-01-01,2010-01-13 13:08:00,2010-05-07 09:00:00,2,385.20000000000005,581,2,385.20000000000005,1,2,2,2,Lost,0.0
14828,2009-12-01,2009-12-07 11:19:00,2011-05-27 10:16:00,13,9839.460000000001,196,13,9839.460000000001,2,5,5,5,At Risk – High Value,2139.76
14829,2010-09-01,2010-09-29 13:14:00,2011-11-10 16:16:00,7,1455.87,29,7,1455.87,4,4,4,4,Champions,460.58000000000004
14830,2011-10-01,2011-10-17 14:29:00,2011-10-17 14:29:00,1,188.03,53,1,188.03,4,1,1,1,New & Promising,188.03
14831,2009-12-01,2009-12-02 09:21:00,2010-01-28 14:31:00,3,1676.5700000000002,680,3,1676.5700000000002,1,3,4,4,At Risk – High Value,0.0
14833,2010-07-01,2010-07-29 10:06:00,2010-07-29 10:06:00,1,94.8,498,1,94.8,1,1,1,1,Lost,0.0
14834,2010-10-01,2010-10-28 17:37:00,2011-11-22 10:30:00,7,2206.16,17,7,2206.16,5,4,4,4,Champions,1720.3
14835,2010-04-01,2010-04-01 19:34:00,2010-06-29 10:08:00,2,297.0,528,2,297.0,1,2,2,2,Lost,0.0
14836,2011-11-01,2011-11-09 13:26:00,2011-11-29 16:45:00,3,102.44999999999999,10,3,102.44999999999999,5,3,1,2,New & Promising,102.44999999999999
14837,2010-01-01,2010-01-24 10:20:00,2011-09-11 10:58:00,9,3460.3199999999997,89,9,3460.3199999999997,3,5,5,5,Loyal,1649.5
14838,2009-12-01,2009-12-03 09:52:00,2010-10-12 15:46:00,2,769.92,423,2,769.92,1,2,3,2,Lost,0.0
14839,2010-01-01,2010-01-04 16:29:00,2010-10-17 13:01:00,3,915.28,418,3,915.28,1,3,3,3,At Risk,0.0
14840,2010-06-01,2010-06-18 15:42:00,2011-03-17 12:00:00,2,362.71,267,2,362.71,2,2,2,2,Hibernating,62.85
14841,2009-12-01,2009-12-02 16:49:00,2011-10-17 15:03:00,14,7162.999999999999,53,14,7162.999999999999,4,5,5,5,Champions,3295.76
14842,2011-02-01,2011-02-04 15:32:00,2011-10-27 12:37:00,4,2824.6900000000005,43,4,2824.6900000000005,4,3,4,4,Champions,2824.6900000000005
14843,2010-09-01,2010-09-29 12:39:00,2010-09-29 12:39:00,1,211.79999999999995,436,1,211.79999999999995,1,1,1,1,Lost,0.0
14844,2010-04-01,2010-04-12 12:50:00,2011-10-07 10:41:00,10,6702.43,63,10,6702.43,3,5,5,5,Loyal,3189.810000000001
14845,2010-04-01,2010-04-19 10:19:00,2010-04-19 10:19:00,1,150.0,599,1,150.0,1,1,1,1,Lost,0.0
14846,2010-10-01,2010-10-08 17:07:00,2010-10-08 17:07:00,1,437.4,427,1,437.4,1,1,2,2,Lost,0.0
14847,2010-05-01,2010-05-24 12:29:00,2011-07-14 10:52:00,3,1348.95,148,3,1348.95,3,3,4,4,Loyal,309.4
14848,2010-10-01,2010-10-31 12:22:00,2010-10-31 12:22:00,1,310.56,404,1,310.56,2,1,2,2,Hibernating,0.0
14849,2010-01-01,2010-01-10 11:40:00,2011-11-18 10:58:00,43,15407.61,21,43,15407.61,4,5,5,5,Champions,7574.7
14850,2010-05-01,2010-05-20 13:28:00,2011-02-01 11:21:00,7,1770.9599999999998,311,7,1770.9599999999998,2,4,4,4,At Risk – High Value,325.75
14851,2010-03-01,2010-03-19 11:52:00,2011-11-16 14:20:00,3,829.41,23,3,829.41,4,3,3,3,Loyal,511.34999999999997
14852,2010-03-01,2010-03-05 14:51:00,2011-10-12 13:20:00,18,6132.43,58,18,6132.43,4,5,5,5,Champions,2836.6900000000005
14853,2010-04-01,2010-04-13 09:26:00,2011-11-15 16:56:00,5,1376.87,24,5,1376.87,4,4,4,4,Champions,475.8
14854,2010-01-01,2010-01-22 09:48:00,2011-09-22 17:00:00,11,4303.0599999999995,78,11,4303.0599999999995,3,5,5,5,Loyal,2740.03
14855,2010-04-01,2010-04-08 10:30:00,2011-08-12 14:02:00,7,6520.300000000001,119,7,6520.300000000001,3,4,5,4,Loyal,645.65
14856,2011-10-01,2011-10-14 09:35:00,2011-11-03 14:53:00,3,1290.53,36,3,1290.53,4,3,4,4,Champions,1290.53
14857,2010-03-01,2010-03-15 11:00:00,2011-10-11 09:23:00,7,3651.85,59,7,3651.85,3,4,5,4,Loyal,1173.12
14858,2010-07-01,2010-07-22 10:51:00,2010-07-22 10:51:00,1,180.75,505,1,180.75,1,1,1,1,Lost,0.0
14859,2010-06-01,2010-06-03 10:26:00,2011-11-27 11:18:00,5,1705.6399999999999,12,5,1705.6399999999999,5,4,4,4,Champions,1353.7399999999998
14860,2011-11-01,2011-11-20 14:17:00,2011-11-20 14:17:00,1,170.32000000000002,19,1,170.32000000000002,5,1,1,1,New & Promising,170.32000000000002
14861,2009-12-01,2009-12-08 12:12:00,2011-10-18 12:54:00,10,1380.73,52,10,1380.73,4,5,4,4,Champions,125.79000000000002
14862,2011-07-01,2011-07-14 11:20:00,2011-11-14 10:01:00,2,841.2,25,2,841.2,4,2,3,2,New & Promising,841.2
14863,2011-11-01,2011-11-10 15:04:00,2011-11-10 15:04:00,1,266.76,29,1,266.76,4,1,1,1,New & Promising,266.76
14865,2009-12-01,2009-12-01 16:05:00,2011-12-02 16:25:00,4,92.52000000000001,7,4,92.52000000000001,5,3,1,2,New & Promising,15.0
14866,2010-09-01,2010-09-21 15:14:00,2011-11-29 11:45:00,17,20700.04,10,17,20700.04,5,5,5,5,Champions,14249.72
14867,2009-12-01,2009-12-05 15:47:00,2011-06-07 11:39:00,16,2952.06,185,16,2952.06,3,5,5,5,Loyal,710.28
14868,2010-10-01,2010-10-15 14:52:00,2011-12-06 14:49:00,12,4184.01,3,12,4184.01,5,5,5,5,Champions,2953.59
14869,2009-12-01,2009-12-16 11:43:00,2011-12-01 12:36:00,6,2778.14,8,6,2778.14,5,4,4,4,Champions,721.4499999999998
14870,2010-01-01,2010-01-25 09:05:00,2011-03-23 10:51:00,6,1838.95,261,6,1838.95,2,4,4,4,At Risk – High Value,327.24999999999994
14871,2009-12-01,2009-12-01 11:57:00,2011-12-06 13:42:00,9,1228.17,3,9,1228.17,5,5,4,4,Champions,501.28000000000003
14872,2010-03-01,2010-03-16 14:41:00,2010-08-13 12:34:00,3,816.5999999999999,483,3,816.5999999999999,1,3,3,3,At Risk,0.0
14873,2010-03-01,2010-03-16 10:51:00,2011-05-13 13:52:00,2,854.13,210,2,854.13,2,2,3,2,Hibernating,519.68
14874,2010-06-01,2010-06-22 14:58:00,2010-06-22 14:58:00,1,116.18,535,1,116.18,1,1,1,1,Lost,0.0
14875,2010-09-01,2010-09-24 10:28:00,2011-08-24 12:20:00,3,2862.3999999999996,107,3,2862.3999999999996,3,3,4,4,Loyal,1465.3199999999997
14876,2010-05-01,2010-05-27 13:49:00,2010-07-06 14:57:00,2,256.70000000000005,521,2,256.70000000000005,1,2,1,2,Lost,0.0
14877,2010-03-01,2010-03-07 12:25:00,2010-10-17 13:09:00,2,425.85,418,2,425.85,1,2,2,2,Lost,0.0
14878,2010-02-01,2010-02-21 11:14:00,2011-11-27 11:15:00,25,4076.4999999999995,12,25,4076.4999999999995,5,5,5,5,Champions,1476.0900000000001
14879,2010-01-01,2010-01-24 11:35:00,2010-01-24 11:35:00,1,185.06000000000003,684,1,185.06000000000003,1,1,1,1,Lost,0.0
14880,2011-02-01,2011-02-24 12:27:00,2011-09-23 13:42:00,3,690.5899999999999,77,3,690.5899999999999,3,3,3,3,Loyal,690.59
14881,2011-11-01,2011-11-20 11:06:00,2011-11-20 11:06:00,1,255.4,19,1,255.4,5,1,1,1,New & Promising,255.4
14882,2010-03-01,2010-03-30 15:02:00,2011-11-13 12:47:00,14,3546.65,26,14,3546.65,4,5,5,5,Champions,589.7
14883,2011-05-01,2011-05-12 09:49:00,2011-11-21 10:23:00,6,761.59,18,6,761.59,5,4,3,4,Champions,761.59
14884,2010-02-01,2010-02-08 12:56:00,2010-02-08 12:56:00,1,120.6,669,1,120.6,1,1,1,1,Lost,0.0
14885,2010-08-01,2010-08-31 10:11:00,2011-07-31 12:05:00,3,1598.12,131,3,1598.12,3,3,4,4,Loyal,765.3199999999999
14886,2011-04-01,2011-04-01 08:56:00,2011-04-01 08:56:00,1,364.80000000000007,252,1,364.80000000000007,2,1,2,2,Hibernating,364.80000000000007
14887,2011-09-01,2011-09-21 15:32:00,2011-09-21 15:32:00,1,1862.0,79,1,1862.0,3,1,4,2,Need Attention,1862.0
14888,2011-05-01,2011-05-16 14:58:00,2011-05-16 14:58:00,1,369.2,207,1,369.2,2,1,2,2,Hibernating,369.2
14889,2011-01-01,2011-01-07 15:19:00,2011-01-07 15:19:00,1,135.9,336,1,135.9,2,1,1,1,Hibernating,135.9
14890,2010-02-01,2010-02-18 09:00:00,2011-03-31 11:57:00,3,817.2500000000001,253,3,817.2500000000001,2,3,3,3,At Risk,125.65
14891,2010-09-01,2010-09-29 12:41:00,2011-07-14 18:08:00,4,1106.73,148,4,1106.73,3,3,3,3,Loyal,554.38
14892,2010-01-01,2010-01-18 08:58:00,2010-01-18 08:58:00,1,202.35000000000002,690,1,202.35000000000002,1,1,1,1,Lost,0.0
14893,2010-04-01,2010-04-01 09:03:00,2011-11-30 12:31:00,3,1809.6100000000004,9,3,1809.6100000000004,5,3,4,4,Champions,1237.8500000000004
14894,2009-12-01,2009-12-02 10:42:00,2011-09-15 13:51:00,3,1492.81,85,3,1492.81,3,3,4,4,Loyal,655.7499999999999
14895,2009-12-01,2009-12-10 14:22:00,2011-12-02 09:23:00,38,25119.54,7,38,25119.54,5,5,5,5,Champions,11138.710000000001
14896,2009-12-01,2009-12-06 12:42:00,2011-05-19 10:20:00,8,1825.9999999999998,204,8,1825.9999999999998,2,4,4,4,At Risk – High Value,211.54999999999998
14897,2009-12-01,2009-12-15 17:05:00,2011-12-02 10:32:00,8,3140.54,7,8,3140.54,5,4,5,4,Champions,1366.38
14898,2009-12-01,2009-12-03 16:40:00,2011-11-16 14:54:00,14,3365.9499999999994,23,14,3365.9499999999994,4,5,5,5,Champions,1170.81
14899,2010-11-01,2010-11-09 15:20:00,2010-11-09 15:20:00,1,1331.3799999999999,395,1,1331.3799999999999,2,1,4,2,Hibernating,0.0
14900,2010-07-01,2010-07-05 15:09:00,2010-07-05 15:09:00,1,13.919999999999998,522,1,13.919999999999998,1,1,1,1,Lost,0.0
14901,2010-07-01,2010-07-29 11:11:00,2011-11-28 17:09:00,12,1919.0,11,12,1919.0,5,5,4,4,Champions,1058.8899999999999
14902,2010-06-01,2010-06-04 12:35:00,2011-11-14 10:34:00,3,1035.62,25,3,1035.62,4,3,3,3,Loyal,332.66
14903,2011-03-01,2011-03-06 11:50:00,2011-11-18 16:07:00,5,2795.33,21,5,2795.33,4,4,4,4,Champions,2795.33
14904,2010-10-01,2010-10-08 12:48:00,2011-12-07 12:55:00,4,1630.4900000000002,2,4,1630.4900000000002,5,3,4,4,Champions,1025.44
14905,2009-12-01,2009-12-03 14:36:00,2011-07-05 12:41:00,8,1971.39,157,8,1971.39,3,4,4,4,Loyal,616.15
14907,2010-04-01,2010-04-16 13:40:00,2011-12-06 14:14:00,16,5547.72,3,16,5547.72,5,5,5,5,Champions,2883.03
14908,2010-09-01,2010-09-02 16:39:00,2011-09-26 12:56:00,2,381.9,74,2,381.9,3,2,2,2,Need Attention,277.79999999999995
14909,2010-02-01,2010-02-14 15:47:00,2010-09-28 16:56:00,3,1404.6799999999998,437,3,1404.6799999999998,1,3,4,4,At Risk – High Value,0.0
14910,2011-10-01,2011-10-16 11:06:00,2011-12-07 10:06:00,4,434.35,2,4,434.35,5,3,2,2,New & Promising,434.34999999999997
14911,2009-12-01,2009-12-01 11:41:00,2011-12-08 15:54:00,373,272252.79000000015,1,373,272252.79000000015,5,5,5,5,Champions,131900.25
14912,2010-04-01,2010-04-28 09:41:00,2011-11-23 09:20:00,5,1849.58,16,5,1849.58,5,4,4,4,Champions,867.8499999999999
14913,2010-08-01,2010-08-11 08:40:00,2011-11-04 08:29:00,8,4073.130000000001,35,8,4073.130000000001,4,4,5,4,Champions,1227.43
14915,2009-12-01,2009-12-03 10:17:00,2011-09-09 13:34:00,11,1811.25,91,11,1811.25,3,5,4,4,Loyal,307.48
14916,2010-04-01,2010-04-01 10:57:00,2011-09-30 09:20:00,8,3042.9500000000003,70,8,3042.9500000000003,3,4,5,4,Loyal,1268.98
14917,2010-04-01,2010-04-22 09:44:00,2010-04-22 11:28:00,2,1123.75,596,2,1123.75,1,2,3,2,Lost,0.0
14918,2010-04-01,2010-04-08 11:18:00,2011-08-16 11:50:00,9,5955.81,115,9,5955.81,3,5,5,5,Loyal,1610.15
14919,2010-06-01,2010-06-18 13:06:00,2010-06-18 13:06:00,1,359.34999999999997,539,1,359.34999999999997,1,1,2,2,Lost,0.0
14920,2010-05-01,2010-05-23 15:25:00,2011-05-11 10:32:00,3,1607.17,212,3,1607.17,2,3,4,4,At Risk – High Value,977.77
14921,2011-05-01,2011-05-22 12:51:00,2011-11-09 13:17:00,2,1316.0700000000002,30,2,1316.0700000000002,4,2,4,3,Loyal,1316.0700000000002
14922,2010-07-01,2010-07-20 09:45:00,2010-11-11 11:14:00,2,843.74,393,2,843.74,2,2,3,2,Hibernating,0.0
14923,2011-10-01,2011-10-20 11:51:00,2011-10-20 11:51:00,1,749.0999999999998,50,1,749.0999999999998,4,1,3,2,New & Promising,749.0999999999998
14924,2010-03-01,2010-03-10 12:51:00,2011-04-08 09:25:00,3,931.01,245,3,931.01,2,3,3,3,At Risk,310.05
14926,2010-04-01,2010-04-20 09:59:00,2010-11-23 07:13:00,2,359.4,381,2,359.4,2,2,2,2,Hibernating,0.0
14927,2010-11-01,2010-11-08 12:30:00,2010-11-08 12:30:00,1,308.19999999999993,396,1,308.19999999999993,2,1,2,2,Hibernating,0.0
14928,2010-03-01,2010-03-22 09:14:00,2010-03-22 09:14:00,1,223.91,627,1,223.91,1,1,1,1,Lost,0.0
14929,2010-10-01,2010-10-14 12:22:00,2011-11-07 17:21:00,2,836.69,32,2,836.69,4,2,3,2,New & Promising,223.88
14930,2010-04-01,2010-04-12 11:22:00,2011-08-23 10:31:00,6,5236.73,108,6,5236.73,3,4,5,4,Loyal,2362.9599999999996
14931,2011-04-01,2011-04-13 09:32:00,2011-12-05 10:19:00,4,864.6800000000001,4,4,864.6800000000001,5,3,3,3,Loyal,864.6800000000001
14932,2010-11-01,2010-11-19 09:16:00,2010-12-09 11:48:00,2,566.13,365,2,566.13,2,2,2,2,Hibernating,0.0
14933,2010-09-01,2010-09-21 17:29:00,2010-09-22 10:47:00,4,1770.0,443,4,1770.0,1,3,4,4,At Risk – High Value,0.0
14934,2010-09-01,2010-09-24 12:08:00,2011-09-19 10:10:00,5,3403.500000000001,81,5,3403.500000000001,3,4,5,4,Loyal,1890.9400000000005
14935,2010-03-01,2010-03-30 11:48:00,2011-02-15 14:44:00,2,2849.8299999999995,297,2,2849.8299999999995,2,2,4,3,At Risk,1784.7099999999998
14936,2010-05-01,2010-05-05 12:26:00,2011-11-06 10:30:00,12,12410.810000000001,33,12,12410.810000000001,4,5,5,5,Champions,8137.02
14937,2011-08-01,2011-08-01 14:16:00,2011-10-14 12:29:00,3,1621.88,56,3,1621.88,4,3,4,4,Champions,1621.88
14938,2010-05-01,2010-05-26 13:35:00,2010-05-26 13:38:00,2,2322.43,562,2,2322.43,1,2,4,3,At Risk,0.0
14940,2009-12-01,2009-12-06 15:46:00,2010-10-18 10:47:00,2,531.49,417,2,531.49,1,2,2,2,Lost,0.0
14941,2010-05-01,2010-05-10 11:30:00,2010-05-10 11:30:00,1,182.09999999999997,578,1,182.09999999999997,1,1,1,1,Lost,0.0
14942,2009-12-01,2009-12-10 10:32:00,2010-11-03 10:51:00,4,746.56,401,4,746.56,2,3,3,3,At Risk,0.0
14943,2010-02-01,2010-02-14 16:04:00,2010-02-14 16:04:00,1,107.62,663,1,107.62,1,1,1,1,Lost,0.0
14944,2010-02-01,2010-02-17 08:47:00,2011-11-10 09:10:00,19,9684.67,29,19,9684.67,4,5,5,5,Champions,5900.25
14945,2010-10-01,2010-10-22 11:26:00,2010-10-22 11:26:00,1,179.39999999999998,413,1,179.39999999999998,1,1,1,1,Lost,0.0
14946,2011-11-01,2011-11-25 13:33:00,2011-11-25 13:33:00,1,100.9,14,1,100.9,5,1,1,1,New & Promising,100.9
14947,2010-03-01,2010-03-25 11:29:00,2011-09-28 15:48:00,6,1049.79,72,6,1049.79,3,4,3,4,Loyal,290.82
14948,2011-05-01,2011-05-04 14:52:00,2011-11-16 17:16:00,6,1101.9699999999998,23,6,1101.9699999999998,4,4,3,4,Champions,1101.97
14949,2009-12-01,2009-12-18 15:28:00,2010-08-27 15:38:00,4,515.0,469,4,515.0,1,3,2,2,Lost,0.0
14950,2011-11-01,2011-11-20 13:48:00,2011-11-20 13:48:00,1,371.2,19,1,371.2,5,1,2,2,New & Promising,371.2
14951,2011-09-01,2011-09-21 15:15:00,2011-09-21 15:15:00,1,311.69000000000005,79,1,311.69000000000005,3,1,2,2,Need Attention,311.69000000000005
14952,2009-12-01,2009-12-03 15:34:00,2011-10-11 10:33:00,32,17629.35,59,32,17629.35,3,5,5,5,Loyal,8099.49
14953,2010-09-01,2010-09-30 12:16:00,2011-11-14 14:59:00,4,968.8199999999999,25,4,968.8199999999999,4,3,3,3,Loyal,285.66999999999996
14954,2010-01-01,2010-01-05 16:38:00,2011-11-27 14:30:00,2,462.11999999999995,12,2,462.11999999999995,5,2,2,2,New & Promising,294.8499999999999
14955,2009-12-01,2009-12-07 11:35:00,2009-12-07 11:35:00,1,163.76999999999998,732,1,163.76999999999998,1,1,1,1,Lost,0.0
14956,2010-10-01,2010-10-14 16:40:00,2010-10-14 16:40:00,1,1325.0,421,1,1325.0,1,1,4,2,Lost,0.0
14957,2010-03-01,2010-03-05 10:50:00,2011-03-31 17:59:00,2,261.69,253,2,261.69,2,2,1,2,Hibernating,58.49000000000001
14958,2009-12-01,2009-12-03 16:02:00,2011-07-15 14:20:00,6,941.99,147,6,941.99,3,4,3,4,Loyal,483.72999999999996
14959,2011-02-01,2011-02-16 13:00:00,2011-10-06 18:23:00,4,695.4200000000001,64,4,695.4200000000001,3,3,3,3,Loyal,695.4200000000001
14960,2011-06-01,2011-06-21 13:38:00,2011-12-01 12:54:00,2,221.27000000000004,8,2,221.27000000000004,5,2,1,2,New & Promising,221.27000000000004
14961,2009-12-01,2009-12-04 11:32:00,2011-11-29 09:42:00,22,16410.15,10,22,16410.15,5,5,5,5,Champions,7044.68
14962,2010-05-01,2010-05-04 14:57:00,2011-03-14 09:42:00,4,366.91,270,4,366.91,2,3,2,2,Hibernating,126.70000000000002
14963,2010-07-01,2010-07-02 12:43:00,2011-11-30 12:16:00,12,3123.5699999999997,9,12,3123.5699999999997,5,5,5,5,Champions,1472.34
14964,2011-04-01,2011-04-06 14:13:00,2011-04-06 14:13:00,1,206.21,247,1,206.21,2,1,1,1,Hibernating,206.21
14965,2011-09-01,2011-09-04 13:15:00,2011-09-04 13:20:00,2,596.0899999999999,96,2,596.0899999999999,3,2,2,2,Need Attention,596.0899999999999
14966,2009-12-01,2009-12-15 13:48:00,2011-11-25 12:20:00,6,1064.26,14,6,1064.26,5,4,3,4,Champions,183.01999999999992
14967,2009-12-01,2009-12-03 14:07:00,2011-10-21 11:06:00,6,1982.61,49,6,1982.61,4,4,4,4,Champions,463.8
14968,2010-09-01,2010-09-07 13:28:00,2011-11-09 13:58:00,2,497.49,30,2,497.49,4,2,2,2,New & Promising,147.59
14969,2010-01-01,2010-01-05 12:43:00,2010-01-05 12:43:00,1,906.23,703,1,906.23,1,1,3,2,Lost,0.0
14970,2010-02-01,2010-02-14 13:37:00,2011-10-02 13:44:00,12,4919.35,68,12,4919.35,3,5,5,5,Loyal,1592.06
14971,2011-10-01,2011-10-27 13:33:00,2011-11-04 17:07:00,3,1097.9799999999998,35,3,1097.9799999999998,4,3,3,3,Loyal,1097.9799999999998
14972,2010-11-01,2010-11-23 16:17:00,2011-08-03 14:54:00,2,145.07000000000002,128,2,145.07000000000002,3,2,1,2,Need Attention,114.77000000000002
14973,2011-04-01,2011-04-28 12:22:00,2011-08-24 15:51:00,3,1314.45,107,3,1314.45,3,3,4,4,Loyal,1314.45
14974,2011-11-01,2011-11-02 13:01:00,2011-11-02 13:01:00,1,89.94,37,1,89.94,4,1,1,1,New & Promising,89.94
14975,2010-10-01,2010-10-14 14:11:00,2011-10-13 14:08:00,2,472.39,57,2,472.39,4,2,2,2,New & Promising,279.94
14976,2011-01-01,2011-01-17 11:09:00,2011-10-13 16:33:00,6,774.86,57,6,774.86,4,4,3,4,Champions,774.86
14977,2009-12-01,2009-12-14 10:37:00,2009-12-14 10:37:00,1,31.929999999999996,725,1,31.929999999999996,1,1,1,1,Lost,0.0
14978,2010-04-01,2010-04-28 10:50:00,2011-09-28 13:07:00,10,3112.1899999999996,72,10,3112.1899999999996,3,5,5,5,Loyal,1921.3699999999994
14979,2009-12-01,2009-12-04 12:54:00,2009-12-04 12:54:00,1,429.6599999999999,735,1,429.6599999999999,1,1,2,2,Lost,0.0
14980,2009-12-01,2009-12-02 14:09:00,2009-12-02 14:09:00,1,150.68,737,1,150.68,1,1,1,1,Lost,0.0
14981,2010-10-01,2010-10-12 11:04:00,2011-04-07 13:45:00,2,372.91999999999996,246,2,372.91999999999996,2,2,2,2,Hibernating,102.11999999999998
14982,2010-05-01,2010-05-16 15:52:00,2010-05-16 15:52:00,1,234.88,572,1,234.88,1,1,1,1,Lost,0.0
14983,2010-01-01,2010-01-19 17:32:00,2010-01-19 17:32:00,1,183.2000000000001,689,1,183.2000000000001,1,1,1,1,Lost,0.0
14984,2010-01-01,2010-01-11 13:22:00,2011-11-20 14:28:00,6,1260.51,19,6,1260.51,5,4,4,4,Champions,202.37
14985,2010-12-01,2010-12-16 19:51:00,2011-05-25 14:29:00,2,292.01,198,2,292.01,2,2,2,2,Hibernating,292.01
14986,2010-01-01,2010-01-24 15:54:00,2010-11-28 15:25:00,2,563.1,376,2,563.1,2,2,2,2,Hibernating,0.0
14987,2009-12-01,2009-12-02 14:56:00,2011-11-24 09:59:00,8,1550.65,15,8,1550.65,5,4,4,4,Champions,163.2
14988,2010-04-01,2010-04-16 13:34:00,2011-05-12 12:05:00,7,2038.65,211,7,2038.65,2,4,4,4,At Risk – High Value,334.54
14989,2010-02-01,2010-02-16 10:40:00,2010-02-16 10:40:00,1,342.40000000000003,661,1,342.40000000000003,1,1,2,2,Lost,0.0
14990,2009-12-01,2009-12-09 13:31:00,2010-04-06 13:54:00,2,304.16999999999996,612,2,304.16999999999996,1,2,2,2,Lost,0.0
14991,2010-10-01,2010-10-05 13:01:00,2010-10-05 13:01:00,1,314.66999999999996,430,1,314.66999999999996,1,1,2,2,Lost,0.0
14992,2010-09-01,2010-09-23 17:48:00,2010-09-23 17:48:00,1,210.49999999999997,442,1,210.49999999999997,1,1,1,1,Lost,0.0
14993,2010-05-01,2010-05-25 12:47:00,2010-05-25 12:47:00,1,36.129999999999995,563,1,36.129999999999995,1,1,1,1,Lost,0.0
14994,2010-03-01,2010-03-26 14:16:00,2010-11-22 12:59:00,5,942.7699999999998,382,5,942.7699999999998,2,4,3,4,At Risk – High Value,0.0
14995,2011-03-01,2011-03-04 13:14:00,2011-11-01 11:39:00,2,231.98000000000002,38,2,231.98000000000002,4,2,1,2,New & Promising,231.98000000000002
14996,2010-08-01,2010-08-15 13:41:00,2010-08-15 13:44:00,2,442.2900000000001,481,2,442.2900000000001,1,2,2,2,Lost,0.0
14997,2010-02-01,2010-02-22 12:11:00,2011-10-24 13:28:00,4,776.5999999999999,46,4,776.5999999999999,4,3,3,3,Loyal,546.2
14998,2010-04-01,2010-04-13 16:07:00,2011-06-22 17:30:00,4,753.18,170,4,753.18,3,3,3,3,Loyal,414.87
14999,2010-04-01,2010-04-26 10:47:00,2010-04-26 10:47:00,1,129.48,592,1,129.48,1,1,1,1,Lost,0.0
15000,2011-10-01,2011-10-23 11:42:00,2011-10-23 11:42:00,1,490.52,47,1,490.52,4,1,2,2,New & Promising,490.52
15001,2010-11-01,2010-11-10 13:31:00,2010-11-10 13:51:00,2,197.10999999999999,394,2,197.10999999999999,2,2,1,2,Hibernating,0.0
15002,2010-01-01,2010-01-12 11:40:00,2011-08-16 10:44:00,9,4138.08,115,9,4138.08,3,5,5,5,Loyal,1010.1100000000002
15003,2010-01-01,2010-01-26 13:04:00,2010-08-23 15:44:00,6,1027.03,473,6,1027.03,1,4,3,4,At Risk – High Value,0.0
15004,2011-07-01,2011-07-15 14:05:00,2011-07-15 14:05:00,1,1220.38,147,1,1220.38,3,1,4,2,Need Attention,1220.38
15005,2009-12-01,2009-12-01 14:19:00,2011-11-24 12:25:00,56,13752.58,15,56,13752.58,5,5,5,5,Champions,6071.17
15006,2010-09-01,2010-09-12 13:03:00,2011-10-19 15:08:00,2,752.8299999999997,51,2,752.8299999999997,4,2,3,2,New & Promising,475.4299999999998
15007,2011-07-01,2011-07-03 16:00:00,2011-07-03 16:00:00,1,156.91000000000003,159,1,156.91000000000003,3,1,1,1,Need Attention,156.91000000000003
15008,2010-03-01,2010-03-12 11:13:00,2010-08-16 13:09:00,2,360.0,480,2,360.0,1,2,2,2,Lost,0.0
15009,2011-11-01,2011-11-14 17:40:00,2011-11-27 13:35:00,3,1259.4299999999996,12,3,1259.4299999999996,5,3,4,4,Champions,1259.4299999999998
15010,2011-11-01,2011-11-04 12:42:00,2011-11-04 12:42:00,1,308.94000000000005,35,1,308.94000000000005,4,1,2,2,New & Promising,308.94000000000005
15011,2010-10-01,2010-10-19 12:05:00,2010-11-09 11:10:00,2,416.6,395,2,416.6,2,2,2,2,Hibernating,0.0
15012,2010-05-01,2010-05-12 11:49:00,2011-10-17 12:22:00,3,646.2599999999998,53,3,646.2599999999998,4,3,3,3,Loyal,216.48000000000002
15013,2010-01-01,2010-01-31 12:15:00,2010-08-09 12:05:00,10,1610.8200000000002,487,10,1610.8200000000002,1,5,4,4,At Risk – High Value,0.0
15014,2011-06-01,2011-06-16 19:40:00,2011-10-27 20:07:00,2,257.66999999999996,43,2,257.66999999999996,4,2,1,2,New & Promising,257.66999999999996
15015,2009-12-01,2009-12-14 14:46:00,2010-07-26 13:50:00,13,2344.47,501,13,2344.47,1,5,4,4,At Risk – High Value,0.0
15016,2010-06-01,2010-06-14 13:06:00,2011-06-20 12:06:00,5,620.8900000000001,172,5,620.8900000000001,3,4,3,4,Loyal,170.04
15017,2011-11-01,2011-11-06 10:33:00,2011-11-06 10:33:00,1,125.58000000000003,33,1,125.58000000000003,4,1,1,1,New & Promising,125.58000000000003
15018,2010-12-01,2010-12-07 10:47:00,2011-11-01 12:47:00,3,496.21,38,3,496.21,4,3,2,2,New & Promising,384.96
15019,2011-03-01,2011-03-18 12:35:00,2011-03-18 12:35:00,1,252.81,266,1,252.81,2,1,1,1,Hibernating,252.81
15020,2010-11-01,2010-11-25 13:29:00,2010-11-25 13:29:00,1,198.46999999999997,379,1,198.46999999999997,2,1,1,1,Hibernating,0.0
15021,2010-07-01,2010-07-29 16:35:00,2011-12-01 11:53:00,12,2500.5899999999992,8,12,2500.5899999999992,5,5,4,4,Champions,1673.6799999999996
15022,2010-01-01,2010-01-31 16:02:00,2011-11-28 12:35:00,5,1133.44,11,5,1133.44,5,4,3,4,Champions,852.3899999999999
15023,2010-02-01,2010-02-03 15:45:00,2011-12-06 17:23:00,20,11555.5,3,20,11555.5,5,5,5,5,Champions,6272.11
15024,2010-10-01,2010-10-11 16:14:00,2011-11-30 12:06:00,16,3559.3899999999994,9,16,3559.3899999999994,5,5,5,5,Champions,1145.21
15025,2010-05-01,2010-05-20 13:28:00,2011-11-06 15:20:00,2,971.8399999999999,33,2,971.8399999999999,4,2,3,2,New & Promising,361.96000000000004
15026,2010-09-01,2010-09-17 13:52:00,2011-09-20 13:52:00,5,1044.09,80,5,1044.09,3,4,3,4,Loyal,464.20000000000005
15027,2010-03-01,2010-03-25 14:39:00,2011-11-09 10:16:00,10,3195.5999999999995,30,10,3195.5999999999995,4,5,5,5,Champions,1066.1499999999999
15028,2010-11-01,2010-11-10 14:32:00,2011-12-01 14:06:00,6,962.94,8,6,962.94,5,4,3,4,Champions,441.15999999999997
15029,2010-03-01,2010-03-30 12:16:00,2010-03-30 12:16:00,1,365.1,619,1,365.1,1,1,2,2,Lost,0.0
15030,2010-03-01,2010-03-04 17:10:00,2011-09-29 10:50:00,8,1979.9100000000003,71,8,1979.9100000000003,3,4,4,4,Loyal,518.28
15031,2009-12-01,2009-12-08 13:38:00,2011-12-05 14:19:00,14,3102.9399999999996,4,14,3102.9399999999996,5,5,5,5,Champions,653.19
15032,2009-12-01,2009-12-10 15:27:00,2011-03-28 15:03:00,8,11010.05,256,8,11010.05,2,4,5,4,At Risk – High Value,2188.5
15033,2011-01-01,2011-01-14 13:28:00,2011-12-05 12:40:00,10,2553.880000000001,4,10,2553.880000000001,5,5,4,4,Champions,2553.8800000000006
15034,2010-05-01,2010-05-11 13:30:00,2011-11-24 12:11:00,14,8231.2,15,14,8231.2,5,5,5,5,Champions,4274.16
15035,2011-09-01,2011-09-11 11:08:00,2011-09-11 11:08:00,1,252.72999999999996,89,1,252.72999999999996,3,1,1,1,Need Attention,252.72999999999996
15036,2011-06-01,2011-06-13 12:19:00,2011-09-28 15:42:00,3,429.5599999999999,72,3,429.5599999999999,3,3,2,2,Need Attention,429.55999999999983
15037,2010-11-01,2010-11-28 12:14:00,2010-11-28 13:05:00,2,397.76,376,2,397.76,2,2,2,2,Hibernating,0.0
15038,2010-10-01,2010-10-10 14:35:00,2011-10-12 11:33:00,9,1146.53,58,9,1146.53,4,5,3,4,Champions,566.8599999999999
15039,2009-12-01,2009-12-10 11:39:00,2011-11-30 11:31:00,93,39141.48,9,93,39141.48,5,5,5,5,Champions,19181.18
15040,2010-06-01,2010-06-16 11:40:00,2010-06-16 11:40:00,1,7.49,541,1,7.49,1,1,1,1,Lost,0.0
15041,2010-09-01,2010-09-21 13:16:00,2011-06-22 16:16:00,2,288.98,170,2,288.98,3,2,2,2,Need Attention,179.93000000000004
15042,2010-04-01,2010-04-23 14:01:00,2011-05-24 16:25:00,2,315.45000000000005,199,2,315.45000000000005,2,2,2,2,Hibernating,135.93
15043,2010-06-01,2010-06-24 15:50:00,2011-11-08 14:26:00,6,2855.32,31,6,2855.32,4,4,4,4,Champions,537.0
15044,2009-12-01,2009-12-16 15:13:00,2011-11-20 13:20:00,32,15769.01,19,32,15769.01,5,5,5,5,Champions,7634.7300000000005
15045,2011-03-01,2011-03-27 11:44:00,2011-07-11 11:33:00,2,735.66,151,2,735.66,3,2,3,2,Need Attention,735.66
15046,2010-01-01,2010-01-14 14:29:00,2011-11-30 15:50:00,25,7604.84,9,25,7604.84,5,5,5,5,Champions,5071.47
15047,2011-03-01,2011-03-15 10:49:00,2011-03-15 10:49:00,1,343.62,269,1,343.62,2,1,2,2,Hibernating,343.62
15048,2010-12-01,2010-12-06 12:15:00,2011-10-05 14:55:00,4,381.00000000000006,65,4,381.00000000000006,3,3,2,2,Need Attention,282.3
15049,2011-03-01,2011-03-11 12:13:00,2011-03-11 12:13:00,1,121.17000000000002,273,1,121.17000000000002,2,1,1,1,Hibernating,121.17000000000002
15050,2010-08-01,2010-08-16 12:00:00,2011-11-14 16:17:00,5,4087.1900000000005,25,5,4087.1900000000005,4,4,5,4,Champions,1737.69
15051,2009-12-01,2009-12-01 13:29:00,2011-11-16 15:38:00,9,3926.91,23,9,3926.91,4,5,5,5,Champions,1383.36
15052,2011-01-01,2011-01-24 15:52:00,2011-01-24 15:52:00,1,207.73,319,1,207.73,2,1,1,1,Hibernating,207.73
15053,2011-03-01,2011-03-03 12:06:00,2011-12-05 12:08:00,3,693.95,4,3,693.95,5,3,3,3,Loyal,693.95
15054,2011-10-01,2011-10-30 14:33:00,2011-11-27 15:02:00,2,302.0999999999999,12,2,302.0999999999999,5,2,2,2,New & Promising,302.0999999999999
15055,2009-12-01,2009-12-16 15:48:00,2010-08-22 11:06:00,3,549.1199999999999,474,3,549.1199999999999,1,3,2,2,Lost,0.0
15056,2010-07-01,2010-07-07 15:58:00,2010-07-07 15:58:00,1,113.64999999999999,520,1,113.64999999999999,1,1,1,1,Lost,0.0
15057,2009-12-01,2009-12-05 15:27:00,2011-03-09 15:17:00,5,3255.96,275,5,3255.96,2,4,5,4,At Risk – High Value,1489.5
15058,2010-02-01,2010-02-24 14:07:00,2011-11-14 14:57:00,16,3387.58,25,16,3387.58,4,5,5,5,Champions,2102.54
15059,2009-12-01,2009-12-06 12:17:00,2011-10-30 11:35:00,19,3490.4,40,19,3490.4,4,5,5,5,Champions,1337.72
15060,2011-11-01,2011-11-30 14:03:00,2011-12-01 13:47:00,4,293.0,8,4,293.0,5,3,2,2,New & Promising,293.0
15061,2009-12-01,2009-12-01 12:18:00,2011-12-06 12:06:00,127,126387.56999999998,3,127,126387.56999999998,5,5,5,5,Champions,43104.64
15062,2010-04-01,2010-04-08 15:41:00,2011-09-29 16:51:00,8,2585.62,71,8,2585.62,3,4,4,4,Loyal,987.86
15063,2011-05-01,2011-05-10 13:25:00,2011-05-10 13:25:00,1,370.79999999999995,213,1,370.79999999999995,2,1,2,2,Hibernating,370.79999999999995
15064,2009-12-01,2009-12-22 16:17:00,2010-10-25 14:32:00,4,1154.41,410,4,1154.41,1,3,3,3,At Risk,0.0
15065,2010-10-01,2010-10-25 09:13:00,2011-11-02 09:45:00,5,3326.8599999999997,37,5,3326.8599999999997,4,4,5,4,Champions,3158.13
15066,2011-10-01,2011-10-17 13:25:00,2011-10-17 13:25:00,1,893.59,53,1,893.59,4,1,3,2,New & Promising,893.59
15067,2010-04-01,2010-04-11 15:54:00,2011-09-22 13:20:00,5,3862.880000000001,78,5,3862.880000000001,3,4,5,4,Loyal,1744.76
15068,2010-03-01,2010-03-28 13:18:00,2011-10-24 14:47:00,4,1174.8999999999999,46,4,1174.8999999999999,4,3,3,3,Loyal,553.36
15069,2011-06-01,2011-06-13 14:16:00,2011-06-13 14:16:00,1,1109.5300000000007,179,1,1109.5300000000007,3,1,3,2,Need Attention,1109.5300000000007
15070,2009-12-01,2009-12-15 13:49:00,2010-12-02 11:23:00,3,737.0500000000001,372,3,737.0500000000001,2,3,3,3,At Risk,0.0
15071,2010-05-01,2010-05-18 12:45:00,2011-09-07 11:43:00,4,1455.56,93,4,1455.56,3,3,4,4,Loyal,982.0699999999998
15072,2010-08-01,2010-08-17 15:46:00,2010-08-17 15:46:00,1,187.51999999999998,479,1,187.51999999999998,1,1,1,1,Lost,0.0
15073,2010-01-01,2010-01-27 08:48:00,2011-11-30 10:44:00,8,2788.02,9,8,2788.02,5,4,4,4,Champions,1043.41
15074,2010-08-01,2010-08-29 11:47:00,2011-08-26 14:45:00,3,1553.13,105,3,1553.13,3,3,4,4,Loyal,735.6700000000002
15075,2011-09-01,2011-09-23 12:27:00,2011-09-23 12:27:00,1,773.0300000000002,77,1,773.0300000000002,3,1,3,2,Need Attention,773.0300000000002
15076,2010-07-01,2010-07-05 14:11:00,2011-06-20 08:23:00,3,1447.7400000000002,172,3,1447.7400000000002,3,3,4,4,Loyal,880.8500000000004
15077,2009-12-01,2009-12-09 17:10:00,2010-08-02 11:13:00,2,2428.0800000000004,494,2,2428.0800000000004,1,2,4,3,At Risk,0.0
15078,2009-12-01,2009-12-04 12:03:00,2011-12-02 15:41:00,52,17276.730000000003,7,52,17276.730000000003,5,5,5,5,Champions,9267.960000000001
15079,2009-12-01,2009-12-08 11:22:00,2011-05-11 12:45:00,11,3625.4000000000005,212,11,3625.4000000000005,2,5,5,5,At Risk – High Value,753.6600000000002
15080,2010-07-01,2010-07-26 10:03:00,2010-10-08 11:52:00,2,546.25,427,2,546.25,1,2,2,2,Lost,0.0
15081,2010-06-01,2010-06-22 10:25:00,2011-11-17 17:08:00,12,1854.5699999999997,22,12,1854.5699999999997,4,5,4,4,Champions,393.65
15082,2010-02-01,2010-02-09 10:23:00,2010-02-09 10:23:00,1,93.35,668,1,93.35,1,1,1,1,Lost,0.0
15083,2011-03-01,2011-03-28 12:18:00,2011-03-28 12:18:00,1,88.19999999999999,256,1,88.19999999999999,2,1,1,1,Hibernating,88.19999999999999
15084,2010-03-01,2010-03-04 10:45:00,2010-11-25 11:58:00,2,965.2,379,2,965.2,2,2,3,2,Hibernating,0.0
15085,2009-12-01,2009-12-10 11:47:00,2009-12-10 11:47:00,1,347.53999999999996,729,1,347.53999999999996,1,1,2,2,Lost,0.0
15086,2010-03-01,2010-03-24 13:56:00,2010-05-24 12:27:00,2,218.53000000000003,564,2,218.53000000000003,1,2,1,2,Lost,0.0
15087,2011-03-01,2011-03-03 10:34:00,2011-03-03 10:34:00,1,306.94,281,1,306.94,2,1,2,2,Hibernating,306.94
15088,2011-10-01,2011-10-03 14:05:00,2011-11-18 13:14:00,2,1160.07,21,2,1160.07,4,2,3,2,New & Promising,1160.07
15089,2011-08-01,2011-08-03 14:14:00,2011-11-29 16:31:00,6,2420.8400000000006,10,6,2420.8400000000006,5,4,4,4,Champions,2420.8400000000006
15090,2011-02-01,2011-02-04 14:03:00,2011-02-04 14:03:00,1,381.32000000000005,308,1,381.32000000000005,2,1,2,2,Hibernating,381.32000000000005
15091,2010-02-01,2010-02-03 11:46:00,2011-10-03 12:47:00,3,1046.61,67,3,1046.61,3,3,3,3,Loyal,480.71
15092,2010-09-01,2010-09-03 12:33:00,2011-05-08 14:10:00,3,776.46,215,3,776.46,2,3,3,3,At Risk,457.81000000000006
15093,2009-12-01,2009-12-08 12:46:00,2011-11-21 13:09:00,23,13702.380000000001,18,23,13702.380000000001,5,5,5,5,Champions,3973.29
15094,2010-03-01,2010-03-05 12:56:00,2010-09-02 16:55:00,2,83.0,463,2,83.0,1,2,1,2,Lost,0.0
15095,2010-01-01,2010-01-21 09:37:00,2011-08-28 12:01:00,10,3141.6399999999994,103,10,3141.6399999999994,3,5,5,5,Loyal,1370.6
15096,2011-10-01,2011-10-28 10:27:00,2011-10-28 10:27:00,1,219.39,42,1,219.39,4,1,1,1,New & Promising,219.39
15097,2010-05-01,2010-05-05 14:22:00,2011-12-05 14:03:00,3,908.3500000000001,4,3,908.3500000000001,5,3,3,3,Loyal,248.07999999999996
15098,2011-06-01,2011-06-10 15:22:00,2011-06-10 15:33:00,3,39916.5,182,3,39916.5,3,3,5,4,Loyal,39916.5
15099,2011-09-01,2011-09-16 13:13:00,2011-09-16 13:13:00,1,410.48,84,1,410.48,3,1,2,2,Need Attention,410.48
15100,2010-01-01,2010-01-07 14:33:00,2011-01-10 10:35:00,7,2193.8999999999996,333,7,2193.8999999999996,2,4,4,4,At Risk – High Value,175.2
15101,2010-04-01,2010-04-28 15:00:00,2011-12-01 10:18:00,6,1477.94,8,6,1477.94,5,4,4,4,Champions,317.53
15102,2010-06-01,2010-06-11 10:16:00,2010-06-27 12:16:00,2,554.6699999999998,530,2,554.6699999999998,1,2,2,2,Lost,0.0
15103,2011-09-01,2011-09-14 13:54:00,2011-11-08 14:53:00,2,703.36,31,2,703.36,4,2,3,2,New & Promising,703.36
15104,2011-03-01,2011-03-02 14:16:00,2011-05-27 12:29:00,2,993.5399999999997,196,2,993.5399999999997,2,2,3,2,Hibernating,993.5399999999997
15105,2010-03-01,2010-03-23 12:18:00,2011-11-21 16:54:00,9,3094.9100000000008,18,9,3094.9100000000008,5,5,5,5,Champions,2298.93
15106,2011-03-01,2011-03-15 12:52:00,2011-11-22 09:16:00,5,1422.52,17,5,1422.52,5,4,4,4,Champions,1422.52
15107,2010-09-01,2010-09-14 10:47:00,2011-02-01 14:46:00,9,824.35,311,9,824.35,2,5,3,4,At Risk – High Value,203.5
15108,2011-04-01,2011-04-26 10:54:00,2011-07-21 10:24:00,3,1159.25,141,3,1159.25,3,3,3,3,Loyal,1159.25
15109,2009-12-01,2009-12-04 12:33:00,2011-04-08 09:58:00,3,983.0999999999999,245,3,983.0999999999999,2,3,3,3,At Risk,484.95
15110,2010-08-01,2010-08-11 15:49:00,2011-11-16 11:16:00,6,1505.85,23,6,1505.85,4,4,4,4,Champions,996.1
15111,2010-04-01,2010-04-26 13:12:00,2011-11-10 16:58:00,5,2442.37,29,5,2442.37,4,4,4,4,Champions,1278.98
15112,2010-04-01,2010-04-07 14:17:00,2010-04-07 14:17:00,1,209.4,611,1,209.4,1,1,1,1,Lost,0.0
15113,2011-10-01,2011-10-16 15:27:00,2011-11-30 08:23:00,3,3509.04,9,3,3509.04,5,3,5,4,Champions,3509.04
15114,2010-10-01,2010-10-14 16:44:00,2011-11-09 15:05:00,12,3400.1199999999994,30,12,3400.1199999999994,4,5,5,5,Champions,2760.5599999999995
15115,2009-12-01,2009-12-07 11:20:00,2011-11-21 14:59:00,2,531.8500000000001,18,2,531.8500000000001,5,2,2,2,New & Promising,340.11000000000007
15116,2011-05-01,2011-05-19 08:50:00,2011-11-22 12:25:00,4,1352.75,17,4,1352.75,5,3,4,4,Champions,1352.75
15117,2010-03-01,2010-03-15 13:39:00,2011-11-25 08:12:00,8,2485.97,14,8,2485.97,5,4,4,4,Champions,1551.7799999999997
15118,2011-07-01,2011-07-28 14:54:00,2011-07-28 14:54:00,1,244.8,134,1,244.8,3,1,1,1,Need Attention,244.8
15119,2011-04-01,2011-04-08 09:08:00,2011-04-08 09:08:00,1,266.4,245,1,266.4,2,1,1,1,Hibernating,266.4
15120,2011-07-01,2011-07-29 09:48:00,2011-07-29 09:48:00,1,358.8199999999999,133,1,358.8199999999999,3,1,2,2,Need Attention,358.8199999999999
15121,2011-02-01,2011-02-24 12:41:00,2011-10-20 14:51:00,2,457.72,50,2,457.72,4,2,2,2,New & Promising,457.72
15122,2010-03-01,2010-03-30 14:05:00,2011-08-17 16:48:00,11,4487.27,114,11,4487.27,3,5,5,5,Loyal,1633.7800000000002
15123,2010-03-01,2010-03-16 09:49:00,2011-12-02 13:12:00,5,4656.169999999999,7,5,4656.169999999999,5,4,5,4,Champions,2199.3099999999995
15124,2010-02-01,2010-02-26 10:49:00,2011-11-17 10:09:00,4,450.81999999999994,22,4,450.81999999999994,4,3,2,2,New & Promising,184.19
15125,2010-03-01,2010-03-31 13:29:00,2011-11-14 13:57:00,24,17024.87,25,24,17024.87,4,5,5,5,Champions,11528.48
15126,2010-01-01,2010-01-21 17:09:00,2010-06-21 12:31:00,2,449.48999999999995,536,2,449.48999999999995,1,2,2,2,Lost,0.0
15127,2010-07-01,2010-07-08 10:07:00,2011-10-05 10:30:00,2,711.5,65,2,711.5,3,2,3,2,Need Attention,406.53000000000003
15128,2010-10-01,2010-10-05 16:46:00,2011-10-10 13:54:00,5,1783.6799999999998,60,5,1783.6799999999998,3,4,4,4,Loyal,1471.0
15129,2010-04-01,2010-04-08 17:15:00,2011-10-20 14:40:00,23,6860.18,50,23,6860.18,4,5,5,5,Champions,3447.4
15130,2011-06-01,2011-06-23 10:15:00,2011-06-23 10:15:00,1,330.11,169,1,330.11,3,1,2,2,Need Attention,330.11
15131,2010-11-01,2010-11-10 12:07:00,2010-11-10 12:07:00,1,80.28000000000002,394,1,80.28000000000002,2,1,1,1,Hibernating,0.0
15132,2011-03-01,2011-03-22 12:02:00,2011-11-21 17:10:00,5,977.9300000000001,18,5,977.9300000000001,5,4,3,4,Champions,977.9300000000001
15133,2010-07-01,2010-07-07 12:31:00,2011-08-04 10:44:00,5,1806.9,127,5,1806.9,3,4,4,4,Loyal,982.4200000000001
15134,2010-10-01,2010-10-13 12:44:00,2011-11-25 08:55:00,10,1596.2900000000004,14,10,1596.2900000000004,5,5,4,4,Champions,1387.99
15135,2010-06-01,2010-06-01 13:33:00,2011-04-14 19:16:00,2,305.67999999999995,239,2,305.67999999999995,2,2,2,2,Hibernating,139.04999999999998
15136,2011-09-01,2011-09-04 16:05:00,2011-12-07 12:26:00,4,1286.7000000000003,2,4,1286.7000000000003,5,3,4,4,Champions,1286.7
15137,2010-01-01,2010-01-28 15:45:00,2010-07-07 09:41:00,2,823.4,520,2,823.4,1,2,3,2,Lost,0.0
15138,2010-11-01,2010-11-11 09:16:00,2010-11-11 09:16:00,1,502.5199999999999,393,1,502.5199999999999,2,1,2,2,Hibernating,0.0
15139,2011-01-01,2011-01-07 12:44:00,2011-04-14 11:39:00,2,178.96000000000004,239,2,178.96000000000004,2,2,1,2,Hibernating,178.96000000000004
15140,2010-09-01,2010-09-23 13:07:00,2011-10-18 14:07:00,8,3243.6900000000005,52,8,3243.6900000000005,4,4,5,4,Champions,2354.25
15141,2010-03-01,2010-03-28 15:58:00,2010-09-08 11:33:00,7,1388.47,457,7,1388.47,1,4,4,4,At Risk – High Value,0.0
15142,2010-07-01,2010-07-27 09:05:00,2011-10-24 12:51:00,6,2619.9199999999996,46,6,2619.9199999999996,4,4,4,4,Champions,498.74
15143,2010-10-01,2010-10-03 13:58:00,2011-04-28 12:03:00,2,563.6299999999999,225,2,563.6299999999999,2,2,2,2,Hibernating,259.45
15144,2009-12-01,2009-12-13 11:35:00,2011-12-01 15:12:00,29,12160.31,8,29,12160.31,5,5,5,5,Champions,6580.4400000000005
15145,2011-04-01,2011-04-05 15:20:00,2011-12-05 17:21:00,4,1194.7299999999998,4,4,1194.7299999999998,5,3,3,3,Loyal,1194.73
15146,2011-02-01,2011-02-21 13:07:00,2011-06-28 12:09:00,2,1327.1600000000005,164,2,1327.1600000000005,3,2,4,3,Loyal,1327.1600000000005
15147,2011-04-01,2011-04-13 15:57:00,2011-04-13 15:57:00,1,623.5,240,1,623.5,2,1,3,2,Hibernating,623.5
15148,2011-11-01,2011-11-29 08:21:00,2011-11-29 08:21:00,1,301.28999999999996,10,1,301.28999999999996,5,1,2,2,New & Promising,301.28999999999996
15149,2010-02-01,2010-02-28 11:13:00,2011-07-29 10:58:00,4,1524.6100000000001,133,4,1524.6100000000001,3,3,4,4,Loyal,520.8
15150,2010-06-01,2010-06-14 12:01:00,2011-11-22 12:52:00,13,8977.94,17,13,8977.94,5,5,5,5,Champions,5291.33
15151,2010-07-01,2010-07-18 12:19:00,2010-10-12 16:37:00,2,2085.61,423,2,2085.61,1,2,4,3,At Risk,0.0
15152,2010-01-01,2010-01-07 15:15:00,2011-11-30 12:32:00,14,5263.830000000002,9,14,5263.830000000002,5,5,5,5,Champions,4745.6900000000005
15153,2011-11-01,2011-11-08 17:09:00,2011-11-08 17:09:00,1,329.25,31,1,329.25,4,1,2,2,New & Promising,329.25
15154,2010-08-01,2010-08-18 17:41:00,2011-09-25 16:05:00,3,1343.7199999999998,75,3,1343.7199999999998,3,3,4,4,Loyal,254.27999999999997
15155,2010-11-01,2010-11-21 12:59:00,2010-11-21 12:59:00,1,383.96999999999997,383,1,383.96999999999997,2,1,2,2,Hibernating,0.0
15156,2011-11-01,2011-11-06 12:41:00,2011-12-08 18:22:00,3,961.49,1,3,961.49,5,3,3,3,Loyal,961.49
15157,2009-12-01,2009-12-10 14:44:00,2011-12-06 11:28:00,5,2654.1100000000006,3,5,2654.1100000000006,5,4,4,4,Champions,1936.0700000000002
15158,2010-11-01,2010-11-03 13:46:00,2011-10-25 13:53:00,2,606.0200000000001,45,2,606.0200000000001,4,2,3,2,New & Promising,401.4000000000001
15159,2010-10-01,2010-10-04 09:31:00,2011-12-08 12:05:00,34,22116.730000000003,1,34,22116.730000000003,5,5,5,5,Champions,18641.010000000002
15160,2010-10-01,2010-10-14 15:26:00,2010-12-17 14:15:00,4,589.27,357,4,589.27,2,3,2,2,Hibernating,158.16000000000003
15161,2010-11-01,2010-11-16 16:08:00,2010-11-16 16:08:00,1,119.92000000000003,388,1,119.92000000000003,2,1,1,1,Hibernating,0.0
15162,2009-12-01,2009-12-08 13:14:00,2009-12-08 13:14:00,1,312.9,731,1,312.9,1,1,2,2,Lost,0.0
15163,2011-05-01,2011-05-31 15:22:00,2011-11-21 13:10:00,2,304.47,18,2,304.47,5,2,2,2,New & Promising,304.47
15164,2010-01-01,2010-01-18 13:34:00,2011-10-02 12:05:00,9,2028.1099999999997,68,9,2028.1099999999997,3,5,4,4,Loyal,824.5799999999999
15165,2010-12-01,2010-12-01 14:03:00,2010-12-01 14:03:00,1,487.75,373,1,487.75,2,1,2,2,Hibernating,0.0
15166,2010-08-01,2010-08-29 12:31:00,2010-08-29 12:31:00,1,167.15999999999997,467,1,167.15999999999997,1,1,1,1,Lost,0.0
15167,2010-02-01,2010-02-04 14:13:00,2011-01-23 12:41:00,5,1627.62,320,5,1627.62,2,4,4,4,At Risk – High Value,158.79999999999998
15168,2011-11-01,2011-11-14 11:26:00,2011-11-14 11:26:00,1,106.56,25,1,106.56,4,1,1,1,New & Promising,106.56
15169,2009-12-01,2009-12-13 11:16:00,2010-11-22 13:04:00,2,569.22,382,2,569.22,2,2,2,2,Hibernating,0.0
15170,2010-10-01,2010-10-29 10:34:00,2010-10-29 10:34:00,1,81.15,406,1,81.15,2,1,1,1,Hibernating,0.0
15171,2011-01-01,2011-01-12 15:36:00,2011-01-12 15:36:00,1,1289.5,331,1,1289.5,2,1,4,2,Hibernating,1289.5
15172,2011-04-01,2011-04-17 11:56:00,2011-12-01 11:51:00,5,1624.0500000000002,8,5,1624.0500000000002,5,4,4,4,Champions,1624.05
15173,2010-04-01,2010-04-01 12:26:00,2010-11-24 10:21:00,7,1494.6,380,7,1494.6,2,4,4,4,At Risk – High Value,0.0
15174,2010-10-01,2010-10-25 09:40:00,2011-01-21 09:06:00,2,481.46,322,2,481.46,2,2,2,2,Hibernating,135.75
15175,2011-09-01,2011-09-29 11:31:00,2011-09-29 11:31:00,1,224.14000000000007,71,1,224.14000000000007,3,1,1,1,Need Attention,224.14000000000007
15176,2010-02-01,2010-02-10 10:36:00,2010-02-10 10:36:00,1,988.0400000000003,667,1,988.0400000000003,1,1,3,2,Lost,0.0
15177,2010-10-01,2010-10-10 12:48:00,2010-10-10 12:48:00,1,948.9299999999998,425,1,948.9299999999998,1,1,3,2,Lost,0.0
15178,2011-03-01,2011-03-24 15:12:00,2011-03-24 15:12:00,1,40.5,260,1,40.5,2,1,1,1,Hibernating,40.5
15179,2009-12-01,2009-12-03 12:27:00,2011-11-21 12:53:00,13,7491.92,18,13,7491.92,5,5,5,5,Champions,2206.9500000000003
15180,2010-04-01,2010-04-29 15:27:00,2010-12-07 14:57:00,3,816.9300000000001,367,3,816.9300000000001,2,3,3,3,At Risk,0.0
15181,2009-12-01,2009-12-08 19:02:00,2011-10-04 13:58:00,5,1200.2,66,5,1200.2,3,4,3,4,Loyal,689.48
15182,2010-02-01,2010-02-21 12:03:00,2011-07-08 13:37:00,11,2998.95,154,11,2998.95,3,5,5,5,Loyal,622.8500000000001
15183,2010-05-01,2010-05-04 11:31:00,2010-06-10 10:43:00,3,639.93,547,3,639.93,1,3,3,3,At Risk,0.0
15184,2009-12-01,2009-12-16 12:06:00,2011-11-10 13:41:00,4,685.39,29,4,685.39,4,3,3,3,Loyal,402.20000000000005
15185,2011-09-01,2011-09-30 14:06:00,2011-09-30 14:06:00,1,310.62000000000006,70,1,310.62000000000006,3,1,2,2,Need Attention,310.62000000000006
15186,2010-01-01,2010-01-12 10:14:00,2011-11-25 14:58:00,5,1403.1999999999998,14,5,1403.1999999999998,5,4,4,4,Champions,411.40999999999997
15187,2011-05-01,2011-05-11 13:49:00,2011-12-08 11:56:00,15,4762.18,1,15,4762.18,5,5,5,5,Champions,4762.18
15188,2009-12-01,2009-12-14 13:30:00,2009-12-14 13:30:00,1,310.42999999999995,725,1,310.42999999999995,1,1,2,2,Lost,0.0
15189,2010-07-01,2010-07-18 13:37:00,2011-12-08 13:22:00,46,17524.38,1,46,17524.38,5,5,5,5,Champions,16225.39
15190,2010-10-01,2010-10-01 13:09:00,2010-10-01 13:09:00,1,834.4399999999999,434,1,834.4399999999999,1,1,3,2,Lost,0.0
15191,2010-01-01,2010-01-20 12:35:00,2010-09-02 15:37:00,3,588.05,463,3,588.05,1,3,2,2,Lost,0.0
15192,2010-01-01,2010-01-29 10:13:00,2011-08-12 11:41:00,5,1666.3899999999999,119,5,1666.3899999999999,3,4,4,4,Loyal,729.32
15193,2011-10-01,2011-10-10 08:23:00,2011-10-10 08:23:00,1,499.32,60,1,499.32,3,1,2,2,Need Attention,499.32
15194,2009-12-01,2009-12-03 10:37:00,2011-12-06 15:10:00,28,12021.53,3,28,12021.53,5,5,5,5,Champions,7210.37
15195,2011-12-01,2011-12-07 12:20:00,2011-12-07 12:20:00,1,3861.0,2,1,3861.0,5,1,5,3,Loyal,3861.0
15196,2009-12-01,2009-12-13 11:14:00,2010-10-03 10:50:00,2,313.7,432,2,313.7,1,2,2,2,Lost,0.0
15197,2009-12-01,2009-12-11 12:56:00,2011-11-29 10:00:00,6,1877.51,10,6,1877.51,5,4,4,4,Champions,1079.61
15198,2010-01-01,2010-01-19 10:01:00,2011-09-08 14:42:00,5,571.35,92,5,571.35,3,4,2,3,Loyal,193.64
15199,2010-05-01,2010-05-13 10:14:00,2011-10-11 15:12:00,10,3122.3999999999996,59,10,3122.3999999999996,3,5,5,5,Loyal,1268.7
15200,2010-08-01,2010-08-02 09:38:00,2010-08-02 09:38:00,1,549.0499999999998,494,1,549.0499999999998,1,1,2,2,Lost,0.0
15201,2010-04-01,2010-04-07 14:50:00,2011-09-13 14:53:00,7,1842.9500000000005,87,7,1842.9500000000005,3,4,4,4,Loyal,1236.5400000000002
15203,2009-12-01,2009-12-08 18:06:00,2011-11-14 08:16:00,15,4400.18,25,15,4400.18,4,5,5,5,Champions,1827.8000000000002
15204,2010-12-01,2010-12-17 13:49:00,2010-12-17 13:49:00,1,316.58000000000004,357,1,316.58000000000004,2,1,2,2,Hibernating,316.58000000000004
15205,2011-08-01,2011-08-04 16:07:00,2011-09-15 19:36:00,2,653.24,85,2,653.24,3,2,3,2,Need Attention,653.24
15206,2011-03-01,2011-03-09 08:59:00,2011-11-29 13:41:00,4,420.29999999999995,10,4,420.29999999999995,5,3,2,2,New & Promising,420.3
15207,2010-06-01,2010-06-10 17:29:00,2010-10-19 13:29:00,3,683.92,416,3,683.92,1,3,3,3,At Risk,0.0
15208,2010-10-01,2010-10-12 12:17:00,2011-12-08 17:24:00,6,970.52,1,6,970.52,5,4,3,4,Champions,870.1199999999999
15209,2009-12-01,2009-12-09 17:26:00,2009-12-09 17:26:00,1,178.97999999999996,730,1,178.97999999999996,1,1,1,1,Lost,0.0
15210,2010-05-01,2010-05-13 14:42:00,2011-04-28 16:11:00,3,1176.1899999999996,225,3,1176.1899999999996,2,3,3,3,At Risk,331.18
15211,2010-12-01,2010-12-09 16:08:00,2011-10-10 13:31:00,2,894.4100000000001,60,2,894.4100000000001,3,2,3,2,Need Attention,511.34000000000003
15212,2010-11-01,2010-11-28 10:45:00,2011-04-12 13:45:00,2,208.27999999999997,241,2,208.27999999999997,2,2,1,2,Hibernating,101.79999999999998
15213,2011-01-01,2011-01-14 11:05:00,2011-01-25 12:21:00,2,328.3499999999999,318,2,328.3499999999999,2,2,2,2,Hibernating,328.3499999999999
15214,2011-04-01,2011-04-11 09:46:00,2011-12-08 12:07:00,8,1661.4399999999998,1,8,1661.4399999999998,5,4,4,4,Champions,1661.44
15215,2010-04-01,2010-04-06 11:21:00,2011-10-24 11:41:00,7,2422.43,46,7,2422.43,4,4,4,4,Champions,734.94
15216,2010-03-01,2010-03-31 09:52:00,2011-09-13 11:41:00,2,486.09000000000003,87,2,486.09000000000003,3,2,2,2,Need Attention,96.6
15217,2010-05-01,2010-05-25 13:51:00,2010-05-25 13:51:00,1,426.2400000000001,563,1,426.2400000000001,1,1,2,2,Lost,0.0
15218,2010-01-01,2010-01-26 11:33:00,2011-11-29 11:48:00,22,11453.83,10,22,11453.83,5,5,5,5,Champions,5756.89
15219,2010-03-01,2010-03-01 11:33:00,2011-06-16 16:57:00,2,685.45,176,2,685.45,3,2,3,2,Need Attention,305.75
15220,2011-03-01,2011-03-04 10:24:00,2011-10-19 12:39:00,6,1778.96,51,6,1778.96,4,4,4,4,Champions,1778.96
15221,2010-03-01,2010-03-12 10:40:00,2010-12-08 13:08:00,4,2062.2,366,4,2062.2,2,3,4,4,At Risk – High Value,0.0
15222,2009-12-01,2009-12-16 13:49:00,2011-01-25 08:03:00,11,3550.91,318,11,3550.91,2,5,5,5,At Risk – High Value,585.0
15223,2009-12-01,2009-12-05 11:19:00,2011-04-28 11:31:00,5,1417.9499999999998,225,5,1417.9499999999998,2,4,4,4,At Risk – High Value,755.75
15224,2010-01-01,2010-01-15 16:14:00,2010-12-16 15:02:00,5,871.3599999999999,358,5,871.3599999999999,2,4,3,4,At Risk – High Value,322.08
15225,2011-04-01,2011-04-19 14:51:00,2011-04-19 14:51:00,1,409.4000000000001,234,1,409.4000000000001,2,1,2,2,Hibernating,409.4000000000001
15226,2011-02-01,2011-02-02 11:41:00,2011-02-02 11:41:00,1,154.41,310,1,154.41,2,1,1,1,Hibernating,154.41
15227,2010-03-01,2010-03-16 08:23:00,2011-11-03 11:59:00,9,2488.49,36,9,2488.49,4,5,4,4,Champions,1219.3999999999999
15228,2010-07-01,2010-07-28 10:21:00,2011-10-04 13:56:00,6,5580.270000000001,66,6,5580.270000000001,3,4,5,4,Loyal,3386.71
15229,2010-05-01,2010-05-02 13:50:00,2010-05-02 13:50:00,1,160.5,586,1,160.5,1,1,1,1,Lost,0.0
15230,2011-04-01,2011-04-13 11:04:00,2011-04-14 14:39:00,2,429.6,239,2,429.6,2,2,2,2,Hibernating,429.6
15231,2010-03-01,2010-03-28 15:12:00,2010-03-28 15:12:00,1,250.25999999999993,621,1,250.25999999999993,1,1,1,1,Lost,0.0
15232,2011-07-01,2011-07-22 12:21:00,2011-08-18 16:27:00,2,612.06,113,2,612.06,3,2,3,2,Need Attention,612.06
15233,2010-11-01,2010-11-03 13:36:00,2010-11-03 13:36:00,1,59.400000000000006,401,1,59.400000000000006,2,1,1,1,Hibernating,0.0
15234,2011-03-01,2011-03-08 08:53:00,2011-03-08 08:53:00,1,197.0,276,1,197.0,2,1,1,1,Hibernating,197.0
15235,2010-11-01,2010-11-16 12:48:00,2011-05-06 09:44:00,16,2772.76,217,16,2772.76,2,5,4,4,At Risk – High Value,2082.46
15236,2011-02-01,2011-02-14 10:52:00,2011-02-14 10:52:00,1,321.05,298,1,321.05,2,1,2,2,Hibernating,321.05
15237,2011-04-01,2011-04-26 15:04:00,2011-12-08 09:46:00,4,1412.3200000000006,1,4,1412.3200000000006,5,3,4,4,Champions,1412.3200000000006
15238,2011-06-01,2011-06-08 16:00:00,2011-11-10 14:28:00,3,1071.9900000000002,29,3,1071.9900000000002,4,3,3,3,Loyal,1071.99
15239,2011-09-01,2011-09-22 09:53:00,2011-11-29 14:14:00,2,780.59,10,2,780.59,5,2,3,2,New & Promising,780.59
15240,2009-12-01,2009-12-05 14:57:00,2011-10-26 09:50:00,12,4459.9800000000005,44,12,4459.9800000000005,4,5,5,5,Champions,1706.5700000000002
15241,2010-02-01,2010-02-23 13:59:00,2011-10-04 09:05:00,11,3050.16,66,11,3050.16,3,5,5,5,Loyal,1756.44
15242,2010-10-01,2010-10-13 15:33:00,2010-10-13 15:33:00,1,302.04,422,1,302.04,1,1,2,2,Lost,0.0
15243,2010-09-01,2010-09-30 17:28:00,2011-09-26 14:12:00,2,927.2800000000002,74,2,927.2800000000002,3,2,3,2,Need Attention,316.68
15244,2010-02-01,2010-02-11 14:48:00,2011-10-05 13:19:00,3,912.0800000000002,65,3,912.0800000000002,3,3,3,3,Loyal,631.57
15245,2010-04-01,2010-04-23 14:23:00,2011-07-28 18:56:00,8,4610.84,134,8,4610.84,3,4,5,4,Loyal,2515.84
15246,2010-06-01,2010-06-02 11:28:00,2011-04-15 14:45:00,3,780.3999999999999,238,3,780.3999999999999,2,3,3,3,At Risk,514.15
15247,2010-06-01,2010-06-20 14:08:00,2011-08-09 12:52:00,3,976.06,122,3,976.06,3,3,3,3,Loyal,356.0
15248,2010-06-01,2010-06-23 14:34:00,2010-10-24 13:09:00,3,1893.9299999999996,411,3,1893.9299999999996,1,3,4,4,At Risk – High Value,0.0
15249,2010-03-01,2010-03-26 14:51:00,2011-11-08 11:45:00,18,9266.0,31,18,9266.0,4,5,5,5,Champions,6688.46
15250,2010-03-01,2010-03-09 07:35:00,2010-03-09 07:35:00,1,60.0,640,1,60.0,1,1,1,1,Lost,0.0
15251,2010-01-01,2010-01-29 12:42:00,2011-11-30 15:02:00,21,20324.54,9,21,20324.54,5,5,5,5,Champions,10484.99
15252,2010-04-01,2010-04-07 10:24:00,2011-11-03 13:30:00,5,2103.41,36,5,2103.41,4,4,4,4,Champions,740.78
15253,2010-05-01,2010-05-02 11:17:00,2011-11-23 16:22:00,8,2055.09,16,8,2055.09,5,4,4,4,Champions,918.2
15254,2010-05-01,2010-05-28 10:08:00,2011-08-04 15:04:00,3,1088.3500000000001,127,3,1088.3500000000001,3,3,3,3,Loyal,300.36000000000007
15255,2009-12-01,2009-12-03 09:10:00,2011-10-04 12:43:00,9,3706.0199999999995,66,9,3706.0199999999995,3,5,5,5,Loyal,890.8499999999999
15256,2010-05-01,2010-05-27 11:41:00,2011-07-14 11:47:00,2,170.4,148,2,170.4,3,2,1,2,Need Attention,98.45
15257,2010-10-01,2010-10-21 14:03:00,2011-03-01 12:58:00,2,685.9,283,2,685.9,2,2,3,2,Hibernating,317.15
15258,2011-05-01,2011-05-06 14:16:00,2011-06-24 12:30:00,2,623.1600000000001,168,2,623.1600000000001,3,2,3,2,Need Attention,623.1600000000001
15259,2010-01-01,2010-01-26 09:41:00,2010-07-15 08:47:00,4,1182.3799999999999,512,4,1182.3799999999999,1,3,3,3,At Risk,0.0
15260,2009-12-01,2009-12-06 11:45:00,2011-08-31 13:55:00,25,8767.73,100,25,8767.73,3,5,5,5,Loyal,1390.27
15261,2010-10-01,2010-10-01 11:59:00,2011-07-27 15:20:00,4,1508.0,135,4,1508.0,3,3,4,4,Loyal,254.82000000000002
15262,2010-08-01,2010-08-08 15:55:00,2011-01-20 12:16:00,3,418.82000000000005,323,3,418.82000000000005,2,3,2,2,Hibernating,178.95000000000002
15263,2011-08-01,2011-08-25 10:26:00,2011-08-25 10:26:00,1,156.50999999999996,106,1,156.50999999999996,3,1,1,1,Need Attention,156.50999999999996
15264,2010-06-01,2010-06-27 13:29:00,2011-10-06 13:49:00,2,848.4000000000001,64,2,848.4000000000001,3,2,3,2,Need Attention,393.74000000000007
15265,2009-12-01,2009-12-01 17:08:00,2011-07-11 14:46:00,4,3345.6400000000012,151,4,3345.6400000000012,3,3,5,4,Loyal,1506.12
15266,2010-01-01,2010-01-07 12:19:00,2011-01-05 13:40:00,5,852.21,338,5,852.21,2,4,3,4,At Risk – High Value,119.30000000000001
15267,2011-06-01,2011-06-10 10:24:00,2011-11-17 15:59:00,5,1717.36,22,5,1717.36,4,4,4,4,Champions,1717.36
15268,2010-04-01,2010-04-13 11:27:00,2010-08-18 10:33:00,3,961.9000000000001,478,3,961.9000000000001,1,3,3,3,At Risk,0.0
15269,2010-11-01,2010-11-14 12:58:00,2011-11-16 09:32:00,3,1225.3600000000001,23,3,1225.3600000000001,4,3,4,4,Champions,408.8
15270,2009-12-01,2009-12-17 15:02:00,2011-11-24 09:24:00,21,8524.86,15,21,8524.86,5,5,5,5,Champions,2379.49
15271,2010-08-01,2010-08-05 14:57:00,2011-12-02 14:11:00,24,4528.539999999999,7,24,4528.539999999999,5,5,5,5,Champions,2381.59
15272,2010-02-01,2010-02-14 13:39:00,2011-10-13 12:59:00,6,2030.95,57,6,2030.95,4,4,4,4,Champions,721.9399999999999
15273,2010-04-01,2010-04-19 11:31:00,2010-04-19 11:31:00,1,228.96,599,1,228.96,1,1,1,1,Lost,0.0
15274,2011-11-01,2011-11-21 14:17:00,2011-12-05 16:57:00,2,716.5699999999999,4,2,716.5699999999999,5,2,3,2,New & Promising,716.5699999999999
15275,2011-11-01,2011-11-02 11:20:00,2011-11-02 11:20:00,1,615.1399999999999,37,1,615.1399999999999,4,1,3,2,New & Promising,615.1399999999999
15276,2010-10-01,2010-10-01 12:24:00,2011-10-04 16:39:00,4,619.7999999999997,66,4,619.7999999999997,3,3,3,3,Loyal,128.63000000000002
15277,2010-10-01,2010-10-10 16:02:00,2011-10-24 10:08:00,2,476.34,46,2,476.34,4,2,2,2,New & Promising,255.89999999999998
15278,2010-02-01,2010-02-12 14:53:00,2010-05-27 10:03:00,4,496.16,561,4,496.16,1,3,2,2,Lost,0.0
15279,2010-02-01,2010-02-02 10:15:00,2010-12-20 10:48:00,5,1580.54,354,5,1580.54,2,4,4,4,At Risk – High Value,290.51
15280,2010-05-01,2010-05-17 14:17:00,2011-06-20 17:14:00,3,397.52000000000004,172,3,397.52000000000004,3,3,2,2,Need Attention,113.12
15281,2010-10-01,2010-10-08 12:14:00,2011-10-12 09:10:00,16,8543.569999999996,58,16,8543.569999999996,4,5,5,5,Champions,2332.1499999999996
15282,2010-05-01,2010-05-18 16:27:00,2010-05-18 16:27:00,1,348.59000000000003,570,1,348.59000000000003,1,1,2,2,Lost,0.0
15283,2010-07-01,2010-07-09 15:46:00,2010-11-14 14:54:00,3,148.33,390,3,148.33,2,3,1,2,Hibernating,0.0
15284,2010-07-01,2010-07-27 13:25:00,2010-07-27 13:25:00,1,24.75,500,1,24.75,1,1,1,1,Lost,0.0
15285,2010-10-01,2010-10-28 09:46:00,2010-10-28 09:46:00,1,94.91999999999999,407,1,94.91999999999999,2,1,1,1,Hibernating,0.0
15286,2011-10-01,2011-10-21 11:08:00,2011-10-21 11:08:00,1,240.55,49,1,240.55,4,1,1,1,New & Promising,240.55
15287,2009-12-01,2009-12-02 12:13:00,2011-11-17 15:34:00,5,856.0300000000001,22,5,856.0300000000001,4,4,3,4,Champions,486.69000000000005
15288,2010-02-01,2010-02-12 15:27:00,2011-10-27 16:58:00,10,3706.5300000000007,43,10,3706.5300000000007,4,5,5,5,Champions,2140.8700000000003
15289,2010-03-01,2010-03-28 11:45:00,2011-11-10 13:49:00,5,1593.0900000000001,29,5,1593.0900000000001,4,4,4,4,Champions,939.78
15290,2010-02-01,2010-02-24 10:15:00,2011-12-05 11:39:00,26,10496.28,4,26,10496.28,5,5,5,5,Champions,7943.22
15291,2009-12-01,2009-12-03 11:09:00,2011-11-14 11:02:00,39,13472.76,25,39,13472.76,4,5,5,5,Champions,4294.5
15292,2011-05-01,2011-05-22 15:00:00,2011-05-22 15:00:00,1,178.39,201,1,178.39,2,1,1,1,Hibernating,178.39
15293,2010-02-01,2010-02-12 11:54:00,2010-02-12 11:54:00,1,247.50000000000003,665,1,247.50000000000003,1,1,1,1,Lost,0.0
15294,2010-10-01,2010-10-25 11:45:00,2010-10-25 11:45:00,1,233.35,410,1,233.35,1,1,1,1,Lost,0.0
15295,2010-02-01,2010-02-23 13:03:00,2010-02-23 13:03:00,1,207.03999999999994,654,1,207.03999999999994,1,1,1,1,Lost,0.0
15296,2010-01-01,2010-01-21 13:48:00,2011-10-20 11:47:00,12,10323.030000000002,50,12,10323.030000000002,4,5,5,5,Champions,3672.8599999999997
15297,2011-10-01,2011-10-07 09:42:00,2011-11-29 16:32:00,3,641.94,10,3,641.94,5,3,3,3,Loyal,641.94
15298,2009-12-01,2009-12-08 17:04:00,2011-12-07 17:17:00,23,9061.77,2,23,9061.77,5,5,5,5,Champions,4402.3
15299,2010-01-01,2010-01-12 11:34:00,2011-10-03 14:19:00,9,5556.530000000001,67,9,5556.530000000001,3,5,5,5,Loyal,2072.0
15300,2011-10-01,2011-10-06 17:08:00,2011-10-06 17:08:00,1,496.4399999999999,64,1,496.4399999999999,3,1,2,2,Need Attention,496.4399999999999
15301,2010-09-01,2010-09-15 15:41:00,2011-10-20 09:57:00,17,6909.67,50,17,6909.67,4,5,5,5,Champions,4376.580000000001
15302,2009-12-01,2009-12-09 13:11:00,2009-12-09 13:11:00,1,307.99999999999994,730,1,307.99999999999994,1,1,2,2,Lost,0.0
15303,2010-01-01,2010-01-25 09:42:00,2011-02-22 13:59:00,3,1224.1799999999998,290,3,1224.1799999999998,2,3,4,4,At Risk – High Value,574.02
15304,2010-10-01,2010-10-14 10:24:00,2011-10-10 10:23:00,9,796.4,60,9,796.4,3,5,3,4,Loyal,571.25
15305,2010-06-01,2010-06-02 13:50:00,2010-06-02 13:50:00,1,93.6,555,1,93.6,1,1,1,1,Lost,0.0
15306,2010-02-01,2010-02-18 17:12:00,2011-10-06 12:56:00,9,3484.7300000000005,64,9,3484.7300000000005,3,5,5,5,Loyal,1174.35
15307,2011-09-01,2011-09-05 11:38:00,2011-09-05 11:38:00,1,205.3,95,1,205.3,3,1,1,1,Need Attention,205.3
15308,2011-03-01,2011-03-10 13:08:00,2011-03-10 13:08:00,1,310.47,274,1,310.47,2,1,2,2,Hibernating,310.47
15309,2009-12-01,2009-12-04 13:01:00,2010-04-08 11:11:00,4,797.96,610,4,797.96,1,3,3,3,At Risk,0.0
15310,2010-08-01,2010-08-18 11:38:00,2010-08-18 11:38:00,1,1634.64,478,1,1634.64,1,1,4,2,Lost,0.0
15311,2009-12-01,2009-12-01 11:21:00,2011-12-09 12:00:00,207,114671.41999999998,0,207,114671.41999999998,5,5,5,5,Champions,59023.68000000001
15312,2009-12-01,2009-12-16 09:23:00,2011-09-25 13:10:00,12,2930.19,75,12,2930.19,3,5,5,5,Loyal,924.85
15313,2011-08-01,2011-08-21 16:02:00,2011-08-21 16:02:00,1,52.0,110,1,52.0,3,1,1,1,Need Attention,52.0
15314,2010-10-01,2010-10-07 15:41:00,2011-05-24 14:39:00,3,820.4499999999999,199,3,820.4499999999999,2,3,3,3,At Risk,327.97
15315,2011-08-01,2011-08-15 15:17:00,2011-10-06 12:51:00,2,570.5,64,2,570.5,3,2,2,2,Need Attention,570.5
15316,2011-01-01,2011-01-17 11:34:00,2011-01-17 11:34:00,1,165.0,326,1,165.0,2,1,1,1,Hibernating,165.0
15317,2010-01-01,2010-01-31 15:55:00,2010-01-31 15:55:00,1,129.75,677,1,129.75,1,1,1,1,Lost,0.0
15318,2011-12-01,2011-12-06 11:30:00,2011-12-06 11:30:00,1,312.62,3,1,312.62,5,1,2,2,New & Promising,312.62
15319,2011-03-01,2011-03-01 12:48:00,2011-03-01 12:48:00,1,204.5,283,1,204.5,2,1,1,1,Hibernating,204.5
15320,2011-10-01,2011-10-26 13:27:00,2011-10-26 13:27:00,1,267.13,44,1,267.13,4,1,1,1,New & Promising,267.13
15321,2010-02-01,2010-02-03 09:47:00,2011-09-30 09:40:00,12,6709.7300000000005,70,12,6709.7300000000005,3,5,5,5,Loyal,2748.310000000001
15322,2010-08-01,2010-08-20 13:10:00,2011-09-15 09:34:00,2,1390.8599999999997,85,2,1390.8599999999997,3,2,4,3,Loyal,679.6799999999998
15323,2010-02-01,2010-02-16 09:21:00,2010-05-26 10:01:00,3,434.6,562,3,434.6,1,3,2,2,Lost,0.0
15324,2010-01-01,2010-01-07 14:37:00,2010-01-07 14:37:00,1,140.22000000000003,701,1,140.22000000000003,1,1,1,1,Lost,0.0
15325,2010-02-01,2010-02-16 13:30:00,2011-08-28 11:55:00,8,1601.46,103,8,1601.46,3,4,4,4,Loyal,161.7399999999999
15326,2009-12-01,2009-12-01 13:19:00,2011-01-10 11:38:00,5,1700.52,333,5,1700.52,2,4,4,4,At Risk – High Value,311.71
15327,2011-10-01,2011-10-18 11:55:00,2011-10-18 11:55:00,1,208.75000000000003,52,1,208.75000000000003,4,1,1,1,New & Promising,208.75000000000003
15328,2010-10-01,2010-10-28 09:05:00,2010-10-28 09:05:00,1,107.24000000000002,407,1,107.24000000000002,2,1,1,1,Hibernating,0.0
15329,2009-12-01,2009-12-14 12:18:00,2011-10-31 15:36:00,11,2958.8300000000004,39,11,2958.8300000000004,4,5,5,5,Champions,1049.7000000000003
15330,2011-10-01,2011-10-10 12:30:00,2011-11-07 17:50:00,2,714.96,32,2,714.96,4,2,3,2,New & Promising,714.96
15331,2010-04-01,2010-04-09 14:26:00,2010-07-28 09:42:00,3,767.9099999999999,499,3,767.9099999999999,1,3,3,3,At Risk,0.0
15332,2010-07-01,2010-07-14 13:01:00,2010-12-08 14:43:00,6,4892.68,366,6,4892.68,2,4,5,4,At Risk – High Value,0.0
15333,2011-05-01,2011-05-15 13:27:00,2011-05-15 13:27:00,1,1028.56,208,1,1028.56,2,1,3,2,Hibernating,1028.56
15334,2011-06-01,2011-06-19 13:51:00,2011-07-06 11:22:00,3,347.86999999999995,156,3,347.86999999999995,3,3,2,2,Need Attention,347.87
15335,2011-10-01,2011-10-17 12:50:00,2011-10-17 12:50:00,1,170.22000000000003,53,1,170.22000000000003,4,1,1,1,New & Promising,170.22000000000003
15336,2010-11-01,2010-11-03 12:39:00,2010-11-03 12:39:00,1,240.5,401,1,240.5,2,1,1,1,Hibernating,0.0
15337,2010-10-01,2010-10-24 15:29:00,2010-10-24 15:29:00,1,373.02,411,1,373.02,1,1,2,2,Lost,0.0
15338,2010-01-01,2010-01-31 14:25:00,2010-01-31 14:25:00,1,277.9299999999999,677,1,277.9299999999999,1,1,1,1,Lost,0.0
15339,2010-02-01,2010-02-08 13:38:00,2011-10-04 12:51:00,7,1821.02,66,7,1821.02,3,4,4,4,Loyal,574.0699999999999
15340,2010-05-01,2010-05-27 10:27:00,2010-05-27 10:27:00,1,105.50000000000001,561,1,105.50000000000001,1,1,1,1,Lost,0.0
15341,2010-09-01,2010-09-16 16:41:00,2011-09-20 09:40:00,2,2402.72,80,2,2402.72,3,2,4,3,Loyal,2020.52
15342,2011-08-01,2011-08-02 10:19:00,2011-08-02 10:19:00,1,406.0899999999999,129,1,406.0899999999999,3,1,2,2,Need Attention,406.0899999999999
15343,2011-09-01,2011-09-13 13:55:00,2011-09-13 13:55:00,1,364.5,87,1,364.5,3,1,2,2,Need Attention,364.5
15344,2011-09-01,2011-09-26 14:48:00,2011-12-09 10:45:00,3,563.9399999999999,0,3,563.9399999999999,5,3,2,2,New & Promising,563.9399999999999
15345,2011-10-01,2011-10-25 11:28:00,2011-10-25 11:28:00,1,393.54,45,1,393.54,4,1,2,2,New & Promising,393.54
15346,2010-10-01,2010-10-04 15:11:00,2011-01-11 11:18:00,3,596.12,332,3,596.12,2,3,2,2,Hibernating,252.42000000000004
15347,2010-09-01,2010-09-28 12:50:00,2010-12-08 15:25:00,4,1162.0,366,4,1162.0,2,3,3,3,At Risk,0.0
15348,2011-09-01,2011-09-28 13:17:00,2011-09-28 13:17:00,1,158.03999999999996,72,1,158.03999999999996,3,1,1,1,Need Attention,158.03999999999996
15349,2011-06-01,2011-06-05 15:46:00,2011-07-04 16:06:00,2,463.9099999999999,158,2,463.9099999999999,3,2,2,2,Need Attention,463.9099999999999
15350,2010-11-01,2010-11-21 15:14:00,2010-12-01 13:33:00,2,547.5999999999999,373,2,547.5999999999999,2,2,2,2,Hibernating,0.0
15351,2010-10-01,2010-10-03 12:18:00,2011-11-27 12:52:00,10,3430.22,12,10,3430.22,5,5,5,5,Champions,1659.99
15352,2010-06-01,2010-06-09 11:28:00,2010-06-09 11:28:00,1,111.15,548,1,111.15,1,1,1,1,Lost,0.0
15353,2009-12-01,2009-12-02 11:33:00,2011-03-30 12:15:00,7,2794.4700000000003,254,7,2794.4700000000003,2,4,4,4,At Risk – High Value,458.46999999999997
15355,2011-10-01,2011-10-17 15:22:00,2011-11-10 13:44:00,2,277.05,29,2,277.05,4,2,1,2,New & Promising,277.05
15356,2010-10-01,2010-10-13 13:12:00,2011-11-08 13:11:00,13,3239.5699999999997,31,13,3239.5699999999997,4,5,5,5,Champions,2574.91
15358,2009-12-01,2009-12-07 12:19:00,2011-12-05 09:04:00,42,16425.86,4,42,16425.86,5,5,5,5,Champions,7722.65
15359,2010-01-01,2010-01-15 11:30:00,2010-02-15 10:47:00,8,181.35000000000002,662,8,181.35000000000002,1,4,1,2,Lost,0.0
15360,2011-10-01,2011-10-31 09:35:00,2011-10-31 09:35:00,1,427.92999999999995,39,1,427.92999999999995,4,1,2,2,New & Promising,427.92999999999995
15361,2010-06-01,2010-06-14 13:27:00,2010-12-13 09:52:00,4,689.0700000000002,361,4,689.0700000000002,2,3,3,3,At Risk,418.9200000000001
15362,2009-12-01,2009-12-01 09:08:00,2010-09-17 10:37:00,2,613.0799999999999,448,2,613.0799999999999,1,2,3,2,Lost,0.0
15363,2010-08-01,2010-08-04 08:41:00,2010-12-02 12:28:00,2,678.11,372,2,678.11,2,2,3,2,Hibernating,0.0
15364,2011-03-01,2011-03-30 13:39:00,2011-09-05 09:46:00,2,913.1900000000002,95,2,913.1900000000002,3,2,3,2,Need Attention,913.1900000000002
15365,2010-02-01,2010-02-04 16:43:00,2011-11-14 08:29:00,13,4557.129999999999,25,13,4557.129999999999,4,5,5,5,Champions,2314.32
15366,2010-02-01,2010-02-26 10:10:00,2011-09-25 15:01:00,7,2389.08,75,7,2389.08,3,4,4,4,Loyal,602.5100000000001
15367,2009-12-01,2009-12-10 14:20:00,2011-10-13 14:13:00,11,5081.33,57,11,5081.33,4,5,5,5,Champions,1877.5899999999997
15368,2010-11-01,2010-11-10 15:52:00,2011-11-18 14:42:00,2,722.74,21,2,722.74,4,2,3,2,New & Promising,446.94000000000005
15369,2009-12-01,2009-12-08 07:43:00,2010-08-04 13:54:00,11,6251.26,492,11,6251.26,1,5,5,5,At Risk – High Value,0.0
15370,2010-10-01,2010-10-25 12:08:00,2011-10-30 10:58:00,8,3739.01,40,8,3739.01,4,4,5,4,Champions,2386.05
15371,2010-02-01,2010-02-15 13:14:00,2010-02-15 13:14:00,1,59.400000000000006,662,1,59.400000000000006,1,1,1,1,Lost,0.0
15372,2010-02-01,2010-02-14 11:24:00,2011-07-25 16:39:00,8,6017.060000000001,137,8,6017.060000000001,3,4,5,4,Loyal,2007.4
15373,2010-05-01,2010-05-02 11:57:00,2011-12-01 15:05:00,17,3084.54,8,17,3084.54,5,5,5,5,Champions,2081.61
15374,2010-03-01,2010-03-25 12:03:00,2011-08-03 09:59:00,2,307.32000000000005,128,2,307.32000000000005,3,2,2,2,Need Attention,168.0
15375,2010-01-01,2010-01-18 15:38:00,2010-01-18 15:38:00,1,60.959999999999994,690,1,60.959999999999994,1,1,1,1,Lost,0.0
15376,2011-05-01,2011-05-01 13:45:00,2011-10-30 15:04:00,3,1221.5600000000004,40,3,1221.5600000000004,4,3,4,4,Champions,1221.5600000000004
15377,2010-10-01,2010-10-20 11:42:00,2010-11-22 08:55:00,4,1211.75,382,4,1211.75,2,3,4,4,At Risk – High Value,0.0
15378,2010-07-01,2010-07-26 08:47:00,2010-09-03 11:30:00,2,246.5,462,2,246.5,1,2,1,2,Lost,0.0
15379,2010-11-01,2010-11-04 11:59:00,2011-06-23 13:13:00,8,4877.84,169,8,4877.84,3,4,5,4,Loyal,3703.290000000001
15380,2009-12-01,2009-12-01 13:50:00,2011-12-01 12:13:00,11,3248.96,8,11,3248.96,5,5,5,5,Champions,1460.1600000000003
15381,2010-05-01,2010-05-05 14:35:00,2011-05-10 11:55:00,5,1890.5700000000002,213,5,1890.5700000000002,2,4,4,4,At Risk – High Value,596.85
15382,2009-12-01,2009-12-04 14:13:00,2011-11-25 10:58:00,12,13733.550000000003,14,12,13733.550000000003,5,5,5,5,Champions,5955.709999999999
15384,2010-04-01,2010-04-26 12:38:00,2011-06-23 10:57:00,4,2027.79,169,4,2027.79,3,3,4,4,Loyal,642.4099999999999
15385,2010-01-01,2010-01-31 13:02:00,2011-10-30 15:11:00,3,942.08,40,3,942.08,4,3,3,3,Loyal,316.88
15386,2011-06-01,2011-06-06 13:47:00,2011-06-06 13:47:00,1,394.14000000000004,186,1,394.14000000000004,3,1,2,2,Need Attention,394.14000000000004
15387,2010-08-01,2010-08-04 16:05:00,2010-08-04 16:05:00,1,468.6499999999998,492,1,468.6499999999998,1,1,2,2,Lost,0.0
15388,2011-03-01,2011-03-14 13:53:00,2011-03-14 13:53:00,1,140.54,270,1,140.54,2,1,1,1,Hibernating,140.54
15389,2010-01-01,2010-01-27 12:44:00,2011-06-20 16:18:00,5,2733.8,172,5,2733.8,3,4,4,4,Loyal,500.0
15390,2010-10-01,2010-10-26 17:23:00,2010-11-08 15:19:00,2,1216.6599999999999,396,2,1216.6599999999999,2,2,4,3,At Risk,0.0
15391,2010-05-01,2010-05-04 15:04:00,2010-05-04 15:04:00,1,289.87,584,1,289.87,1,1,2,2,Lost,0.0
15392,2010-10-01,2010-10-04 12:50:00,2011-12-05 11:01:00,7,2911.62,4,7,2911.62,5,4,5,4,Champions,1535.5300000000002
15393,2009-12-01,2009-12-15 17:56:00,2011-11-23 16:48:00,5,891.34,16,5,891.34,5,4,3,4,Champions,231.86
15394,2009-12-01,2009-12-15 19:05:00,2011-11-30 11:49:00,11,5286.8,9,11,5286.8,5,5,5,5,Champions,2183.54
15395,2011-01-01,2011-01-18 12:40:00,2011-01-18 12:40:00,1,107.45000000000002,325,1,107.45000000000002,2,1,1,1,Hibernating,107.45000000000002
15396,2010-05-01,2010-05-05 09:04:00,2011-08-19 10:56:00,2,796.38,112,2,796.38,3,2,3,2,Need Attention,288.17999999999995
15397,2011-02-01,2011-02-23 09:25:00,2011-02-23 09:25:00,1,94.0,289,1,94.0,2,1,1,1,Hibernating,94.0
15398,2011-09-01,2011-09-22 14:56:00,2011-11-23 16:47:00,2,1345.53,16,2,1345.53,5,2,4,3,Loyal,1345.53
15399,2011-09-01,2011-09-21 15:57:00,2011-12-08 13:04:00,3,815.77,1,3,815.77,5,3,3,3,Loyal,815.77
15400,2010-05-01,2010-05-28 08:33:00,2011-09-08 13:57:00,8,1302.3000000000002,92,8,1302.3000000000002,3,4,4,4,Loyal,716.2
15401,2010-05-01,2010-05-20 10:56:00,2010-09-13 13:42:00,2,216.95,452,2,216.95,1,2,1,2,Lost,0.0
15402,2010-04-01,2010-04-27 12:12:00,2011-07-14 12:17:00,6,1830.1200000000003,148,6,1830.1200000000003,3,4,4,4,Loyal,626.3499999999999
15403,2009-12-01,2009-12-09 12:45:00,2010-08-05 12:21:00,2,170.88,491,2,170.88,1,2,1,2,Lost,0.0
15404,2010-11-01,2010-11-29 11:03:00,2010-11-29 11:03:00,1,257.06,375,1,257.06,2,1,1,1,Hibernating,0.0
15405,2010-05-01,2010-05-12 15:56:00,2011-06-03 14:44:00,2,659.8399999999999,189,2,659.8399999999999,2,2,3,2,Hibernating,349.1
15406,2010-09-01,2010-09-12 13:06:00,2011-11-08 13:22:00,4,975.8699999999999,31,4,975.8699999999999,4,3,3,3,Loyal,510.7099999999999
15407,2011-02-01,2011-02-07 13:18:00,2011-11-06 11:55:00,4,1046.7399999999998,33,4,1046.7399999999998,4,3,3,3,Loyal,1046.7399999999998
15408,2011-03-01,2011-03-20 15:02:00,2011-03-20 15:02:00,1,267.17999999999995,264,1,267.17999999999995,2,1,1,1,Hibernating,267.17999999999995
15409,2009-12-01,2009-12-18 15:35:00,2009-12-18 15:35:00,1,131.25,721,1,131.25,1,1,1,1,Lost,0.0
15410,2010-04-01,2010-04-19 08:57:00,2011-09-16 14:47:00,10,4685.72,84,10,4685.72,3,5,5,5,Loyal,3450.84
15411,2011-06-01,2011-06-10 12:30:00,2011-11-13 15:19:00,4,1348.9299999999998,26,4,1348.9299999999998,4,3,4,4,Champions,1348.9299999999998
15412,2011-06-01,2011-06-21 15:24:00,2011-06-21 15:24:00,1,190.53000000000003,171,1,190.53000000000003,3,1,1,1,Need Attention,190.53000000000003
15413,2009-12-01,2009-12-01 10:18:00,2010-01-17 11:33:00,5,6798.72,691,5,6798.72,1,4,5,4,At Risk – High Value,0.0
15414,2011-04-01,2011-04-11 13:45:00,2011-11-30 09:50:00,3,774.9,9,3,774.9,5,3,3,3,Loyal,774.8999999999999
15415,2011-01-01,2011-01-30 14:13:00,2011-01-30 14:13:00,1,559.6099999999998,313,1,559.6099999999998,2,1,2,2,Hibernating,559.6099999999998
15416,2010-02-01,2010-02-01 11:55:00,2011-10-06 09:38:00,7,4572.82,64,7,4572.82,3,4,5,4,Loyal,3984.3199999999993
15417,2011-09-01,2011-09-15 15:26:00,2011-09-15 15:26:00,1,508.8000000000001,85,1,508.8000000000001,3,1,2,2,Need Attention,508.8000000000001
15418,2010-05-01,2010-05-02 11:31:00,2010-10-10 13:38:00,2,449.42,425,2,449.42,1,2,2,2,Lost,0.0
15419,2011-11-01,2011-11-15 09:23:00,2011-11-15 09:23:00,1,135.86,24,1,135.86,4,1,1,1,New & Promising,135.86
15420,2009-12-01,2009-12-05 13:29:00,2010-10-01 15:46:00,6,743.0,434,6,743.0,1,4,3,4,At Risk – High Value,0.0
15421,2009-12-01,2009-12-07 15:10:00,2011-10-12 09:20:00,10,3805.340000000001,58,10,3805.340000000001,4,5,5,5,Champions,950.3600000000001
15422,2010-02-01,2010-02-07 11:52:00,2011-01-20 16:17:00,7,1619.9700000000003,323,7,1619.9700000000003,2,4,4,4,At Risk – High Value,97.7
15423,2010-03-01,2010-03-28 13:42:00,2011-11-01 14:01:00,3,266.89,38,3,266.89,4,3,1,2,New & Promising,43.5
15424,2010-09-01,2010-09-02 17:17:00,2011-03-30 13:02:00,3,597.7800000000001,254,3,597.7800000000001,2,3,2,2,Hibernating,383.34000000000003
15425,2010-02-01,2010-02-14 12:36:00,2010-11-04 18:13:00,4,1941.12,400,4,1941.12,2,3,4,4,At Risk – High Value,0.0
15426,2010-05-01,2010-05-02 15:10:00,2011-11-20 15:36:00,9,2156.3499999999995,19,9,2156.3499999999995,5,5,4,4,Champions,1021.4999999999999
15427,2011-10-01,2011-10-23 14:47:00,2011-11-06 14:29:00,3,1430.5399999999997,33,3,1430.5399999999997,4,3,4,4,Champions,1430.5399999999997
15428,2009-12-01,2009-12-17 17:46:00,2011-11-24 16:54:00,4,762.75,15,4,762.75,5,3,3,3,Loyal,93.78
15429,2011-09-01,2011-09-25 13:42:00,2011-11-13 12:28:00,2,397.35,26,2,397.35,4,2,2,2,New & Promising,397.35
15430,2010-06-01,2010-06-29 15:04:00,2010-08-29 10:42:00,2,954.75,467,2,954.75,1,2,3,2,Lost,0.0
15431,2010-07-01,2010-07-25 12:44:00,2010-07-25 12:44:00,1,153.24,502,1,153.24,1,1,1,1,Lost,0.0
15432,2010-06-01,2010-06-16 14:34:00,2011-11-16 16:30:00,2,320.76,23,2,320.76,4,2,2,2,New & Promising,171.19
15433,2011-03-01,2011-03-17 14:12:00,2011-05-10 10:45:00,2,533.3,213,2,533.3,2,2,2,2,Hibernating,533.3
15434,2010-01-01,2010-01-24 15:35:00,2011-12-01 13:33:00,11,2567.06,8,11,2567.06,5,5,4,4,Champions,1041.48
15435,2011-11-01,2011-11-17 16:39:00,2011-11-17 16:39:00,1,149.29000000000005,22,1,149.29000000000005,4,1,1,1,New & Promising,149.29000000000005
15436,2011-04-01,2011-04-19 16:52:00,2011-11-27 16:05:00,3,1067.75,12,3,1067.75,5,3,3,3,Loyal,1067.75
15437,2010-03-01,2010-03-09 10:45:00,2011-03-22 13:11:00,2,393.45000000000005,262,2,393.45000000000005,2,2,2,2,Hibernating,200.16000000000003
15438,2011-07-01,2011-07-31 14:19:00,2011-07-31 14:19:00,1,156.57999999999998,131,1,156.57999999999998,3,1,1,1,Need Attention,156.57999999999998
15439,2010-02-01,2010-02-24 12:05:00,2010-10-31 10:38:00,4,1269.0500000000002,404,4,1269.0500000000002,2,3,4,4,At Risk – High Value,0.0
15440,2011-05-01,2011-05-15 11:30:00,2011-10-16 12:16:00,3,383.68000000000006,54,3,383.68000000000006,4,3,2,2,New & Promising,383.68000000000006
15441,2009-12-01,2009-12-09 14:55:00,2010-11-08 15:50:00,3,1254.2099999999998,396,3,1254.2099999999998,2,3,4,4,At Risk – High Value,0.0
15442,2011-04-01,2011-04-05 12:24:00,2011-04-05 12:24:00,1,594.0,248,1,594.0,2,1,2,2,Hibernating,594.0
15443,2010-03-01,2010-03-07 12:10:00,2011-12-08 10:40:00,14,5114.229999999999,1,14,5114.229999999999,5,5,5,5,Champions,3213.5899999999992
15444,2011-10-01,2011-10-30 16:12:00,2011-11-30 17:37:00,2,1411.21,9,2,1411.21,5,2,4,3,Loyal,1411.21
15445,2010-04-01,2010-04-28 15:00:00,2011-03-20 15:06:00,2,284.5,264,2,284.5,2,2,1,2,Hibernating,113.5
15446,2009-12-01,2009-12-13 13:53:00,2010-11-28 11:59:00,3,396.75,376,3,396.75,2,3,2,2,Hibernating,0.0
15447,2010-03-01,2010-03-24 14:40:00,2011-01-13 11:26:00,5,492.87999999999994,330,5,492.87999999999994,2,4,2,3,At Risk,155.17
15448,2010-02-01,2010-02-03 13:29:00,2011-01-31 10:42:00,2,788.81,312,2,788.81,2,2,3,2,Hibernating,494.64000000000004
15449,2011-03-01,2011-03-23 10:43:00,2011-11-13 15:02:00,3,974.5199999999998,26,3,974.5199999999998,4,3,3,3,Loyal,974.5199999999999
15450,2011-11-01,2011-11-09 17:11:00,2011-11-09 17:11:00,1,429.84,30,1,429.84,4,1,2,2,New & Promising,429.84
15451,2010-04-01,2010-04-19 14:08:00,2010-10-01 13:40:00,2,226.86,434,2,226.86,1,2,1,2,Lost,0.0
15452,2010-07-01,2010-07-16 14:23:00,2011-11-10 12:13:00,6,1785.1100000000004,29,6,1785.1100000000004,4,4,4,4,Champions,528.48
15453,2011-06-01,2011-06-05 12:37:00,2011-12-08 10:59:00,7,1371.7699999999998,1,7,1371.7699999999998,5,4,4,4,Champions,1371.77
15454,2010-03-01,2010-03-31 13:15:00,2010-12-12 14:21:00,2,303.89000000000004,362,2,303.89000000000004,2,2,2,2,Hibernating,179.10000000000002
15455,2010-04-01,2010-04-21 12:43:00,2010-04-21 12:43:00,1,38.25,597,1,38.25,1,1,1,1,Lost,0.0
15456,2009-12-01,2009-12-08 12:54:00,2011-03-01 13:51:00,10,2091.5200000000004,283,10,2091.5200000000004,2,5,4,4,At Risk – High Value,434.59
15457,2011-03-01,2011-03-22 15:31:00,2011-03-22 15:31:00,1,237.07000000000002,262,1,237.07000000000002,2,1,1,1,Hibernating,237.07000000000002
15458,2010-11-01,2010-11-02 19:50:00,2011-11-14 13:08:00,2,370.43999999999994,25,2,370.43999999999994,4,2,2,2,New & Promising,161.64
15459,2010-07-01,2010-07-30 14:31:00,2010-10-18 15:25:00,2,202.82999999999998,417,2,202.82999999999998,1,2,1,2,Lost,0.0
15460,2010-12-01,2010-12-20 16:08:00,2010-12-20 16:08:00,1,214.26,354,1,214.26,2,1,1,1,Hibernating,214.26
15461,2010-03-01,2010-03-18 12:40:00,2010-09-05 12:31:00,2,429.7,460,2,429.7,1,2,2,2,Lost,0.0
15462,2010-09-01,2010-09-20 10:23:00,2011-09-06 13:11:00,4,737.05,94,4,737.05,3,3,3,3,Loyal,234.6
15463,2011-11-01,2011-11-10 12:57:00,2011-11-10 12:57:00,1,126.14,29,1,126.14,4,1,1,1,New & Promising,126.14
15464,2011-01-01,2011-01-05 15:56:00,2011-01-05 15:56:00,1,1044.6500000000005,338,1,1044.6500000000005,2,1,3,2,Hibernating,1044.6500000000005
15465,2009-12-01,2009-12-10 09:42:00,2011-11-20 10:11:00,32,12100.400000000001,19,32,12100.400000000001,5,5,5,5,Champions,6818.87
15466,2009-12-01,2009-12-03 12:28:00,2011-09-15 14:08:00,4,1560.46,85,4,1560.46,3,3,4,4,Loyal,334.53000000000014
15467,2011-07-01,2011-07-10 14:42:00,2011-11-30 14:17:00,3,524.88,9,3,524.88,5,3,2,2,New & Promising,524.88
15468,2010-11-01,2010-11-12 09:39:00,2011-10-19 13:49:00,3,1430.48,51,3,1430.48,4,3,4,4,Champions,467.50999999999993
15469,2010-09-01,2010-09-27 10:09:00,2011-10-20 16:21:00,3,874.25,50,3,874.25,4,3,3,3,Loyal,538.55
15470,2010-05-01,2010-05-13 09:35:00,2010-05-13 09:35:00,1,63.419999999999995,575,1,63.419999999999995,1,1,1,1,Lost,0.0
15471,2010-06-01,2010-06-07 12:17:00,2011-12-07 14:12:00,3,1292.0099999999998,2,3,1292.0099999999998,5,3,4,4,Champions,454.47999999999985
15472,2011-08-01,2011-08-18 15:17:00,2011-08-18 15:17:00,1,371.56,113,1,371.56,3,1,2,2,Need Attention,371.56
15473,2010-09-01,2010-09-21 09:14:00,2011-11-25 15:15:00,8,2046.0,14,8,2046.0,5,4,4,4,Champions,1771.2
15474,2010-04-01,2010-04-23 11:14:00,2010-04-23 11:14:00,1,150.35000000000002,595,1,150.35000000000002,1,1,1,1,Lost,0.0
15475,2011-09-01,2011-09-23 15:20:00,2011-09-23 15:20:00,1,454.10999999999984,77,1,454.10999999999984,3,1,2,2,Need Attention,454.10999999999984
15476,2010-09-01,2010-09-23 14:00:00,2010-11-24 15:17:00,4,2209.9800000000005,380,4,2209.9800000000005,2,3,4,4,At Risk – High Value,0.0
15477,2010-02-01,2010-02-28 10:37:00,2010-02-28 10:37:00,1,368.4,649,1,368.4,1,1,2,2,Lost,0.0
15478,2010-05-01,2010-05-13 18:49:00,2011-10-30 14:19:00,3,1940.98,40,3,1940.98,4,3,4,4,Champions,1399.92
15479,2009-12-01,2009-12-06 15:08:00,2009-12-06 15:08:00,1,147.39999999999998,733,1,147.39999999999998,1,1,1,1,Lost,0.0
15480,2010-02-01,2010-02-01 14:52:00,2011-08-15 14:32:00,3,3592.249999999999,116,3,3592.249999999999,3,3,5,4,Loyal,905.5
15481,2010-11-01,2010-11-03 14:52:00,2010-11-03 14:52:00,1,1993.3400000000004,401,1,1993.3400000000004,2,1,4,2,Hibernating,0.0
15482,2009-12-01,2009-12-02 16:59:00,2011-11-24 10:46:00,18,14377.36,15,18,14377.36,5,5,5,5,Champions,10839.76
15483,2010-01-01,2010-01-24 15:42:00,2011-07-01 13:07:00,10,810.6800000000001,161,10,810.6800000000001,3,5,3,4,Loyal,225.26000000000005
15484,2009-12-01,2009-12-05 15:18:00,2011-12-08 15:03:00,6,4652.1,1,6,4652.1,5,4,5,4,Champions,3590.41
15485,2009-12-01,2009-12-01 17:31:00,2011-11-09 14:31:00,7,4810.92,30,7,4810.92,4,4,5,4,Champions,1624.9099999999999
15486,2010-06-01,2010-06-30 13:15:00,2010-06-30 13:15:00,1,102.0,527,1,102.0,1,1,1,1,Lost,0.0
15487,2010-01-01,2010-01-29 12:07:00,2010-01-29 12:07:00,1,231.32000000000002,679,1,231.32000000000002,1,1,1,1,Lost,0.0
15488,2010-05-01,2010-05-05 13:03:00,2011-09-08 10:11:00,5,431.92,92,5,431.92,3,4,2,3,Loyal,91.32000000000001
15489,2010-01-01,2010-01-15 16:58:00,2011-11-17 08:53:00,8,2419.6099999999997,22,8,2419.6099999999997,4,4,4,4,Champions,1134.28
15490,2010-10-01,2010-10-05 13:11:00,2010-10-05 13:11:00,1,210.84999999999997,430,1,210.84999999999997,1,1,1,1,Lost,0.0
15491,2011-04-01,2011-04-18 10:04:00,2011-09-05 15:56:00,6,3100.09,95,6,3100.09,3,4,5,4,Loyal,3100.09
15492,2011-09-01,2011-09-26 14:02:00,2011-11-11 14:53:00,2,659.4599999999999,28,2,659.4599999999999,4,2,3,2,New & Promising,659.4599999999999
15493,2010-02-01,2010-02-23 11:14:00,2011-11-07 12:04:00,9,4113.19,32,9,4113.19,4,5,5,5,Champions,1953.4099999999996
15494,2009-12-01,2009-12-10 20:16:00,2011-11-18 14:51:00,5,3702.6000000000004,21,5,3702.6000000000004,4,4,5,4,Champions,1280.5800000000004
15495,2010-11-01,2010-11-25 13:46:00,2010-11-25 13:46:00,1,246.49999999999997,379,1,246.49999999999997,2,1,1,1,Hibernating,0.0
15496,2010-03-01,2010-03-18 13:16:00,2010-03-18 13:16:00,1,146.14,631,1,146.14,1,1,1,1,Lost,0.0
15497,2009-12-01,2009-12-18 15:08:00,2011-11-22 11:51:00,9,8657.390000000001,17,9,8657.390000000001,5,5,5,5,Champions,1262.2
15498,2009-12-01,2009-12-16 17:27:00,2011-12-07 12:48:00,44,24972.86,2,44,24972.86,5,5,5,5,Champions,12339.68
15499,2009-12-01,2009-12-16 12:17:00,2009-12-16 12:17:00,1,158.64999999999998,723,1,158.64999999999998,1,1,1,1,Lost,0.0
15500,2011-09-01,2011-09-19 13:47:00,2011-12-01 13:47:00,4,1131.56,8,4,1131.56,5,3,3,3,Loyal,1131.56
15501,2010-10-01,2010-10-20 12:47:00,2010-10-31 11:15:00,2,399.94999999999993,404,2,399.94999999999993,2,2,2,2,Hibernating,0.0
15502,2010-06-01,2010-06-03 11:12:00,2011-11-24 12:48:00,12,9542.920000000002,15,12,9542.920000000002,5,5,5,5,Champions,5994.580000000002
15503,2009-12-01,2009-12-13 11:34:00,2010-12-12 10:57:00,2,257.3,362,2,257.3,2,2,1,2,Hibernating,141.04
15504,2010-02-01,2010-02-12 12:34:00,2011-09-19 13:45:00,4,391.45000000000005,81,4,391.45000000000005,3,3,2,2,Need Attention,52.83000000000001
15505,2011-07-01,2011-07-07 13:33:00,2011-10-18 07:56:00,5,3610.9600000000005,52,5,3610.9600000000005,4,4,5,4,Champions,3610.9600000000005
15506,2010-08-01,2010-08-19 12:38:00,2011-11-17 12:11:00,6,2030.33,22,6,2030.33,4,4,4,4,Champions,972.0799999999999
15507,2011-06-01,2011-06-21 11:19:00,2011-06-21 11:19:00,1,475.85999999999996,171,1,475.85999999999996,3,1,2,2,Need Attention,475.85999999999996
15508,2011-04-01,2011-04-18 15:31:00,2011-06-03 15:43:00,6,1000.27,189,6,1000.27,2,4,3,4,At Risk – High Value,1000.27
15509,2010-11-01,2010-11-24 14:48:00,2010-11-24 14:48:00,1,152.41,380,1,152.41,2,1,1,1,Hibernating,0.0
15510,2011-01-01,2011-01-13 12:10:00,2011-01-13 12:10:00,1,250.0,330,1,250.0,2,1,1,1,Hibernating,250.0
15511,2011-09-01,2011-09-15 15:05:00,2011-11-28 09:43:00,5,900.53,11,5,900.53,5,4,3,4,Champions,900.53
15512,2010-02-01,2010-02-01 13:23:00,2011-07-07 10:20:00,4,331.58,155,4,331.58,3,3,2,2,Need Attention,121.0
15513,2010-01-01,2010-01-13 14:59:00,2011-11-06 14:36:00,35,26437.05,33,35,26437.05,4,5,5,5,Champions,13444.720000000001
15514,2009-12-01,2009-12-04 16:37:00,2011-11-27 14:40:00,18,6388.280000000001,12,18,6388.280000000001,5,5,5,5,Champions,4023.7200000000003
15515,2010-11-01,2010-11-17 13:39:00,2010-11-17 13:39:00,1,171.80999999999997,387,1,171.80999999999997,2,1,1,1,Hibernating,0.0
15516,2011-10-01,2011-10-24 11:33:00,2011-10-26 10:51:00,3,62.43,44,3,62.43,4,3,1,2,New & Promising,62.43
15517,2011-04-01,2011-04-20 14:02:00,2011-04-20 14:02:00,1,267.03000000000003,233,1,267.03000000000003,2,1,1,1,Hibernating,267.03000000000003
15518,2009-12-01,2009-12-20 12:21:00,2011-10-06 13:05:00,15,4189.99,64,15,4189.99,3,5,5,5,Loyal,1921.5499999999997
15519,2010-09-01,2010-09-19 13:57:00,2010-11-21 14:35:00,2,344.61,383,2,344.61,2,2,2,2,Hibernating,0.0
15520,2011-12-01,2011-12-08 10:58:00,2011-12-08 10:58:00,1,343.49999999999994,1,1,343.49999999999994,5,1,2,2,New & Promising,343.49999999999994
15521,2010-01-01,2010-01-05 10:19:00,2011-10-30 13:42:00,16,7087.64,40,16,7087.64,4,5,5,5,Champions,3000.2000000000003
15522,2011-09-01,2011-09-13 12:26:00,2011-11-07 11:26:00,2,397.99,32,2,397.99,4,2,2,2,New & Promising,397.99
15523,2009-12-01,2009-12-02 15:16:00,2011-09-16 16:29:00,16,17259.19,84,16,17259.19,3,5,5,5,Loyal,412.00999999999993
15524,2010-04-01,2010-04-12 09:19:00,2011-11-15 12:09:00,2,591.4,24,2,591.4,4,2,2,2,New & Promising,440.0
15525,2010-11-01,2010-11-22 12:10:00,2011-12-07 14:43:00,4,887.72,2,4,887.72,5,3,3,3,Loyal,456.9400000000001
15526,2011-11-01,2011-11-06 15:01:00,2011-11-06 15:04:00,2,148.44,33,2,148.44,4,2,1,2,New & Promising,148.44
15527,2009-12-01,2009-12-15 17:31:00,2011-11-21 12:17:00,23,5554.040000000001,18,23,5554.040000000001,5,5,5,5,Champions,2428.53
15528,2011-03-01,2011-03-30 16:14:00,2011-03-30 16:14:00,1,229.32999999999993,254,1,229.32999999999993,2,1,1,1,Hibernating,229.32999999999993
15529,2010-11-01,2010-11-10 14:26:00,2011-11-17 11:29:00,12,4781.109999999999,22,12,4781.109999999999,4,5,5,5,Champions,3664.3899999999994
15530,2010-07-01,2010-07-15 11:10:00,2011-11-18 12:25:00,5,1808.6799999999998,21,5,1808.6799999999998,4,4,4,4,Champions,1497.31
15531,2011-11-01,2011-11-09 17:47:00,2011-12-01 18:43:00,2,1972.3900000000006,8,2,1972.3900000000006,5,2,4,3,Loyal,1972.3900000000006
15532,2010-06-01,2010-06-08 14:52:00,2011-11-14 14:51:00,10,3717.199999999999,25,10,3717.199999999999,4,5,5,5,Champions,1554.8299999999995
15533,2011-09-01,2011-09-11 15:41:00,2011-11-20 15:35:00,3,807.5699999999999,19,3,807.5699999999999,5,3,3,3,Loyal,807.5699999999999
15534,2009-12-01,2009-12-14 12:48:00,2009-12-14 12:48:00,1,162.25,725,1,162.25,1,1,1,1,Lost,0.0
15535,2010-09-01,2010-09-16 20:04:00,2011-06-19 16:02:00,6,1044.37,173,6,1044.37,3,4,3,4,Loyal,502.8999999999999
15536,2010-10-01,2010-10-26 16:31:00,2010-10-26 16:31:00,1,259.09000000000003,409,1,259.09000000000003,1,1,1,1,Lost,0.0
15537,2011-06-01,2011-06-29 13:10:00,2011-06-29 13:10:00,1,110.92000000000003,163,1,110.92000000000003,3,1,1,1,Need Attention,110.92000000000003
15538,2010-02-01,2010-02-14 12:38:00,2010-06-20 10:49:00,6,3358.4,537,6,3358.4,1,4,5,4,At Risk – High Value,0.0
15539,2011-12-01,2011-12-02 13:36:00,2011-12-02 13:36:00,1,538.46,7,1,538.46,5,1,2,2,New & Promising,538.46
15540,2010-11-01,2010-11-29 11:10:00,2011-11-28 13:51:00,2,460.68000000000006,11,2,460.68000000000006,5,2,2,2,New & Promising,213.30000000000004
15541,2011-08-01,2011-08-17 14:58:00,2011-08-17 14:58:00,1,85.13000000000002,114,1,85.13000000000002,3,1,1,1,Need Attention,85.13000000000002
15542,2009-12-01,2009-12-02 11:53:00,2010-07-15 13:32:00,3,855.7099999999999,512,3,855.7099999999999,1,3,3,3,At Risk,0.0
15543,2010-09-01,2010-09-06 11:28:00,2011-02-24 15:26:00,2,242.26,288,2,242.26,2,2,1,2,Hibernating,127.85999999999999
15544,2010-01-01,2010-01-28 14:39:00,2011-11-30 16:43:00,20,7807.889999999999,9,20,7807.889999999999,5,5,5,5,Champions,3192.17
15545,2010-12-01,2010-12-03 17:28:00,2011-10-16 13:24:00,2,288.97,54,2,288.97,4,2,2,2,New & Promising,153.64000000000001
15546,2010-04-01,2010-04-12 11:45:00,2010-04-12 11:51:00,2,1079.1000000000001,606,2,1079.1000000000001,1,2,3,2,Lost,0.0
15547,2009-12-01,2009-12-06 13:40:00,2011-12-02 12:52:00,26,10002.65,7,26,10002.65,5,5,5,5,Champions,4910.6
15548,2010-04-01,2010-04-23 12:20:00,2010-04-23 12:20:00,1,158.08999999999997,595,1,158.08999999999997,1,1,1,1,Lost,0.0
15549,2010-01-01,2010-01-11 13:16:00,2011-09-23 16:22:00,8,2330.41,77,8,2330.41,3,4,4,4,Loyal,1677.7099999999998
15550,2009-12-01,2009-12-03 15:15:00,2011-12-05 15:38:00,12,2211.05,4,12,2211.05,5,5,4,4,Champions,575.63
15551,2010-06-01,2010-06-07 15:05:00,2011-11-03 12:37:00,7,1679.8099999999997,36,7,1679.8099999999997,4,4,4,4,Champions,436.05999999999995
15552,2010-03-01,2010-03-26 16:17:00,2011-05-06 14:47:00,2,252.51999999999998,217,2,252.51999999999998,2,2,1,2,Hibernating,90.12
15553,2011-10-01,2011-10-10 14:02:00,2011-10-10 14:02:00,1,428.9299999999999,60,1,428.9299999999999,3,1,2,2,Need Attention,428.9299999999999
15554,2011-03-01,2011-03-07 09:00:00,2011-03-07 09:00:00,1,217.2,277,1,217.2,2,1,1,1,Hibernating,217.2
15555,2009-12-01,2009-12-06 11:58:00,2011-11-27 16:19:00,36,11233.779999999999,12,36,11233.779999999999,5,5,5,5,Champions,3973.09
15556,2011-11-01,2011-11-15 16:08:00,2011-11-15 16:08:00,1,279.77,24,1,279.77,4,1,1,1,New & Promising,279.77
15557,2011-11-01,2011-11-11 12:46:00,2011-11-11 12:46:00,1,468.90999999999997,28,1,468.90999999999997,4,1,2,2,New & Promising,468.90999999999997
15558,2010-03-01,2010-03-10 15:25:00,2010-03-10 15:25:00,1,202.67999999999998,639,1,202.67999999999998,1,1,1,1,Lost,0.0
15559,2010-05-01,2010-05-20 14:06:00,2010-05-20 14:06:00,1,1109.3999999999996,568,1,1109.3999999999996,1,1,3,2,Lost,0.0
15560,2010-11-01,2010-11-07 10:14:00,2010-11-07 10:15:00,2,153.51999999999998,397,2,153.51999999999998,2,2,1,2,Hibernating,0.0
15561,2010-02-01,2010-02-14 12:22:00,2011-11-28 11:07:00,8,1934.39,11,8,1934.39,5,4,4,4,Champions,800.59
15562,2009-12-01,2009-12-13 15:17:00,2010-12-23 09:55:00,3,671.43,351,3,671.43,2,3,3,3,At Risk,134.55
15563,2010-01-01,2010-01-28 11:36:00,2011-11-17 12:59:00,6,2820.460000000001,22,6,2820.460000000001,4,4,4,4,Champions,1361.4400000000005
15564,2010-02-01,2010-02-01 15:58:00,2010-09-02 15:52:00,2,70.74000000000001,463,2,70.74000000000001,1,2,1,2,Lost,0.0
15565,2011-09-01,2011-09-30 10:44:00,2011-10-20 14:33:00,2,173.16000000000003,50,2,173.16000000000003,4,2,1,2,New & Promising,173.16000000000003
15566,2009-12-01,2009-12-15 14:53:00,2010-11-12 12:11:00,2,227.87,392,2,227.87,2,2,1,2,Hibernating,0.0
15567,2011-11-01,2011-11-21 10:48:00,2011-11-21 10:48:00,1,186.01000000000002,18,1,186.01000000000002,5,1,1,1,New & Promising,186.01000000000002
15568,2011-09-01,2011-09-27 14:37:00,2011-12-07 11:27:00,3,758.29,2,3,758.29,5,3,3,3,Loyal,758.29
15569,2010-02-01,2010-02-28 10:55:00,2011-08-28 10:15:00,10,3583.45,103,10,3583.45,3,5,5,5,Loyal,1375.7099999999998
15570,2010-03-01,2010-03-28 14:04:00,2011-12-02 14:47:00,25,8736.489999999998,7,25,8736.489999999998,5,5,5,5,Champions,3631.17
15571,2009-12-01,2009-12-06 12:10:00,2011-11-28 10:02:00,14,3892.3500000000004,11,14,3892.3500000000004,5,5,5,5,Champions,650.4300000000001
15572,2010-04-01,2010-04-14 14:38:00,2011-12-05 10:09:00,10,3965.2,4,10,3965.2,5,5,5,5,Champions,2533.42
15573,2009-12-01,2009-12-10 14:19:00,2011-11-08 11:38:00,5,1180.4699999999998,31,5,1180.4699999999998,4,4,3,4,Champions,583.24
15574,2010-09-01,2010-09-01 14:37:00,2011-06-15 12:01:00,6,1101.44,177,6,1101.44,3,4,3,4,Loyal,326.59999999999997
15575,2010-03-01,2010-03-30 12:50:00,2010-03-30 12:50:00,1,30.1,619,1,30.1,1,1,1,1,Lost,0.0
15576,2011-11-01,2011-11-02 12:03:00,2011-11-02 12:03:00,1,921.3700000000002,37,1,921.3700000000002,4,1,3,2,New & Promising,921.3700000000002
15577,2009-12-01,2009-12-13 16:17:00,2011-07-11 17:03:00,5,396.03,151,5,396.03,3,4,2,3,Loyal,258.88
15578,2011-06-01,2011-06-30 13:03:00,2011-06-30 13:03:00,1,127.1,162,1,127.1,3,1,1,1,Need Attention,127.1
15579,2010-10-01,2010-10-03 14:37:00,2011-10-02 12:45:00,5,1250.6299999999997,68,5,1250.6299999999997,3,4,4,4,Loyal,327.6
15580,2010-02-01,2010-02-07 11:21:00,2010-11-28 11:00:00,8,1375.39,376,8,1375.39,2,4,4,4,At Risk – High Value,0.0
15581,2009-12-01,2009-12-02 12:19:00,2011-07-06 14:04:00,34,4505.16,156,34,4505.16,3,5,5,5,Loyal,445.09
15582,2011-05-01,2011-05-03 13:36:00,2011-11-15 09:55:00,3,682.9100000000001,24,3,682.9100000000001,4,3,3,3,Loyal,682.9100000000001
15583,2010-11-01,2010-11-28 15:04:00,2010-11-28 15:04:00,1,95.96000000000001,376,1,95.96000000000001,2,1,1,1,Hibernating,0.0
15584,2010-02-01,2010-02-07 12:16:00,2011-11-16 10:55:00,6,1268.1999999999998,23,6,1268.1999999999998,4,4,4,4,Champions,720.8599999999999
15585,2011-06-01,2011-06-16 08:38:00,2011-06-16 08:38:00,1,455.30000000000007,176,1,455.30000000000007,3,1,2,2,Need Attention,455.30000000000007
15586,2010-01-01,2010-01-08 10:02:00,2010-04-26 11:00:00,3,1139.1,592,3,1139.1,1,3,3,3,At Risk,0.0
15587,2010-08-01,2010-08-05 08:44:00,2011-10-20 13:37:00,7,1522.08,50,7,1522.08,4,4,4,4,Champions,913.68
15588,2010-01-01,2010-01-31 12:19:00,2010-01-31 12:19:00,1,579.6,677,1,579.6,1,1,2,2,Lost,0.0
15589,2011-02-01,2011-02-02 10:46:00,2011-03-29 09:54:00,3,478.53,255,3,478.53,2,3,2,2,Hibernating,478.53
15590,2010-04-01,2010-04-12 10:09:00,2010-11-22 14:49:00,5,1496.6,382,5,1496.6,2,4,4,4,At Risk – High Value,0.0
15591,2010-02-01,2010-02-04 09:20:00,2010-05-06 09:23:00,3,217.9,582,3,217.9,1,3,1,2,Lost,0.0
15592,2011-10-01,2011-10-24 08:59:00,2011-10-24 08:59:00,1,388.58,46,1,388.58,4,1,2,2,New & Promising,388.58
15593,2011-09-01,2011-09-30 11:46:00,2011-09-30 11:46:00,1,199.8,70,1,199.8,3,1,1,1,Need Attention,199.8
15594,2011-04-01,2011-04-19 10:08:00,2011-11-24 08:53:00,5,1771.7799999999997,15,5,1771.7799999999997,5,4,4,4,Champions,1771.7799999999997
15595,2010-08-01,2010-08-09 12:27:00,2010-08-09 12:27:00,1,357.6,487,1,357.6,1,1,2,2,Lost,0.0
15596,2010-07-01,2010-07-28 11:46:00,2011-08-31 10:55:00,9,2727.7200000000003,100,9,2727.7200000000003,3,5,4,4,Loyal,1004.27
15597,2010-05-01,2010-05-13 13:10:00,2011-11-04 13:26:00,2,563.37,35,2,563.37,4,2,2,2,New & Promising,324.57
15598,2010-10-01,2010-10-08 09:20:00,2011-10-17 16:04:00,2,548.02,53,2,548.02,4,2,2,2,New & Promising,240.68
15599,2010-09-01,2010-09-20 10:15:00,2011-11-13 11:44:00,3,1250.06,26,3,1250.06,4,3,4,4,Champions,761.74
15600,2010-04-01,2010-04-25 11:50:00,2010-10-07 14:30:00,4,1199.31,428,4,1199.31,1,3,3,3,At Risk,0.0
15601,2009-12-01,2009-12-01 14:53:00,2011-11-28 15:15:00,30,14191.740000000002,11,30,14191.740000000002,5,5,5,5,Champions,6008.18
15602,2009-12-01,2009-12-02 09:35:00,2011-12-01 14:14:00,16,3137.96,8,16,3137.96,5,5,5,5,Champions,1205.32
15603,2010-03-01,2010-03-01 16:02:00,2011-09-22 10:04:00,2,88.48,78,2,88.48,3,2,1,2,Need Attention,48.480000000000004
15604,2011-10-01,2011-10-18 14:47:00,2011-10-18 14:47:00,1,216.39000000000001,52,1,216.39000000000001,4,1,1,1,New & Promising,216.39000000000001
15605,2010-01-01,2010-01-14 14:03:00,2011-11-03 14:17:00,9,1741.9500000000003,36,9,1741.9500000000003,4,5,4,4,Champions,1003.3800000000001
15606,2010-03-01,2010-03-02 14:48:00,2011-10-09 15:47:00,17,5230.99,61,17,5230.99,3,5,5,5,Loyal,2920.16
15607,2010-01-01,2010-01-08 12:16:00,2011-01-07 12:44:00,9,1708.97,336,9,1708.97,2,5,4,4,At Risk – High Value,104.76
15608,2010-10-01,2010-10-20 10:10:00,2011-11-11 13:20:00,5,1785.98,28,5,1785.98,4,4,4,4,Champions,1093.68
15609,2011-06-01,2011-06-08 13:00:00,2011-06-08 13:00:00,1,298.48,184,1,298.48,3,1,2,2,Need Attention,298.48
15610,2011-10-01,2011-10-19 10:36:00,2011-10-19 10:36:00,1,112.46,51,1,112.46,4,1,1,1,New & Promising,112.46
15611,2010-01-01,2010-01-25 14:50:00,2011-11-30 12:36:00,24,2976.28,9,24,2976.28,5,5,5,5,Champions,1570.45
15612,2011-10-01,2011-10-09 12:49:00,2011-11-03 14:52:00,2,195.15,36,2,195.15,4,2,1,2,New & Promising,195.15
15613,2010-04-01,2010-04-08 12:51:00,2010-04-08 12:51:00,1,433.7199999999999,610,1,433.7199999999999,1,1,2,2,Lost,0.0
15614,2010-03-01,2010-03-23 11:13:00,2010-09-28 10:46:00,4,3147.3600000000006,437,4,3147.3600000000006,1,3,5,4,At Risk – High Value,0.0
15615,2009-12-01,2009-12-02 15:28:00,2011-11-29 14:42:00,47,21373.969999999998,10,47,21373.969999999998,5,5,5,5,Champions,10399.74
15616,2010-09-01,2010-09-27 13:10:00,2010-09-27 13:10:00,1,317.10999999999996,438,1,317.10999999999996,1,1,2,2,Lost,0.0
15617,2010-07-01,2010-07-20 13:16:00,2010-11-08 16:07:00,3,828.5500000000002,396,3,828.5500000000002,2,3,3,3,At Risk,0.0
15618,2011-07-01,2011-07-26 10:13:00,2011-11-07 08:34:00,4,776.8499999999999,32,4,776.8499999999999,4,3,3,3,Loyal,776.8499999999999
15619,2011-11-01,2011-11-29 08:14:00,2011-11-29 08:14:00,1,336.40000000000003,10,1,336.40000000000003,5,1,2,2,New & Promising,336.40000000000003
15620,2010-10-01,2010-10-26 11:32:00,2011-10-14 12:41:00,4,1942.3599999999997,56,4,1942.3599999999997,4,3,4,4,Champions,1553.1799999999998
15621,2011-11-01,2011-11-18 11:49:00,2011-12-05 14:01:00,4,1293.03,4,4,1293.03,5,3,4,4,Champions,1293.03
15622,2010-03-01,2010-03-04 10:29:00,2011-10-27 16:44:00,17,7852.610000000001,43,17,7852.610000000001,4,5,5,5,Champions,3709.56
15623,2009-12-01,2009-12-10 14:46:00,2011-07-21 17:26:00,8,2437.05,141,8,2437.05,3,4,4,4,Loyal,301.03
15624,2011-03-01,2011-03-28 13:32:00,2011-08-15 11:38:00,4,588.13,116,4,588.13,3,3,2,2,Need Attention,588.13
15625,2010-06-01,2010-06-15 15:23:00,2011-08-28 10:21:00,9,3236.4,103,9,3236.4,3,5,5,5,Loyal,1534.2600000000002
15626,2010-10-01,2010-10-14 17:16:00,2011-09-26 10:03:00,3,1067.52,74,3,1067.52,3,3,3,3,Loyal,675.8
15627,2010-07-01,2010-07-05 11:56:00,2010-09-08 14:14:00,2,566.9,457,2,566.9,1,2,2,2,Lost,0.0
15628,2009-12-01,2009-12-13 13:39:00,2011-12-05 10:24:00,17,5333.08,4,17,5333.08,5,5,5,5,Champions,2551.06
15629,2010-06-01,2010-06-25 11:39:00,2010-09-15 13:46:00,4,2240.9,450,4,2240.9,1,3,4,4,At Risk – High Value,0.0
15630,2010-03-01,2010-03-05 14:30:00,2011-10-25 15:36:00,3,1481.3999999999999,45,3,1481.3999999999999,4,3,4,4,Champions,1186.35
15631,2010-03-01,2010-03-07 14:52:00,2010-03-07 14:52:00,1,596.6700000000001,642,1,596.6700000000001,1,1,2,2,Lost,0.0
15632,2011-03-01,2011-03-10 08:29:00,2011-11-24 09:51:00,8,3285.3099999999995,15,8,3285.3099999999995,5,4,5,4,Champions,3285.31
15633,2009-12-01,2009-12-08 17:51:00,2010-07-18 13:54:00,13,4335.96,509,13,4335.96,1,5,5,5,At Risk – High Value,0.0
15634,2010-11-01,2010-11-21 15:30:00,2011-11-22 16:28:00,2,554.6500000000001,17,2,554.6500000000001,5,2,2,2,New & Promising,243.55
15635,2010-11-01,2010-11-09 08:58:00,2010-11-09 08:58:00,1,100.35,395,1,100.35,2,1,1,1,Hibernating,0.0
15636,2010-05-01,2010-05-19 11:37:00,2011-09-11 11:17:00,4,1444.58,89,4,1444.58,3,3,4,4,Loyal,724.76
15637,2009-12-01,2009-12-15 17:54:00,2011-10-18 08:28:00,5,797.59,52,5,797.59,4,4,3,4,Champions,223.36
15638,2010-04-01,2010-04-08 14:37:00,2010-11-26 11:52:00,6,2265.2,378,6,2265.2,2,4,4,4,At Risk – High Value,0.0
15639,2010-04-01,2010-04-13 13:11:00,2011-07-28 14:30:00,3,1065.08,134,3,1065.08,3,3,3,3,Loyal,425.31999999999994
15640,2009-12-01,2009-12-14 16:36:00,2011-12-05 14:35:00,29,23459.510000000002,4,29,23459.510000000002,5,5,5,5,Champions,12082.390000000001
15641,2009-12-01,2009-12-06 15:31:00,2011-08-26 14:04:00,12,5345.55,105,12,5345.55,3,5,5,5,Loyal,1887.2
15642,2009-12-01,2009-12-10 11:51:00,2009-12-10 11:51:00,1,105.78000000000003,729,1,105.78000000000003,1,1,1,1,Lost,0.0
15643,2011-03-01,2011-03-02 14:34:00,2011-06-01 07:38:00,3,664.0,191,3,664.0,2,3,3,3,At Risk,664.0
15644,2011-03-01,2011-03-23 15:37:00,2011-06-26 14:54:00,4,803.54,166,4,803.54,3,3,3,3,Loyal,803.54
15645,2010-10-01,2010-10-10 12:51:00,2011-11-21 11:55:00,3,1054.7499999999995,18,3,1054.7499999999995,5,3,3,3,Loyal,611.5899999999997
15646,2010-10-01,2010-10-25 13:06:00,2011-07-05 09:53:00,5,784.81,157,5,784.81,3,4,3,4,Loyal,257.84000000000003
15647,2010-10-01,2010-10-20 15:09:00,2010-10-20 15:09:00,1,169.0,415,1,169.0,1,1,1,1,Lost,0.0
15648,2011-03-01,2011-03-17 18:59:00,2011-05-19 15:53:00,2,639.5,204,2,639.5,2,2,3,2,Hibernating,639.5
15649,2010-11-01,2010-11-17 16:22:00,2011-01-07 13:34:00,4,1660.35,336,4,1660.35,2,3,4,4,At Risk – High Value,306.0
15650,2010-03-01,2010-03-21 11:46:00,2010-07-06 10:41:00,2,553.88,521,2,553.88,1,2,2,2,Lost,0.0
15651,2010-04-01,2010-04-22 13:26:00,2011-11-03 08:41:00,5,1259.06,36,5,1259.06,4,4,4,4,Champions,646.3000000000001
15652,2010-08-01,2010-08-11 16:58:00,2011-09-09 14:22:00,5,1405.9399999999998,91,5,1405.9399999999998,3,4,4,4,Loyal,337.74
15653,2011-08-01,2011-08-16 09:50:00,2011-09-08 10:49:00,2,877.4399999999999,92,2,877.4399999999999,3,2,3,2,Need Attention,877.4399999999999
15654,2011-11-01,2011-11-13 15:15:00,2011-11-30 13:08:00,2,922.5300000000002,9,2,922.5300000000002,5,2,3,2,New & Promising,922.5300000000002
15655,2011-04-01,2011-04-10 15:25:00,2011-04-10 15:25:00,1,560.67,243,1,560.67,2,1,2,2,Hibernating,560.67
15656,2011-02-01,2011-02-28 15:32:00,2011-10-25 14:56:00,4,748.5000000000001,45,4,748.5000000000001,4,3,3,3,Loyal,748.5000000000001
15657,2011-11-01,2011-11-17 12:19:00,2011-11-17 12:19:00,1,30.0,22,1,30.0,4,1,1,1,New & Promising,30.0
15658,2009-12-01,2009-12-03 11:19:00,2011-06-02 15:22:00,8,2117.2700000000004,190,8,2117.2700000000004,2,4,4,4,At Risk – High Value,717.9000000000001
15659,2010-02-01,2010-02-24 13:32:00,2011-10-27 09:23:00,3,532.4900000000001,43,3,532.4900000000001,4,3,2,2,New & Promising,306.45000000000005
15660,2010-02-01,2010-02-05 16:01:00,2011-11-14 16:58:00,15,2603.6899999999996,25,15,2603.6899999999996,4,5,4,4,Champions,1391.56
15661,2010-05-01,2010-05-10 07:59:00,2011-01-26 13:56:00,8,1215.9499999999998,317,8,1215.9499999999998,2,4,4,4,At Risk – High Value,309.79999999999995
15662,2009-12-01,2009-12-01 13:49:00,2010-02-16 16:47:00,2,283.73,661,2,283.73,1,2,1,2,Lost,0.0
15663,2011-08-01,2011-08-25 15:50:00,2011-08-25 15:50:00,1,138.14000000000001,106,1,138.14000000000001,3,1,1,1,Need Attention,138.14000000000001
15664,2010-02-01,2010-02-28 12:50:00,2011-10-20 10:57:00,4,1231.53,50,4,1231.53,4,3,4,4,Champions,386.43
15665,2010-03-01,2010-03-14 15:07:00,2011-06-24 14:57:00,5,3987.07,168,5,3987.07,3,4,5,4,Loyal,2222.2100000000005
15666,2010-08-01,2010-08-01 15:41:00,2010-08-24 16:14:00,2,632.94,472,2,632.94,1,2,3,2,Lost,0.0
15667,2011-10-01,2011-10-31 10:56:00,2011-10-31 10:56:00,1,301.32000000000005,39,1,301.32000000000005,4,1,2,2,New & Promising,301.32000000000005
15668,2011-05-01,2011-05-06 10:39:00,2011-05-06 10:39:00,1,76.32000000000001,217,1,76.32000000000001,2,1,1,1,Hibernating,76.32000000000001
15669,2011-03-01,2011-03-21 09:13:00,2011-10-30 16:03:00,4,684.34,40,4,684.34,4,3,3,3,Loyal,684.34
15670,2010-06-01,2010-06-01 15:34:00,2011-02-16 10:50:00,2,325.20000000000005,296,2,325.20000000000005,2,2,2,2,Hibernating,173.05
15671,2011-03-01,2011-03-14 09:37:00,2011-11-21 12:43:00,7,2657.13,18,7,2657.13,5,4,4,4,Champions,2657.13
15672,2009-12-01,2009-12-14 16:52:00,2009-12-14 16:52:00,1,45.300000000000004,725,1,45.300000000000004,1,1,1,1,Lost,0.0
15673,2010-02-01,2010-02-22 14:28:00,2011-09-12 16:12:00,9,6204.320000000001,88,9,6204.320000000001,3,5,5,5,Loyal,2726.2300000000005
15674,2009-12-01,2009-12-08 17:08:00,2011-09-27 15:17:00,12,6613.52,73,12,6613.52,3,5,5,5,Loyal,2111.89
15675,2010-10-01,2010-10-31 14:14:00,2011-09-19 13:48:00,4,542.04,81,4,542.04,3,3,2,2,Need Attention,323.69
15676,2011-03-01,2011-03-01 10:19:00,2011-11-21 12:40:00,3,3435.7599999999993,18,3,3435.7599999999993,5,3,5,4,Champions,3435.7599999999993
15677,2010-09-01,2010-09-02 12:08:00,2011-10-21 15:36:00,3,1305.6299999999999,49,3,1305.6299999999999,4,3,4,4,Champions,657.23
15678,2010-07-01,2010-07-05 12:49:00,2011-10-18 09:25:00,3,1825.9400000000003,52,3,1825.9400000000003,4,3,4,4,Champions,352.70000000000005
15679,2011-06-01,2011-06-10 08:24:00,2011-11-15 16:19:00,4,781.2799999999997,24,4,781.2799999999997,4,3,3,3,Loyal,781.2799999999997
15680,2009-12-01,2009-12-02 12:15:00,2011-11-30 13:46:00,10,4028.6899999999996,9,10,4028.6899999999996,5,5,5,5,Champions,854.79
15681,2010-05-01,2010-05-24 14:18:00,2011-11-14 16:30:00,14,2989.7,25,14,2989.7,4,5,5,5,Champions,1426.1599999999999
15682,2010-01-01,2010-01-21 14:37:00,2010-04-19 15:30:00,2,318.24,599,2,318.24,1,2,2,2,Lost,0.0
15683,2010-08-01,2010-08-23 12:01:00,2011-08-14 12:56:00,2,524.54,117,2,524.54,3,2,2,2,Need Attention,193.75
15684,2009-12-01,2009-12-04 16:13:00,2010-06-10 18:51:00,3,173.95000000000002,547,3,173.95000000000002,1,3,1,2,Lost,0.0
15685,2010-09-01,2010-09-15 13:43:00,2010-09-15 13:43:00,1,55.98000000000001,450,1,55.98000000000001,1,1,1,1,Lost,0.0
15686,2010-10-01,2010-10-15 13:50:00,2010-10-15 13:50:00,1,90.0,420,1,90.0,1,1,1,1,Lost,0.0
15687,2011-01-01,2011-01-13 15:13:00,2011-12-01 08:33:00,9,2993.1,8,9,2993.1,5,5,5,5,Champions,2993.1
15688,2010-10-01,2010-10-17 12:06:00,2010-10-17 12:06:00,1,190.57,418,1,190.57,1,1,1,1,Lost,0.0
15689,2010-04-01,2010-04-01 09:53:00,2011-08-12 09:37:00,3,521.03,119,3,521.03,3,3,2,2,Need Attention,254.1
15690,2011-08-01,2011-08-31 11:40:00,2011-12-05 15:59:00,2,239.76,4,2,239.76,5,2,1,2,New & Promising,239.76
15691,2009-12-01,2009-12-06 16:01:00,2011-04-01 15:13:00,4,571.3,252,4,571.3,2,3,2,2,Hibernating,136.8
15692,2011-11-01,2011-11-11 14:12:00,2011-11-11 14:12:00,1,191.04000000000002,28,1,191.04000000000002,4,1,1,1,New & Promising,191.04000000000002
15693,2010-02-01,2010-02-18 14:37:00,2010-02-18 14:37:00,1,37.5,659,1,37.5,1,1,1,1,Lost,0.0
15694,2009-12-01,2009-12-07 15:43:00,2011-12-09 09:44:00,23,9963.48,0,23,9963.48,5,5,5,5,Champions,5632.07
15695,2010-01-01,2010-01-27 10:56:00,2011-03-18 08:32:00,4,1131.0400000000002,266,4,1131.0400000000002,2,3,3,3,At Risk,409.9800000000001
15696,2010-01-01,2010-01-24 14:36:00,2011-11-06 14:02:00,13,3881.2200000000003,33,13,3881.2200000000003,4,5,5,5,Champions,2711.1099999999997
15697,2010-01-01,2010-01-19 09:10:00,2010-01-19 09:10:00,1,246.75,689,1,246.75,1,1,1,1,Lost,0.0
15698,2010-03-01,2010-03-25 17:38:00,2010-03-25 17:38:00,1,46.2,624,1,46.2,1,1,1,1,Lost,0.0
15699,2011-11-01,2011-11-22 08:26:00,2011-11-22 08:26:00,1,309.6499999999999,17,1,309.6499999999999,5,1,2,2,New & Promising,309.6499999999999
15700,2011-06-01,2011-06-19 15:36:00,2011-06-20 16:53:00,2,696.6799999999996,172,2,696.6799999999996,3,2,3,2,Need Attention,696.6799999999996
15701,2011-08-01,2011-08-21 12:36:00,2011-12-07 14:39:00,4,1529.0,2,4,1529.0,5,3,4,4,Champions,1529.0
15702,2010-08-01,2010-08-20 14:50:00,2010-08-20 14:50:00,1,112.57000000000001,476,1,112.57000000000001,1,1,1,1,Lost,0.0
15703,2011-03-01,2011-03-20 10:51:00,2011-03-20 10:51:00,1,211.5,264,1,211.5,2,1,1,1,Hibernating,211.5
15704,2010-05-01,2010-05-05 14:51:00,2011-07-22 13:35:00,6,3734.6600000000003,140,6,3734.6600000000003,3,4,5,4,Loyal,2293.62
15705,2011-05-01,2011-05-22 15:37:00,2011-05-22 15:37:00,1,143.10000000000002,201,1,143.10000000000002,2,1,1,1,Hibernating,143.10000000000002
15706,2011-08-01,2011-08-15 14:32:00,2011-10-07 10:09:00,4,1060.56,63,4,1060.56,3,3,3,3,Loyal,1060.56
15707,2011-09-01,2011-09-14 14:19:00,2011-11-04 14:35:00,4,916.98,35,4,916.98,4,3,3,3,Loyal,916.98
15708,2010-10-01,2010-10-10 11:33:00,2011-10-30 10:54:00,9,3887.1500000000005,40,9,3887.1500000000005,4,5,5,5,Champions,2917.96
15709,2010-04-01,2010-04-29 18:31:00,2011-03-01 10:38:00,2,327.84999999999997,283,2,327.84999999999997,2,2,2,2,Hibernating,133.25
15710,2010-10-01,2010-10-18 17:05:00,2010-10-18 17:05:00,1,898.8700000000005,417,1,898.8700000000005,1,1,3,2,Lost,0.0
15711,2010-01-01,2010-01-24 12:13:00,2010-06-01 12:14:00,2,420.25,556,2,420.25,1,2,2,2,Lost,0.0
15712,2009-12-01,2009-12-01 11:17:00,2011-11-30 14:09:00,12,3472.41,9,12,3472.41,5,5,5,5,Champions,1072.3600000000001
15713,2009-12-01,2009-12-16 09:41:00,2011-07-19 13:34:00,4,839.64,143,4,839.64,3,3,3,3,Loyal,185.55
15714,2010-06-01,2010-06-02 12:08:00,2011-11-28 11:26:00,5,783.96,11,5,783.96,5,4,3,4,Champions,330.03
15715,2010-03-01,2010-03-30 12:17:00,2010-06-02 09:56:00,5,658.02,555,5,658.02,1,4,3,4,At Risk – High Value,0.0
15716,2009-12-01,2009-12-07 12:42:00,2011-07-17 11:59:00,11,2482.74,145,11,2482.74,3,5,4,4,Loyal,571.7099999999999
15717,2010-04-01,2010-04-26 10:41:00,2011-04-19 13:21:00,5,607.0,234,5,607.0,2,4,3,4,At Risk – High Value,150.3
15718,2010-06-01,2010-06-17 16:20:00,2010-06-17 16:20:00,1,293.78999999999996,540,1,293.78999999999996,1,1,2,2,Lost,0.0
15719,2009-12-01,2009-12-01 12:47:00,2011-11-07 12:29:00,31,10194.32,32,31,10194.32,4,5,5,5,Champions,5028.419999999999
15720,2010-06-01,2010-06-07 15:40:00,2011-11-15 14:48:00,2,739.2200000000001,24,2,739.2200000000001,4,2,3,2,New & Promising,598.7300000000001
15721,2011-11-01,2011-11-28 12:14:00,2011-11-28 12:14:00,1,471.3999999999999,11,1,471.3999999999999,5,1,2,2,New & Promising,471.3999999999999
15722,2010-03-01,2010-03-09 15:05:00,2011-11-04 11:43:00,11,5234.0,35,11,5234.0,4,5,5,5,Champions,2211.21
15723,2010-05-01,2010-05-14 12:55:00,2010-12-10 11:12:00,4,930.7000000000002,364,4,930.7000000000002,2,3,3,3,At Risk,190.70000000000005
15724,2010-11-01,2010-11-04 10:22:00,2011-05-22 14:40:00,3,310.85,201,3,310.85,2,3,2,2,Hibernating,218.25
15725,2011-11-01,2011-11-24 14:51:00,2011-11-24 14:51:00,1,415.2500000000001,15,1,415.2500000000001,5,1,2,2,New & Promising,415.2500000000001
15726,2010-11-01,2010-11-14 16:12:00,2010-11-14 16:12:00,1,321.9100000000001,390,1,321.9100000000001,2,1,2,2,Hibernating,0.0
15727,2010-01-01,2010-01-24 12:12:00,2011-11-23 12:36:00,15,9371.71,16,15,9371.71,5,5,5,5,Champions,5159.06
15728,2010-09-01,2010-09-21 14:46:00,2010-11-25 10:39:00,2,544.6,379,2,544.6,2,2,2,2,Hibernating,0.0
15729,2010-11-01,2010-11-01 13:44:00,2011-05-11 12:36:00,3,192.55,212,3,192.55,2,3,1,2,Hibernating,85.0
15730,2010-10-01,2010-10-04 14:15:00,2011-10-05 12:31:00,5,1726.58,65,5,1726.58,3,4,4,4,Loyal,1120.8799999999999
15731,2010-06-01,2010-06-04 10:10:00,2010-06-04 10:10:00,1,125.3,553,1,125.3,1,1,1,1,Lost,0.0
15732,2010-02-01,2010-02-04 10:10:00,2011-05-11 14:24:00,10,1543.9699999999998,212,10,1543.9699999999998,2,5,4,4,At Risk – High Value,156.01999999999998
15733,2011-03-01,2011-03-02 09:05:00,2011-03-02 09:05:00,1,162.3,282,1,162.3,2,1,1,1,Hibernating,162.3
15734,2010-06-01,2010-06-10 14:25:00,2011-08-17 10:50:00,4,2263.3,114,4,2263.3,3,3,4,4,Loyal,1339.4500000000003
15735,2010-10-01,2010-10-14 13:38:00,2010-10-14 13:38:00,1,327.67999999999995,421,1,327.67999999999995,1,1,2,2,Lost,0.0
15736,2010-09-01,2010-09-30 14:19:00,2010-09-30 14:20:00,2,1767.1199999999997,435,2,1767.1199999999997,1,2,4,3,At Risk,0.0
15737,2011-04-01,2011-04-11 10:01:00,2011-11-25 11:21:00,8,1188.12,14,8,1188.12,5,4,3,4,Champions,1188.12
15738,2009-12-01,2009-12-10 15:52:00,2011-11-21 08:26:00,41,13043.319999999996,18,41,13043.319999999996,5,5,5,5,Champions,4482.77
15739,2011-10-01,2011-10-04 13:42:00,2011-10-04 13:42:00,1,449.12000000000006,66,1,449.12000000000006,3,1,2,2,Need Attention,449.12000000000006
15740,2011-10-01,2011-10-21 14:29:00,2011-10-21 14:29:00,1,154.88000000000002,49,1,154.88000000000002,4,1,1,1,New & Promising,154.88000000000002
15741,2010-03-01,2010-03-31 11:55:00,2010-09-07 16:21:00,2,208.62000000000003,458,2,208.62000000000003,1,2,1,2,Lost,0.0
15742,2010-03-01,2010-03-30 15:25:00,2010-03-30 15:25:00,1,156.86999999999998,619,1,156.86999999999998,1,1,1,1,Lost,0.0
15743,2011-06-01,2011-06-08 10:14:00,2011-11-23 17:19:00,4,775.9600000000002,16,4,775.9600000000002,5,3,3,3,Loyal,775.9600000000002
15744,2011-09-01,2011-09-23 09:52:00,2011-09-23 09:52:00,1,34.8,77,1,34.8,3,1,1,1,Need Attention,34.8
15745,2011-04-01,2011-04-17 13:04:00,2011-11-20 13:45:00,4,1094.59,19,4,1094.59,5,3,3,3,Loyal,1094.5900000000001
15746,2011-07-01,2011-07-28 15:21:00,2011-07-28 15:21:00,1,196.87999999999997,134,1,196.87999999999997,3,1,1,1,Need Attention,196.87999999999997
15747,2010-01-01,2010-01-18 11:21:00,2011-11-27 12:26:00,9,2499.8100000000004,12,9,2499.8100000000004,5,5,4,4,Champions,946.6400000000002
15748,2010-09-01,2010-09-16 16:52:00,2011-10-30 12:51:00,3,609.81,40,3,609.81,4,3,3,3,Loyal,144.35999999999996
15749,2011-01-01,2011-01-11 12:55:00,2011-04-18 13:20:00,3,44534.3,235,3,44534.3,2,3,5,4,At Risk – High Value,44534.3
15750,2009-12-01,2009-12-01 17:19:00,2011-12-07 12:34:00,18,6452.99,2,18,6452.99,5,5,5,5,Champions,2122.5299999999997
15751,2009-12-01,2009-12-06 13:08:00,2010-09-05 12:44:00,11,1380.44,460,11,1380.44,1,5,4,4,At Risk – High Value,0.0
15752,2010-09-01,2010-09-08 11:56:00,2011-10-31 11:37:00,9,3924.91,39,9,3924.91,4,5,5,5,Champions,2366.9500000000003
15753,2011-02-01,2011-02-08 12:41:00,2011-02-08 12:41:00,1,79.2,304,1,79.2,2,1,1,1,Hibernating,79.2
15754,2010-02-01,2010-02-22 13:31:00,2011-10-19 14:40:00,9,3037.6099999999997,51,9,3037.6099999999997,4,5,5,5,Champions,458.57
15755,2009-12-01,2009-12-04 08:24:00,2011-11-29 14:57:00,17,5993.12,10,17,5993.12,5,5,5,5,Champions,2364.25
15756,2011-04-01,2011-04-04 14:00:00,2011-10-09 13:30:00,4,528.0100000000002,61,4,528.0100000000002,3,3,2,2,Need Attention,528.0100000000002
15757,2010-06-01,2010-06-10 13:47:00,2011-10-05 12:14:00,6,2940.3600000000006,65,6,2940.3600000000006,3,4,5,4,Loyal,714.42
15758,2011-11-01,2011-11-15 10:48:00,2011-11-15 10:48:00,1,205.25,24,1,205.25,4,1,1,1,New & Promising,205.25
15759,2009-12-01,2009-12-02 10:08:00,2011-05-05 15:13:00,7,830.9300000000001,218,7,830.9300000000001,2,4,3,4,At Risk – High Value,253.04000000000002
15761,2010-09-01,2010-09-23 09:33:00,2010-09-23 09:33:00,1,143.05,442,1,143.05,1,1,1,1,Lost,0.0
15762,2011-09-01,2011-09-23 15:17:00,2011-10-05 16:15:00,2,583.75,65,2,583.75,3,2,2,2,Need Attention,583.75
15763,2011-09-01,2011-09-23 12:10:00,2011-11-08 09:44:00,2,1086.92,31,2,1086.92,4,2,3,2,New & Promising,1086.92
15764,2010-08-01,2010-08-18 13:58:00,2011-09-12 17:58:00,8,4503.08,88,8,4503.08,3,4,5,4,Loyal,3279.97
15765,2010-02-01,2010-02-11 10:25:00,2010-02-11 10:25:00,1,370.6299999999999,666,1,370.6299999999999,1,1,2,2,Lost,0.0
15766,2010-01-01,2010-01-26 15:55:00,2011-10-06 17:03:00,3,831.0600000000001,64,3,831.0600000000001,3,3,3,3,Loyal,315.05999999999995
15768,2009-12-01,2009-12-03 12:10:00,2011-08-16 10:48:00,34,15308.890000000001,115,34,15308.890000000001,3,5,5,5,Loyal,621.8299999999999
15769,2009-12-01,2009-12-11 09:58:00,2011-12-02 13:52:00,46,88612.51999999999,7,46,88612.51999999999,5,5,5,5,Champions,56160.92
15770,2010-04-01,2010-04-06 11:47:00,2010-04-06 11:47:00,1,321.45000000000005,612,1,321.45000000000005,1,1,2,2,Lost,0.0
15771,2010-01-01,2010-01-15 12:14:00,2010-04-14 13:56:00,3,1006.5400000000001,604,3,1006.5400000000001,1,3,3,3,At Risk,0.0
15772,2010-10-01,2010-10-17 13:33:00,2010-10-17 13:33:00,1,280.88000000000005,418,1,280.88000000000005,1,1,1,1,Lost,0.0
15773,2010-10-01,2010-10-26 15:27:00,2011-12-04 12:48:00,2,774.5200000000001,5,2,774.5200000000001,5,2,3,2,New & Promising,635.6800000000001
15774,2010-02-01,2010-02-21 12:57:00,2011-10-02 12:04:00,6,1287.09,68,6,1287.09,3,4,4,4,Loyal,270.8
15775,2010-03-01,2010-03-18 07:32:00,2011-04-08 12:56:00,2,150.5,245,2,150.5,2,2,1,2,Hibernating,104.9
15776,2011-07-01,2011-07-29 13:46:00,2011-07-29 13:46:00,1,241.62000000000003,133,1,241.62000000000003,3,1,1,1,Need Attention,241.62000000000003
15777,2010-05-01,2010-05-20 10:37:00,2011-04-12 16:43:00,7,1762.61,241,7,1762.61,2,4,4,4,At Risk – High Value,1047.11
15778,2010-10-01,2010-10-04 15:10:00,2010-10-04 15:10:00,1,307.95000000000005,431,1,307.95000000000005,1,1,2,2,Lost,0.0
15779,2010-06-01,2010-06-25 15:55:00,2010-09-02 16:40:00,2,124.08,463,2,124.08,1,2,1,2,Lost,0.0
15780,2010-12-01,2010-12-17 11:43:00,2011-06-09 12:01:00,3,475.28000000000003,183,3,475.28000000000003,3,3,2,2,Need Attention,475.28000000000003
15781,2011-02-01,2011-02-07 09:15:00,2011-11-14 14:57:00,3,345.46000000000004,25,3,345.46000000000004,4,3,2,2,New & Promising,345.46
15782,2010-10-01,2010-10-05 15:43:00,2011-11-30 10:49:00,4,4014.1000000000004,9,4,4014.1000000000004,5,3,5,4,Champions,2614.7400000000002
15783,2011-11-01,2011-11-29 09:50:00,2011-11-29 09:50:00,1,246.3,10,1,246.3,5,1,1,1,New & Promising,246.3
15784,2010-02-01,2010-02-05 14:42:00,2010-08-29 10:38:00,2,848.3299999999999,467,2,848.3299999999999,1,2,3,2,Lost,0.0
15785,2009-12-01,2009-12-15 16:28:00,2011-11-07 11:33:00,16,5969.93,32,16,5969.93,4,5,5,5,Champions,2328.97
15786,2010-06-01,2010-06-21 10:13:00,2011-10-24 14:13:00,5,8501.620000000003,46,5,8501.620000000003,4,4,5,4,Champions,4919.000000000004
15787,2011-10-01,2011-10-09 13:11:00,2011-11-13 14:55:00,3,933.26,26,3,933.26,4,3,3,3,Loyal,933.26
15788,2010-07-01,2010-07-19 12:48:00,2010-07-19 12:48:00,1,221.83000000000004,508,1,221.83000000000004,1,1,1,1,Lost,0.0
15789,2010-03-01,2010-03-26 11:21:00,2010-12-16 14:35:00,6,1962.01,358,6,1962.01,2,4,4,4,At Risk – High Value,351.3
15790,2011-11-01,2011-11-29 14:53:00,2011-11-29 14:53:00,1,218.74999999999997,10,1,218.74999999999997,5,1,1,1,New & Promising,218.74999999999997
15791,2010-03-01,2010-03-08 09:41:00,2011-10-27 10:14:00,5,3608.34,43,5,3608.34,4,4,5,4,Champions,1612.6900000000003
15792,2010-03-01,2010-03-31 09:42:00,2010-11-05 08:21:00,2,933.8399999999999,399,2,933.8399999999999,2,2,3,2,Hibernating,0.0
15793,2009-12-01,2009-12-01 12:54:00,2011-11-25 09:31:00,8,2399.5699999999997,14,8,2399.5699999999997,5,4,4,4,Champions,965.6099999999999
15794,2009-12-01,2009-12-02 15:10:00,2009-12-03 13:04:00,2,777.0,736,2,777.0,1,2,3,2,Lost,0.0
15795,2010-01-01,2010-01-18 11:31:00,2011-07-13 10:43:00,8,1979.8700000000001,149,8,1979.8700000000001,3,4,4,4,Loyal,610.0100000000001
15796,2010-03-01,2010-03-31 13:10:00,2011-12-08 19:55:00,17,5170.630000000001,1,17,5170.630000000001,5,5,5,5,Champions,2707.6099999999997
15797,2010-01-01,2010-01-27 13:12:00,2011-08-18 17:04:00,5,2806.08,113,5,2806.08,3,4,4,4,Loyal,2192.4
15798,2010-01-01,2010-01-27 11:55:00,2010-08-04 09:13:00,3,1535.37,492,3,1535.37,1,3,4,4,At Risk – High Value,0.0
15799,2010-10-01,2010-10-17 14:26:00,2011-09-25 12:46:00,4,1421.3400000000001,75,4,1421.3400000000001,3,3,4,4,Loyal,884.1400000000001
15800,2010-03-01,2010-03-31 13:17:00,2011-08-24 14:23:00,7,1227.0699999999997,107,7,1227.0699999999997,3,4,4,4,Loyal,696.8899999999999
15801,2011-08-01,2011-08-22 09:53:00,2011-10-24 13:52:00,3,1063.9499999999998,46,3,1063.9499999999998,4,3,3,3,Loyal,1063.9499999999998
15803,2010-02-01,2010-02-01 16:29:00,2011-10-19 14:56:00,4,1929.6599999999999,51,4,1929.6599999999999,4,4,4,4,Champions,415.82
15804,2011-05-01,2011-05-25 10:12:00,2011-12-09 12:31:00,13,4206.389999999999,0,13,4206.389999999999,5,5,5,5,Champions,4206.39
15805,2009-12-01,2009-12-10 12:57:00,2011-11-16 16:32:00,30,10148.93,23,30,10148.93,4,5,5,5,Champions,5488.18
15806,2011-03-01,2011-03-08 09:24:00,2011-10-24 14:35:00,3,784.5799999999999,46,3,784.5799999999999,4,3,3,3,Loyal,784.5799999999999
15807,2010-02-01,2010-02-11 15:32:00,2011-10-20 14:10:00,5,1817.52,50,5,1817.52,4,4,4,4,Champions,903.8999999999999
15808,2009-12-01,2009-12-01 16:30:00,2011-02-06 14:33:00,21,17180.25,306,21,17180.25,2,5,5,5,At Risk – High Value,2698.2200000000003
15809,2010-06-01,2010-06-22 14:23:00,2011-11-03 16:40:00,7,1274.44,36,7,1274.44,4,4,4,4,Champions,515.7700000000001
15810,2010-02-01,2010-02-04 18:18:00,2011-09-22 09:38:00,8,2999.04,78,8,2999.04,3,4,5,4,Loyal,1391.98
15811,2010-11-01,2010-11-16 16:46:00,2011-11-17 15:31:00,7,3392.55,22,7,3392.55,4,4,5,4,Champions,1928.7700000000002
15812,2009-12-01,2009-12-15 13:40:00,2011-08-24 14:19:00,12,5201.470000000001,107,12,5201.470000000001,3,5,5,5,Loyal,1801.14
15813,2011-04-01,2011-04-14 09:09:00,2011-05-16 08:13:00,2,1303.91,207,2,1303.91,2,2,4,3,At Risk,1303.91
15814,2010-04-01,2010-04-15 14:31:00,2011-11-23 08:17:00,6,2634.4400000000005,16,6,2634.4400000000005,5,4,4,4,Champions,1945.3300000000004
15815,2011-03-01,2011-03-25 08:43:00,2011-10-07 12:42:00,5,2100.6,63,5,2100.6,3,4,4,4,Loyal,2100.6
15816,2010-06-01,2010-06-15 12:54:00,2010-06-15 13:36:00,2,144.15,542,2,144.15,1,2,1,2,Lost,0.0
15817,2010-06-01,2010-06-14 13:31:00,2010-10-15 11:07:00,3,2766.3999999999996,420,3,2766.3999999999996,1,3,4,4,At Risk – High Value,0.0
15818,2010-04-01,2010-04-30 12:58:00,2010-04-30 12:58:00,1,340.5,588,1,340.5,1,1,2,2,Lost,0.0
15819,2010-03-01,2010-03-18 11:08:00,2011-10-21 14:50:00,10,3934.7899999999995,49,10,3934.7899999999995,4,5,5,5,Champions,1905.4499999999998
15820,2011-01-01,2011-01-24 12:00:00,2011-01-24 12:00:00,1,206.98000000000002,319,1,206.98000000000002,2,1,1,1,Hibernating,206.98000000000002
15821,2011-10-01,2011-10-09 13:28:00,2011-10-26 15:48:00,2,570.96,44,2,570.96,4,2,2,2,New & Promising,570.96
15822,2009-12-01,2009-12-06 15:12:00,2011-12-06 14:50:00,6,1840.0600000000002,3,6,1840.0600000000002,5,4,4,4,Champions,885.47
15823,2009-12-01,2009-12-08 15:12:00,2009-12-10 18:03:00,2,3867.1700000000005,729,2,3867.1700000000005,1,2,5,4,At Risk – High Value,0.0
15824,2010-06-01,2010-06-25 15:10:00,2010-09-12 13:20:00,2,890.9399999999999,453,2,890.9399999999999,1,2,3,2,Lost,0.0
15825,2011-06-01,2011-06-20 13:27:00,2011-06-20 13:27:00,1,532.94,172,1,532.94,3,1,2,2,Need Attention,532.94
15826,2010-05-01,2010-05-20 17:00:00,2011-10-14 16:05:00,4,2598.2800000000007,56,4,2598.2800000000007,4,4,4,4,Champions,1654.31
15827,2010-01-01,2010-01-08 11:25:00,2011-09-27 15:35:00,28,3603.1400000000003,73,28,3603.1400000000003,3,5,5,5,Loyal,1645.16
15828,2010-11-01,2010-11-29 16:41:00,2010-11-29 16:41:00,1,1108.8199999999997,375,1,1108.8199999999997,2,1,3,2,Hibernating,0.0
15829,2011-07-01,2011-07-22 10:23:00,2011-09-01 16:45:00,2,636.1400000000001,99,2,636.1400000000001,3,2,3,2,Need Attention,636.1400000000001
15830,2011-11-01,2011-11-02 10:40:00,2011-11-02 10:40:00,1,576.0,37,1,576.0,4,1,2,2,New & Promising,576.0
15831,2011-01-01,2011-01-19 14:52:00,2011-10-12 13:14:00,3,794.6400000000001,58,3,794.6400000000001,4,3,3,3,Loyal,794.64
15832,2011-03-01,2011-03-30 15:29:00,2011-03-30 15:29:00,1,836.7899999999998,254,1,836.7899999999998,2,1,3,2,Hibernating,836.7899999999998
15833,2009-12-01,2009-12-02 11:59:00,2009-12-02 11:59:00,1,80.4,737,1,80.4,1,1,1,1,Lost,0.0
15834,2010-10-01,2010-10-11 14:05:00,2011-09-30 14:41:00,7,3761.89,70,7,3761.89,3,4,5,4,Loyal,2222.6499999999996
15835,2011-01-01,2011-01-13 10:35:00,2011-10-26 15:47:00,4,954.0899999999999,44,4,954.0899999999999,4,4,3,4,Champions,954.0899999999999
15836,2011-10-01,2011-10-20 17:13:00,2011-10-20 17:13:00,1,137.37,50,1,137.37,4,1,1,1,New & Promising,137.37
15837,2010-08-01,2010-08-11 10:16:00,2011-10-06 09:01:00,2,777.01,64,2,777.01,3,2,3,2,Need Attention,391.97999999999996
15838,2009-12-01,2009-12-15 09:51:00,2011-11-28 14:00:00,34,73205.5,11,34,73205.5,5,5,5,5,Champions,32685.579999999998
15839,2011-07-01,2011-07-14 16:35:00,2011-11-06 13:54:00,3,1048.4900000000002,33,3,1048.4900000000002,4,3,3,3,Loyal,1048.4900000000002
15840,2011-06-01,2011-06-20 11:42:00,2011-10-12 09:08:00,2,355.56,58,2,355.56,4,2,2,2,New & Promising,355.56
15841,2009-12-01,2009-12-10 08:29:00,2011-09-28 12:15:00,9,2742.41,72,9,2742.41,3,5,4,4,Loyal,1224.06
15842,2010-06-01,2010-06-30 09:06:00,2010-11-11 14:08:00,2,548.8,393,2,548.8,2,2,2,2,Hibernating,0.0
15843,2011-02-01,2011-02-09 10:19:00,2011-02-09 10:19:00,1,118.95,303,1,118.95,2,1,1,1,Hibernating,118.95
15844,2011-10-01,2011-10-24 15:19:00,2011-10-24 15:19:00,1,130.74,46,1,130.74,4,1,1,1,New & Promising,130.74
15845,2010-01-01,2010-01-26 14:44:00,2011-11-22 09:42:00,11,4426.280000000001,17,11,4426.280000000001,5,5,5,5,Champions,3711.77
15846,2010-11-01,2010-11-19 14:40:00,2010-11-19 14:40:00,1,107.01000000000002,385,1,107.01000000000002,2,1,1,1,Hibernating,0.0
15847,2010-03-01,2010-03-08 08:47:00,2011-11-01 14:41:00,5,822.5699999999999,38,5,822.5699999999999,4,4,3,4,Champions,389.2699999999999
15848,2010-03-01,2010-03-28 10:54:00,2010-03-28 10:54:00,1,137.99,621,1,137.99,1,1,1,1,Lost,0.0
15850,2009-12-01,2009-12-13 13:27:00,2011-11-20 14:14:00,6,1006.7500000000002,19,6,1006.7500000000002,5,4,3,4,Champions,234.88000000000005
15851,2010-07-01,2010-07-01 12:34:00,2010-07-01 12:34:00,1,109.72999999999999,526,1,109.72999999999999,1,1,1,1,Lost,0.0
15852,2010-07-01,2010-07-01 10:16:00,2011-06-06 11:22:00,3,257.26,186,3,257.26,3,3,1,2,Need Attention,160.71
15853,2011-10-01,2011-10-19 10:38:00,2011-10-19 10:38:00,1,110.80000000000001,51,1,110.80000000000001,4,1,1,1,New & Promising,110.80000000000001
15854,2009-12-01,2009-12-10 12:08:00,2011-12-05 13:39:00,21,5578.28,4,21,5578.28,5,5,5,5,Champions,2969.12
15855,2010-08-01,2010-08-20 17:15:00,2011-07-26 10:20:00,6,1052.72,136,6,1052.72,3,4,3,4,Loyal,712.24
15856,2009-12-01,2009-12-03 14:02:00,2011-12-05 17:09:00,52,32274.690000000002,4,52,32274.690000000002,5,5,5,5,Champions,14571.060000000001
15857,2010-10-01,2010-10-05 16:43:00,2011-11-21 12:18:00,2,570.48,18,2,570.48,5,2,2,2,New & Promising,297.0
15858,2009-12-01,2009-12-10 11:42:00,2011-11-24 12:48:00,13,3552.4100000000008,15,13,3552.4100000000008,5,5,5,5,Champions,1043.64
15859,2010-10-01,2010-10-03 12:52:00,2010-10-03 12:52:00,1,438.4599999999999,432,1,438.4599999999999,1,1,2,2,Lost,0.0
15860,2009-12-01,2009-12-06 12:31:00,2011-10-30 11:25:00,17,2358.7999999999997,40,17,2358.7999999999997,4,5,4,4,Champions,862.5
15861,2010-01-01,2010-01-28 19:41:00,2011-11-27 15:59:00,12,4360.9,12,12,4360.9,5,5,5,5,Champions,3146.92
15862,2009-12-01,2009-12-17 11:33:00,2011-12-01 13:28:00,13,2507.14,8,13,2507.14,5,5,4,4,Champions,478.65
15863,2009-12-01,2009-12-17 10:20:00,2011-11-14 12:49:00,5,355.1,25,5,355.1,4,4,2,3,Loyal,68.84
15864,2010-11-01,2010-11-23 15:02:00,2011-11-17 13:32:00,7,2180.76,22,7,2180.76,4,4,4,4,Champions,1936.3200000000002
15865,2010-01-01,2010-01-05 13:58:00,2011-10-30 12:43:00,5,2241.4199999999996,40,5,2241.4199999999996,4,4,4,4,Champions,895.13
15866,2011-08-01,2011-08-30 14:09:00,2011-08-30 14:09:00,1,211.88999999999996,101,1,211.88999999999996,3,1,1,1,Need Attention,211.88999999999996
15867,2009-12-01,2009-12-14 15:16:00,2011-12-04 13:32:00,31,8869.87,5,31,8869.87,5,5,5,5,Champions,3691.95
15868,2010-05-01,2010-05-05 14:11:00,2010-05-05 14:11:00,1,94.53,583,1,94.53,1,1,1,1,Lost,0.0
15869,2010-03-01,2010-03-23 16:50:00,2011-03-07 17:23:00,3,321.11,277,3,321.11,2,3,2,2,Hibernating,149.64
15870,2010-09-01,2010-09-19 16:22:00,2011-11-07 10:58:00,4,857.4599999999998,32,4,857.4599999999998,4,4,3,4,Champions,351.4399999999998
15871,2010-09-01,2010-09-28 14:16:00,2010-09-28 14:16:00,1,33.099999999999994,437,1,33.099999999999994,1,1,1,1,Lost,0.0
15872,2010-06-01,2010-06-07 14:53:00,2011-11-25 11:55:00,4,729.2499999999998,14,4,729.2499999999998,5,4,3,4,Champions,316.25
15873,2010-07-01,2010-07-27 11:58:00,2010-07-28 12:41:00,4,313.92,499,4,313.92,1,4,2,3,At Risk,0.0
15874,2010-01-01,2010-01-07 13:56:00,2011-10-07 12:31:00,21,11284.759999999998,63,21,11284.759999999998,3,5,5,5,Loyal,4405.88
15875,2010-03-01,2010-03-03 16:51:00,2010-03-03 16:51:00,1,108.51999999999998,646,1,108.51999999999998,1,1,1,1,Lost,0.0
15876,2010-09-01,2010-09-17 15:26:00,2010-10-26 18:58:00,2,1449.14,409,2,1449.14,1,2,4,3,At Risk,0.0
15877,2011-11-01,2011-11-22 11:18:00,2011-12-08 11:53:00,2,490.33000000000004,1,2,490.33000000000004,5,2,2,2,New & Promising,490.33000000000004
15878,2009-12-01,2009-12-06 12:28:00,2010-05-27 12:17:00,2,330.77,561,2,330.77,1,2,2,2,Lost,0.0
15879,2009-12-01,2009-12-17 19:54:00,2010-10-31 16:21:00,4,1137.7999999999997,404,4,1137.7999999999997,2,4,3,4,At Risk – High Value,0.0
15880,2010-12-01,2010-12-05 13:00:00,2010-12-05 13:00:00,1,329.0299999999999,369,1,329.0299999999999,2,1,2,2,Hibernating,0.0
15881,2010-12-01,2010-12-10 13:32:00,2011-01-31 16:59:00,5,501.39,312,5,501.39,2,4,2,3,At Risk,501.39000000000004
15882,2009-12-01,2009-12-10 15:33:00,2011-05-25 11:35:00,8,1122.38,198,8,1122.38,2,4,3,4,At Risk – High Value,145.04
15883,2011-11-01,2011-11-06 14:50:00,2011-12-07 17:05:00,2,396.4799999999999,2,2,396.4799999999999,5,2,2,2,New & Promising,396.4799999999999
15884,2009-12-01,2009-12-03 18:23:00,2010-10-03 15:55:00,2,244.60000000000002,432,2,244.60000000000002,1,2,1,2,Lost,0.0
15885,2010-01-01,2010-01-21 12:47:00,2011-09-07 14:56:00,13,1921.82,93,13,1921.82,3,5,4,4,Loyal,349.34999999999997
15886,2010-04-01,2010-04-20 15:03:00,2011-10-10 14:25:00,4,1052.8700000000001,60,4,1052.8700000000001,3,4,3,4,Loyal,181.09
15887,2010-06-01,2010-06-02 11:53:00,2010-10-29 08:36:00,3,1027.15,406,3,1027.15,2,3,3,3,At Risk,0.0
15888,2010-07-01,2010-07-01 11:51:00,2011-09-20 12:30:00,3,423.49,80,3,423.49,3,3,2,2,Need Attention,162.64000000000001
15889,2009-12-01,2009-12-10 12:21:00,2011-07-06 11:10:00,8,1407.0499999999997,156,8,1407.0499999999997,3,4,4,4,Loyal,132.10000000000002
15890,2010-04-01,2010-04-14 08:43:00,2010-11-10 12:46:00,5,535.65,394,5,535.65,2,4,2,3,At Risk,0.0
15891,2011-04-01,2011-04-27 12:35:00,2011-04-27 12:35:00,1,509.12999999999994,226,1,509.12999999999994,2,1,2,2,Hibernating,509.12999999999994
15892,2010-02-01,2010-02-08 16:23:00,2010-02-08 16:23:00,1,128.20000000000002,669,1,128.20000000000002,1,1,1,1,Lost,0.0
15893,2010-08-01,2010-08-15 11:12:00,2010-08-15 11:12:00,1,305.28000000000003,481,1,305.28000000000003,1,1,2,2,Lost,0.0
15894,2010-12-01,2010-12-05 14:06:00,2011-03-31 13:50:00,2,257.59999999999997,253,2,257.59999999999997,2,2,1,2,Hibernating,106.81
15895,2011-07-01,2011-07-13 10:27:00,2011-07-13 10:27:00,1,179.17,149,1,179.17,3,1,1,1,Need Attention,179.17
15897,2011-05-01,2011-05-29 13:32:00,2011-05-29 13:50:00,2,208.58999999999997,194,2,208.58999999999997,2,2,1,2,Hibernating,208.58999999999997
15898,2009-12-01,2009-12-11 16:11:00,2011-12-08 15:23:00,25,4992.699999999999,1,25,4992.699999999999,5,5,5,5,Champions,867.19
15899,2010-12-01,2010-12-06 10:36:00,2010-12-06 10:36:00,1,56.25,368,1,56.25,2,1,1,1,Hibernating,0.0
15900,2010-05-01,2010-05-26 11:27:00,2011-11-16 12:19:00,4,886.57,23,4,886.57,4,4,3,4,Champions,337.28
15901,2010-06-01,2010-06-14 12:39:00,2011-11-23 12:43:00,6,667.8900000000001,16,6,667.8900000000001,5,4,3,4,Champions,349.75
15902,2010-11-01,2010-11-24 16:57:00,2010-11-24 16:57:00,1,145.01000000000002,380,1,145.01000000000002,2,1,1,1,Hibernating,0.0
15903,2010-01-01,2010-01-14 10:57:00,2011-11-30 08:08:00,12,8939.84,9,12,8939.84,5,5,5,5,Champions,5126.76
15904,2011-12-01,2011-12-01 14:50:00,2011-12-01 14:50:00,1,164.67999999999998,8,1,164.67999999999998,5,1,1,1,New & Promising,164.67999999999998
15905,2010-06-01,2010-06-14 16:00:00,2010-06-14 16:00:00,1,114.69000000000003,543,1,114.69000000000003,1,1,1,1,Lost,0.0
15906,2010-09-01,2010-09-15 12:17:00,2011-11-20 12:24:00,10,2530.1899999999996,19,10,2530.1899999999996,5,5,4,4,Champions,1567.69
15907,2011-05-01,2011-05-13 13:01:00,2011-12-06 12:21:00,3,881.8700000000001,3,3,881.8700000000001,5,3,3,3,Loyal,881.8700000000001
15908,2010-07-01,2010-07-15 19:21:00,2010-08-06 11:56:00,2,758.62,490,2,758.62,1,2,3,2,Lost,0.0
15909,2011-06-01,2011-06-19 10:38:00,2011-06-19 10:38:00,1,191.93999999999997,173,1,191.93999999999997,3,1,1,1,Need Attention,191.93999999999997
15910,2010-01-01,2010-01-21 11:51:00,2011-12-09 10:51:00,15,2661.17,0,15,2661.17,5,5,4,4,Champions,1228.88
15911,2009-12-01,2009-12-09 13:26:00,2010-03-26 12:06:00,8,1683.79,623,8,1683.79,1,4,4,4,At Risk – High Value,0.0
15912,2009-12-01,2009-12-10 12:58:00,2011-06-14 14:29:00,9,1074.7,178,9,1074.7,3,5,3,4,Loyal,264.62
15913,2010-06-01,2010-06-23 16:31:00,2010-06-23 16:31:00,1,6.300000000000001,534,1,6.300000000000001,1,1,1,1,Lost,0.0
15914,2010-11-01,2010-11-26 16:09:00,2010-11-26 16:10:00,2,205.98999999999995,378,2,205.98999999999995,2,2,1,2,Hibernating,0.0
15915,2010-11-01,2010-11-03 11:13:00,2010-11-03 11:13:00,1,364.2399999999999,401,1,364.2399999999999,2,1,2,2,Hibernating,0.0
15916,2009-12-01,2009-12-10 16:21:00,2011-11-23 13:46:00,13,3145.24,16,13,3145.24,5,5,5,5,Champions,1270.4099999999999
15917,2009-12-01,2009-12-02 14:55:00,2011-04-06 10:40:00,5,530.1700000000001,247,5,530.1700000000001,2,4,2,3,At Risk,123.10000000000001
15918,2010-03-01,2010-03-18 11:40:00,2011-06-02 11:42:00,3,582.8799999999999,190,3,582.8799999999999,2,3,2,2,Hibernating,334.22999999999996
15919,2010-12-01,2010-12-06 11:26:00,2011-11-20 11:28:00,2,525.69,19,2,525.69,5,2,2,2,New & Promising,311.61
15920,2009-12-01,2009-12-14 13:09:00,2011-07-08 15:25:00,8,565.1899999999999,154,8,565.1899999999999,3,4,2,3,Loyal,163.54999999999998
15921,2010-03-01,2010-03-09 11:03:00,2011-06-20 11:03:00,4,765.61,172,4,765.61,3,4,3,4,Loyal,323.03000000000003
15922,2010-12-01,2010-12-01 13:51:00,2010-12-01 13:51:00,1,369.50000000000006,373,1,369.50000000000006,2,1,2,2,Hibernating,0.0
15923,2010-12-01,2010-12-02 12:16:00,2010-12-02 12:16:00,1,127.08000000000003,372,1,127.08000000000003,2,1,1,1,Hibernating,0.0
15924,2009-12-01,2009-12-08 15:00:00,2009-12-08 15:00:00,1,102.82000000000001,731,1,102.82000000000001,1,1,1,1,Lost,0.0
15925,2011-05-01,2011-05-29 15:35:00,2011-05-29 15:35:00,1,207.15,194,1,207.15,2,1,1,1,Hibernating,207.15
15926,2010-06-01,2010-06-15 15:23:00,2010-06-15 15:23:00,1,134.44,542,1,134.44,1,1,1,1,Lost,0.0
15927,2010-03-01,2010-03-02 13:25:00,2010-03-02 13:25:00,1,106.54000000000002,647,1,106.54000000000002,1,1,1,1,Lost,0.0
15928,2010-02-01,2010-02-21 15:16:00,2010-02-21 15:16:00,1,293.53000000000003,656,1,293.53000000000003,1,1,2,2,Lost,0.0
15929,2010-03-01,2010-03-05 14:56:00,2010-03-05 14:56:00,1,594.0,644,1,594.0,1,1,2,2,Lost,0.0
15930,2011-10-01,2011-10-03 14:52:00,2011-10-03 14:52:00,1,426.63000000000017,67,1,426.63000000000017,3,1,2,2,Need Attention,426.63000000000017
15931,2010-10-01,2010-10-07 16:46:00,2010-10-07 16:46:00,1,239.89999999999998,428,1,239.89999999999998,1,1,1,1,Lost,0.0
15932,2011-02-01,2011-02-23 14:50:00,2011-12-05 17:13:00,8,2495.8700000000003,4,8,2495.8700000000003,5,5,4,4,Champions,2495.8700000000003
15933,2011-09-01,2011-09-14 12:05:00,2011-11-18 13:14:00,3,1107.4599999999998,21,3,1107.4599999999998,4,3,3,3,Loyal,1107.4599999999998
15934,2010-10-01,2010-10-06 12:08:00,2010-10-18 10:13:00,2,2190.66,417,2,2190.66,1,2,4,3,At Risk,0.0
15935,2011-04-01,2011-04-14 13:27:00,2011-04-14 13:27:00,1,108.03999999999999,239,1,108.03999999999999,2,1,1,1,Hibernating,108.03999999999999
15936,2010-08-01,2010-08-29 11:42:00,2010-11-25 16:39:00,2,282.79,379,2,282.79,2,2,1,2,Hibernating,0.0
15937,2011-10-01,2011-10-06 15:48:00,2011-10-06 15:48:00,1,145.35,64,1,145.35,3,1,1,1,Need Attention,145.35
15938,2010-06-01,2010-06-01 09:42:00,2011-08-19 12:56:00,9,734.81,112,9,734.81,3,5,3,4,Loyal,404.58000000000004
15939,2010-11-01,2010-11-30 12:07:00,2011-09-11 11:30:00,15,9004.840000000002,89,15,9004.840000000002,3,5,5,5,Loyal,6100.009999999999
15940,2011-02-01,2011-02-01 16:18:00,2011-02-01 16:18:00,1,35.8,311,1,35.8,2,1,1,1,Hibernating,35.8
15941,2010-03-01,2010-03-12 14:45:00,2010-03-12 14:45:00,1,405.0,637,1,405.0,1,1,2,2,Lost,0.0
15942,2011-07-01,2011-07-29 09:01:00,2011-07-29 09:01:00,1,337.43999999999994,133,1,337.43999999999994,3,1,2,2,Need Attention,337.43999999999994
15943,2010-01-01,2010-01-31 11:04:00,2010-02-28 12:49:00,2,271.29,649,2,271.29,1,2,1,2,Lost,0.0
15944,2009-12-01,2009-12-13 12:57:00,2011-03-08 10:33:00,4,2164.24,276,4,2164.24,2,4,4,4,At Risk – High Value,325.1
15945,2009-12-01,2009-12-01 13:47:00,2010-12-09 13:14:00,4,646.2700000000001,365,4,646.2700000000001,2,4,3,4,At Risk – High Value,0.0
15946,2010-03-01,2010-03-16 10:49:00,2010-07-25 12:18:00,3,2304.1800000000003,502,3,2304.1800000000003,1,3,4,4,At Risk – High Value,0.0
15947,2011-09-01,2011-09-18 10:46:00,2011-09-18 10:46:00,1,1708.2400000000002,82,1,1708.2400000000002,3,1,4,2,Need Attention,1708.2400000000002
15948,2010-10-01,2010-10-11 12:16:00,2011-12-01 15:32:00,3,1509.09,8,3,1509.09,5,3,4,4,Champions,955.24
15949,2011-09-01,2011-09-29 17:34:00,2011-11-23 09:09:00,2,364.71999999999997,16,2,364.71999999999997,5,2,2,2,New & Promising,364.71999999999997
15950,2010-01-01,2010-01-26 11:39:00,2011-11-08 11:09:00,10,7120.91,31,10,7120.91,4,5,5,5,Champions,1744.71
15951,2010-11-01,2010-11-23 18:20:00,2011-12-01 08:34:00,3,1013.1699999999998,8,3,1013.1699999999998,5,3,3,3,Loyal,708.2199999999998
15952,2011-04-01,2011-04-28 12:55:00,2011-11-06 11:18:00,4,781.9100000000001,33,4,781.9100000000001,4,4,3,4,Champions,781.9100000000001
15953,2009-12-01,2009-12-03 14:00:00,2011-11-24 15:32:00,18,3440.34,15,18,3440.34,5,5,5,5,Champions,1449.54
15954,2010-04-01,2010-04-29 13:35:00,2010-04-29 13:35:00,1,187.79999999999995,589,1,187.79999999999995,1,1,1,1,Lost,0.0
15955,2010-02-01,2010-02-23 16:36:00,2011-11-15 14:15:00,22,8085.9800000000005,24,22,8085.9800000000005,4,5,5,5,Champions,3843.88
15956,2009-12-01,2009-12-13 11:16:00,2010-06-06 13:06:00,2,617.5999999999999,551,2,617.5999999999999,1,2,3,2,Lost,0.0
15957,2010-10-01,2010-10-15 12:11:00,2011-11-08 12:14:00,3,921.25,31,3,921.25,4,3,3,3,Loyal,428.88999999999993
15958,2010-06-01,2010-06-07 10:59:00,2011-09-26 13:41:00,4,462.12000000000006,74,4,462.12000000000006,3,4,2,3,Loyal,104.35
15959,2010-01-01,2010-01-26 16:19:00,2010-01-26 16:38:00,3,542.89,682,3,542.89,1,3,2,2,Lost,0.0
15960,2010-09-01,2010-09-30 15:50:00,2010-11-30 15:57:00,4,410.94999999999993,374,4,410.94999999999993,2,4,2,3,At Risk,0.0
15961,2010-11-01,2010-11-25 15:59:00,2010-11-25 15:59:00,1,451.28999999999996,379,1,451.28999999999996,2,1,2,2,Hibernating,0.0
15962,2010-09-01,2010-09-16 13:48:00,2010-09-16 13:48:00,1,289.48,449,1,289.48,1,1,2,2,Lost,0.0
15963,2011-10-01,2011-10-25 13:05:00,2011-11-20 11:33:00,2,470.76,19,2,470.76,5,2,2,2,New & Promising,470.76
15964,2010-02-01,2010-02-14 15:30:00,2010-02-14 15:30:00,1,269.21,663,1,269.21,1,1,1,1,Lost,0.0
15965,2009-12-01,2009-12-03 11:45:00,2011-11-22 16:44:00,13,2771.9399999999996,17,13,2771.9399999999996,5,5,4,4,Champions,652.6799999999998
15966,2010-09-01,2010-09-15 10:44:00,2010-09-15 10:44:00,1,426.5300000000001,450,1,426.5300000000001,1,1,2,2,Lost,0.0
15967,2009-12-01,2009-12-01 13:29:00,2011-11-16 15:41:00,12,2966.0,23,12,2966.0,4,5,5,5,Champions,397.68000000000006
15968,2010-11-01,2010-11-16 13:04:00,2010-11-16 13:04:00,1,401.79999999999995,388,1,401.79999999999995,2,1,2,2,Hibernating,0.0
15969,2010-07-01,2010-07-05 13:10:00,2011-12-07 11:06:00,5,1127.05,2,5,1127.05,5,4,3,4,Champions,666.1
15970,2010-04-01,2010-04-20 11:30:00,2011-02-09 12:08:00,2,1017.3199999999998,303,2,1017.3199999999998,2,2,3,2,Hibernating,314.1
15971,2009-12-01,2009-12-08 09:46:00,2011-11-22 12:50:00,18,5897.880000000001,17,18,5897.880000000001,5,5,5,5,Champions,4194.9
15972,2010-04-01,2010-04-18 14:06:00,2010-09-09 13:20:00,5,1769.3299999999997,456,5,1769.3299999999997,1,4,4,4,At Risk – High Value,0.0
15973,2010-10-01,2010-10-07 08:33:00,2010-12-08 11:42:00,2,665.6199999999999,366,2,665.6199999999999,2,2,3,2,Hibernating,0.0
15974,2011-02-01,2011-02-24 10:10:00,2011-10-31 13:13:00,7,3442.149999999999,39,7,3442.149999999999,4,4,5,4,Champions,3442.1499999999996
15975,2011-09-01,2011-09-16 13:33:00,2011-09-16 13:33:00,1,371.01,84,1,371.01,3,1,2,2,Need Attention,371.01
15976,2010-06-01,2010-06-06 14:01:00,2011-06-27 13:00:00,6,1680.3099999999995,165,6,1680.3099999999995,3,4,4,4,Loyal,427.63999999999993
15977,2011-10-01,2011-10-31 16:24:00,2011-11-22 13:29:00,2,1054.73,17,2,1054.73,5,2,3,2,New & Promising,1054.73
15978,2010-03-01,2010-03-05 14:39:00,2011-09-23 15:21:00,3,3279.4199999999996,77,3,3279.4199999999996,3,3,5,4,Loyal,1098.7800000000002
15979,2010-04-01,2010-04-16 11:35:00,2010-04-16 11:35:00,1,329.21999999999997,602,1,329.21999999999997,1,1,2,2,Lost,0.0
15980,2010-06-01,2010-06-01 14:40:00,2011-09-12 09:41:00,7,6543.68,88,7,6543.68,3,4,5,4,Loyal,2398.8600000000006
15981,2010-03-01,2010-03-29 10:07:00,2011-11-15 08:00:00,21,9362.77,24,21,9362.77,4,5,5,5,Champions,3408.4800000000005
15982,2010-04-01,2010-04-13 15:47:00,2010-04-13 15:47:00,1,324.50999999999993,605,1,324.50999999999993,1,1,2,2,Lost,0.0
15983,2009-12-01,2009-12-06 12:52:00,2011-11-17 17:34:00,8,3110.37,22,8,3110.37,4,5,5,5,Champions,651.47
15984,2009-12-01,2009-12-01 13:38:00,2011-12-07 12:16:00,30,8393.02,2,30,8393.02,5,5,5,5,Champions,2657.93
15985,2010-05-01,2010-05-27 15:51:00,2011-08-08 16:31:00,7,2715.2799999999997,123,7,2715.2799999999997,3,4,4,4,Loyal,1142.42
15986,2010-11-01,2010-11-23 10:02:00,2011-11-09 15:17:00,2,354.42,30,2,354.42,4,2,2,2,New & Promising,168.12
15987,2010-11-01,2010-11-25 12:56:00,2011-11-27 15:38:00,8,1535.99,12,8,1535.99,5,5,4,4,Champions,1319.29
15988,2010-02-01,2010-02-21 11:36:00,2011-11-20 13:23:00,3,736.3899999999999,19,3,736.3899999999999,5,3,3,3,Loyal,156.78000000000003
15989,2009-12-01,2009-12-02 15:51:00,2010-11-29 12:03:00,2,368.30999999999995,375,2,368.30999999999995,2,2,2,2,Hibernating,0.0
15990,2010-02-01,2010-02-28 12:30:00,2011-10-26 15:58:00,7,1997.75,44,7,1997.75,4,4,4,4,Champions,792.1100000000001
15991,2010-06-01,2010-06-23 15:50:00,2010-06-23 15:50:00,1,150.55,534,1,150.55,1,1,1,1,Lost,0.0
15992,2010-09-01,2010-09-12 11:52:00,2011-12-06 11:00:00,3,896.6,3,3,896.6,5,3,3,3,Loyal,41.989999999999995
15993,2011-10-01,2011-10-26 16:21:00,2011-12-01 10:45:00,7,2768.9699999999984,8,7,2768.9699999999984,5,4,4,4,Champions,2768.9699999999984
15994,2010-03-01,2010-03-14 11:55:00,2011-10-16 12:28:00,3,1175.68,54,3,1175.68,4,3,3,3,Loyal,414.2700000000001
15995,2010-10-01,2010-10-21 13:57:00,2010-10-21 13:57:00,1,694.5400000000003,414,1,694.5400000000003,1,1,3,2,Lost,0.0
15996,2010-11-01,2010-11-07 15:49:00,2011-09-12 15:14:00,7,1386.4,88,7,1386.4,3,4,4,4,Loyal,769.33
15998,2009-12-01,2009-12-01 11:45:00,2011-11-03 12:45:00,16,8274.14,36,16,8274.14,4,5,5,5,Champions,3080.2200000000003
15999,2009-12-01,2009-12-04 12:31:00,2009-12-04 12:31:00,1,20.4,735,1,20.4,1,1,1,1,Lost,0.0
16000,2011-12-01,2011-12-07 12:14:00,2011-12-07 12:17:00,3,12393.7,2,3,12393.7,5,3,5,4,Champions,12393.7
16001,2010-11-01,2010-11-23 17:10:00,2010-11-23 17:10:00,1,583.39,381,1,583.39,2,1,2,2,Hibernating,0.0
16002,2010-03-01,2010-03-24 13:08:00,2010-03-24 13:08:00,1,169.21,625,1,169.21,1,1,1,1,Lost,0.0
16003,2009-12-01,2009-12-03 18:51:00,2011-11-10 09:57:00,10,5613.83,29,10,5613.83,4,5,5,5,Champions,2735.3700000000003
16004,2010-01-01,2010-01-25 13:56:00,2010-08-22 11:48:00,5,2146.39,474,5,2146.39,1,4,4,4,At Risk – High Value,0.0
16005,2010-09-01,2010-09-15 13:21:00,2011-11-27 13:47:00,10,2365.0699999999997,12,10,2365.0699999999997,5,5,4,4,Champions,578.7099999999999
16006,2010-11-01,2010-11-17 12:03:00,2011-05-12 13:12:00,2,332.8199999999999,211,2,332.8199999999999,2,2,2,2,Hibernating,101.39999999999999
16007,2010-06-01,2010-06-14 13:18:00,2011-10-23 11:05:00,7,3053.06,47,7,3053.06,4,4,5,4,Champions,1693.8100000000002
16008,2010-03-01,2010-03-19 11:07:00,2011-11-16 10:32:00,15,5339.13,23,15,5339.13,4,5,5,5,Champions,478.78000000000003
16009,2011-07-01,2011-07-03 11:26:00,2011-11-17 16:51:00,4,972.1099999999999,22,4,972.1099999999999,4,4,3,4,Champions,972.1099999999999
16010,2010-10-01,2010-10-24 10:54:00,2011-04-08 10:14:00,11,1694.8600000000001,245,11,1694.8600000000001,2,5,4,4,At Risk – High Value,392.4
16011,2009-12-01,2009-12-01 12:02:00,2011-12-01 16:31:00,29,5599.3099999999995,8,29,5599.3099999999995,5,5,5,5,Champions,3115.01
16012,2010-06-01,2010-06-28 11:39:00,2011-11-04 13:25:00,5,2978.59,35,5,2978.59,4,4,5,4,Champions,1415.2899999999997
16013,2009-12-01,2009-12-08 10:24:00,2011-12-06 10:36:00,84,56078.44,3,84,56078.44,5,5,5,5,Champions,36068.6
16014,2010-01-01,2010-01-31 12:43:00,2011-11-02 12:04:00,5,1100.2799999999997,37,5,1100.2799999999997,4,4,3,4,Champions,646.8299999999999
16015,2011-10-01,2011-10-21 12:56:00,2011-12-06 10:58:00,3,704.2600000000002,3,3,704.2600000000002,5,3,3,3,Loyal,704.2600000000002
16016,2010-11-01,2010-11-02 13:27:00,2011-12-06 14:35:00,11,2083.4,3,11,2083.4,5,5,4,4,Champions,1102.49
16017,2010-01-01,2010-01-05 12:06:00,2011-10-23 12:56:00,5,1545.58,47,5,1545.58,4,4,4,4,Champions,211.87999999999994
16018,2009-12-01,2009-12-07 13:57:00,2011-10-31 14:13:00,4,698.13,39,4,698.13,4,4,3,4,Champions,408.9
16019,2009-12-01,2009-12-14 14:12:00,2011-10-24 11:51:00,27,17329.159999999996,46,27,17329.159999999996,4,5,5,5,Champions,3786.24
16020,2011-10-01,2011-10-05 13:54:00,2011-11-23 11:18:00,3,851.0100000000001,16,3,851.0100000000001,5,3,3,3,Loyal,851.0100000000001
16021,2010-06-01,2010-06-13 11:05:00,2010-11-09 14:48:00,2,487.02999999999986,395,2,487.02999999999986,2,2,2,2,Hibernating,0.0
16022,2011-03-01,2011-03-24 13:16:00,2011-03-24 13:16:00,1,602.6300000000001,260,1,602.6300000000001,2,1,2,2,Hibernating,602.6300000000001
16023,2011-03-01,2011-03-18 13:32:00,2011-10-24 16:34:00,3,719.81,46,3,719.81,4,3,3,3,Loyal,719.8100000000001
16024,2010-10-01,2010-10-24 11:40:00,2011-11-27 13:26:00,3,478.7099999999999,12,3,478.7099999999999,5,3,2,2,New & Promising,245.74999999999991
16025,2011-11-01,2011-11-10 11:45:00,2011-11-10 11:45:00,1,439.66,29,1,439.66,4,1,2,2,New & Promising,439.66
16026,2011-10-01,2011-10-27 13:53:00,2011-10-27 13:53:00,1,236.09000000000006,43,1,236.09000000000006,4,1,1,1,New & Promising,236.09000000000006
16027,2010-01-01,2010-01-08 13:21:00,2011-09-09 10:47:00,15,2048.36,91,15,2048.36,3,5,4,4,Loyal,934.62
16028,2010-04-01,2010-04-23 11:45:00,2010-04-23 11:45:00,1,82.2,595,1,82.2,1,1,1,1,Lost,0.0
16029,2009-12-01,2009-12-08 11:23:00,2011-11-01 10:27:00,106,109620.87,38,106,109620.87,4,5,5,5,Champions,68436.56999999999
16030,2011-02-01,2011-02-03 11:28:00,2011-02-03 11:28:00,1,331.24000000000007,309,1,331.24000000000007,2,1,2,2,Hibernating,331.24000000000007
16031,2011-04-01,2011-04-06 14:23:00,2011-09-08 13:07:00,2,547.9000000000001,92,2,547.9000000000001,3,2,2,2,Need Attention,547.9000000000001
16032,2010-07-01,2010-07-04 13:31:00,2010-09-09 18:00:00,6,1965.72,456,6,1965.72,1,4,4,4,At Risk – High Value,0.0
16033,2010-08-01,2010-08-11 16:44:00,2011-12-04 12:44:00,27,10608.81,5,27,10608.81,5,5,5,5,Champions,8623.18
16034,2010-10-01,2010-10-26 13:00:00,2011-05-27 16:17:00,6,911.3199999999999,196,6,911.3199999999999,2,4,3,4,At Risk – High Value,437.7
16035,2010-05-01,2010-05-28 15:09:00,2010-05-28 15:09:00,1,217.73,560,1,217.73,1,1,1,1,Lost,0.0
16036,2010-03-01,2010-03-29 14:47:00,2011-09-13 14:53:00,4,2556.8400000000006,87,4,2556.8400000000006,3,4,4,4,Loyal,758.9200000000001
16037,2010-03-01,2010-03-01 12:31:00,2011-03-15 09:13:00,5,1509.34,269,5,1509.34,2,4,4,4,At Risk – High Value,855.02
16038,2011-05-01,2011-05-22 11:29:00,2011-12-02 12:40:00,3,471.78,7,3,471.78,5,3,2,2,New & Promising,471.78
16039,2010-03-01,2010-03-21 15:17:00,2010-10-12 10:44:00,2,456.4,423,2,456.4,1,2,2,2,Lost,0.0
16040,2010-04-01,2010-04-09 10:12:00,2011-10-05 13:47:00,7,2416.9,65,7,2416.9,3,4,4,4,Loyal,1313.55
16041,2011-07-01,2011-07-21 16:27:00,2011-11-09 12:25:00,3,3166.4,30,3,3166.4,4,3,5,4,Champions,3166.4
16042,2010-09-01,2010-09-12 12:00:00,2011-11-17 17:50:00,8,2245.3199999999997,22,8,2245.3199999999997,4,5,4,4,Champions,1177.4699999999998
16043,2010-08-01,2010-08-15 11:26:00,2011-11-02 12:50:00,8,1856.5900000000001,37,8,1856.5900000000001,4,5,4,4,Champions,773.99
16044,2010-09-01,2010-09-30 18:12:00,2010-09-30 18:12:00,1,340.84,435,1,340.84,1,1,2,2,Lost,0.0
16045,2010-07-01,2010-07-29 12:50:00,2011-08-12 12:41:00,8,3434.9300000000003,119,8,3434.9300000000003,3,5,5,5,Loyal,1340.7000000000003
16046,2010-05-01,2010-05-26 13:18:00,2010-05-26 13:18:00,1,235.78,562,1,235.78,1,1,1,1,Lost,0.0
16048,2010-06-01,2010-06-08 12:36:00,2010-12-01 15:28:00,4,818.79,373,4,818.79,2,4,3,4,At Risk – High Value,0.0
16049,2010-07-01,2010-07-11 13:53:00,2011-10-30 13:19:00,6,1852.1499999999992,40,6,1852.1499999999992,4,4,4,4,Champions,1074.809999999999
16050,2010-11-01,2010-11-03 15:55:00,2011-06-19 11:44:00,3,300.70000000000005,173,3,300.70000000000005,3,3,2,2,Need Attention,137.9
16051,2010-01-01,2010-01-27 09:38:00,2010-01-27 09:38:00,1,188.44,681,1,188.44,1,1,1,1,Lost,0.0
16052,2011-10-01,2011-10-16 15:13:00,2011-10-16 15:13:00,1,362.06000000000006,54,1,362.06000000000006,4,1,2,2,New & Promising,362.06000000000006
16053,2010-04-01,2010-04-08 11:11:00,2011-11-07 11:21:00,6,3634.84,32,6,3634.84,4,4,5,4,Champions,1511.9499999999996
16054,2010-04-01,2010-04-01 18:37:00,2011-07-17 13:08:00,4,2111.88,145,4,2111.88,3,4,4,4,Loyal,783.8999999999999
16055,2011-05-01,2011-05-03 09:26:00,2011-05-03 09:26:00,1,134.8,220,1,134.8,2,1,1,1,Hibernating,134.8
16056,2011-10-01,2011-10-25 15:19:00,2011-10-25 15:19:00,1,650.7500000000001,45,1,650.7500000000001,4,1,3,2,New & Promising,650.7500000000001
16057,2010-01-01,2010-01-07 17:11:00,2011-11-23 15:23:00,10,3854.8500000000004,16,10,3854.8500000000004,5,5,5,5,Champions,2263.12
16058,2010-10-01,2010-10-29 16:48:00,2010-10-29 16:48:00,1,62.7,406,1,62.7,2,1,1,1,Hibernating,0.0
16059,2010-05-01,2010-05-19 13:04:00,2011-10-05 09:56:00,12,3053.5699999999997,65,12,3053.5699999999997,3,5,5,5,Loyal,1334.9099999999999
16060,2010-08-01,2010-08-02 15:26:00,2010-11-04 12:10:00,3,541.9499999999999,400,3,541.9499999999999,2,3,2,2,Hibernating,0.0
16061,2010-10-01,2010-10-04 15:29:00,2010-10-04 15:29:00,1,89.65,431,1,89.65,1,1,1,1,Lost,0.0
16062,2010-06-01,2010-06-21 13:32:00,2011-11-30 12:15:00,8,2863.4499999999994,9,8,2863.4499999999994,5,5,4,4,Champions,1153.6200000000001
16063,2011-03-01,2011-03-24 14:55:00,2011-03-24 14:55:00,1,335.32000000000005,260,1,335.32000000000005,2,1,2,2,Hibernating,335.32000000000005
16064,2009-12-01,2009-12-14 16:11:00,2009-12-14 16:11:00,1,109.31000000000003,725,1,109.31000000000003,1,1,1,1,Lost,0.0
16065,2010-09-01,2010-09-02 13:27:00,2010-12-09 13:03:00,8,1992.13,365,8,1992.13,2,5,4,4,At Risk – High Value,0.0
16066,2011-08-01,2011-08-07 14:33:00,2011-11-23 11:54:00,5,1521.0399999999997,16,5,1521.0399999999997,5,4,4,4,Champions,1521.0399999999997
16067,2010-02-01,2010-02-02 18:01:00,2010-05-26 12:33:00,3,3269.1099999999997,562,3,3269.1099999999997,1,3,5,4,At Risk – High Value,0.0
16068,2010-04-01,2010-04-25 11:52:00,2010-04-25 11:52:00,1,115.73000000000002,593,1,115.73000000000002,1,1,1,1,Lost,0.0
16069,2010-10-01,2010-10-18 10:32:00,2010-10-18 10:32:00,1,457.7000000000001,417,1,457.7000000000001,1,1,2,2,Lost,0.0
16070,2011-11-01,2011-11-07 16:36:00,2011-11-17 15:50:00,2,852.1499999999999,22,2,852.1499999999999,4,2,3,2,New & Promising,852.1499999999999
16071,2010-02-01,2010-02-22 14:48:00,2011-10-26 11:14:00,4,1076.7999999999997,44,4,1076.7999999999997,4,4,3,4,Champions,326.24000000000007
16072,2010-06-01,2010-06-08 16:47:00,2011-02-24 14:32:00,4,4180.090000000004,288,4,4180.090000000004,2,4,5,4,At Risk – High Value,584.3199999999999
16073,2011-02-01,2011-02-15 15:41:00,2011-02-15 15:41:00,1,122.39999999999999,297,1,122.39999999999999,2,1,1,1,Hibernating,122.39999999999999
16074,2010-11-01,2010-11-14 13:19:00,2010-11-14 13:19:00,1,252.49999999999994,390,1,252.49999999999994,2,1,1,1,Hibernating,0.0
16075,2010-05-01,2010-05-24 15:57:00,2010-07-25 11:31:00,2,736.93,502,2,736.93,1,2,3,2,Lost,0.0
16076,2011-05-01,2011-05-15 12:31:00,2011-12-06 14:59:00,10,2234.73,3,10,2234.73,5,5,4,4,Champions,2234.73
16077,2010-03-01,2010-03-24 10:42:00,2010-03-24 10:42:00,1,2300.4,625,1,2300.4,1,1,4,2,Lost,0.0
16078,2010-02-01,2010-02-08 13:29:00,2011-03-01 09:47:00,2,362.99,283,2,362.99,2,2,2,2,Hibernating,79.2
16079,2011-10-01,2011-10-30 13:06:00,2011-11-23 12:48:00,3,1352.0,16,3,1352.0,5,3,4,4,Champions,1352.0
16080,2010-09-01,2010-09-15 14:19:00,2011-09-19 10:42:00,4,602.56,81,4,602.56,3,4,2,3,Loyal,217.16000000000003
16081,2010-02-01,2010-02-03 12:46:00,2011-10-14 13:06:00,8,4278.96,56,8,4278.96,4,5,5,5,Champions,2641.8199999999997
16082,2010-02-01,2010-02-07 15:16:00,2010-02-07 15:16:00,1,106.75000000000001,670,1,106.75000000000001,1,1,1,1,Lost,0.0
16083,2010-11-01,2010-11-16 11:53:00,2011-08-31 10:47:00,4,2351.42,100,4,2351.42,3,4,4,4,Loyal,1317.6200000000001
16084,2011-02-01,2011-02-13 16:05:00,2011-02-13 16:05:00,1,436.17999999999995,299,1,436.17999999999995,2,1,2,2,Hibernating,436.17999999999995
16085,2010-01-01,2010-01-20 14:03:00,2011-11-16 13:24:00,12,2324.71,23,12,2324.71,4,5,4,4,Champions,981.5100000000001
16086,2009-12-01,2009-12-02 13:20:00,2011-10-11 13:09:00,10,2687.73,59,10,2687.73,3,5,4,4,Loyal,944.1300000000001
16087,2010-01-01,2010-01-19 12:30:00,2010-11-15 16:44:00,5,1739.9199999999998,389,5,1739.9199999999998,2,4,4,4,At Risk – High Value,0.0
16088,2010-04-01,2010-04-27 10:56:00,2010-05-13 10:16:00,2,1437.4299999999998,575,2,1437.4299999999998,1,2,4,3,At Risk,0.0
16089,2010-07-01,2010-07-18 15:51:00,2010-11-18 13:51:00,2,263.49,386,2,263.49,2,2,1,2,Hibernating,0.0
16090,2010-03-01,2010-03-25 13:05:00,2010-03-25 13:05:00,1,180.56,624,1,180.56,1,1,1,1,Lost,0.0
16091,2011-05-01,2011-05-25 09:18:00,2011-07-08 08:45:00,2,315.06,154,2,315.06,3,2,2,2,Need Attention,315.06
16092,2010-05-01,2010-05-09 16:10:00,2011-08-17 10:46:00,6,1587.94,114,6,1587.94,3,4,4,4,Loyal,817.8599999999999
16093,2011-08-01,2011-08-25 11:09:00,2011-08-25 11:09:00,1,17.0,106,1,17.0,3,1,1,1,Need Attention,17.0
16094,2010-04-01,2010-04-16 14:00:00,2011-11-28 12:45:00,11,3695.5599999999995,11,11,3695.5599999999995,5,5,5,5,Champions,1078.23
16095,2010-09-01,2010-09-09 16:54:00,2010-09-09 16:54:00,1,447.05000000000007,456,1,447.05000000000007,1,1,2,2,Lost,0.0
16096,2010-03-01,2010-03-04 15:44:00,2011-03-20 13:38:00,4,1584.9700000000003,264,4,1584.9700000000003,2,4,4,4,At Risk – High Value,320.62
16097,2011-04-01,2011-04-13 13:47:00,2011-04-13 13:47:00,1,185.05,240,1,185.05,2,1,1,1,Hibernating,185.05
16098,2009-12-01,2009-12-15 09:40:00,2011-09-13 09:59:00,14,4010.7,87,14,4010.7,3,5,5,5,Loyal,1575.03
16099,2010-03-01,2010-03-03 11:13:00,2011-10-20 13:13:00,7,1573.2,50,7,1573.2,4,4,4,4,Champions,731.9
16100,2010-09-01,2010-09-03 11:39:00,2010-09-03 11:39:00,1,582.6400000000001,462,1,582.6400000000001,1,1,2,2,Lost,0.0
16101,2010-05-01,2010-05-27 12:50:00,2011-09-30 10:18:00,4,3229.1600000000003,70,4,3229.1600000000003,3,4,5,4,Loyal,1290.7
16102,2011-08-01,2011-08-03 12:50:00,2011-10-28 13:19:00,3,1842.1400000000003,42,3,1842.1400000000003,4,3,4,4,Champions,1842.1400000000003
16103,2010-01-01,2010-01-08 12:08:00,2011-12-02 14:16:00,22,6191.71,7,22,6191.71,5,5,5,5,Champions,1429.6399999999999
16104,2009-12-01,2009-12-06 10:41:00,2011-10-09 10:23:00,9,2774.46,61,9,2774.46,3,5,4,4,Loyal,298.21
16105,2010-04-01,2010-04-14 13:27:00,2011-04-05 10:13:00,5,2386.19,248,5,2386.19,2,4,4,4,At Risk – High Value,336.96
16106,2011-10-01,2011-10-05 10:37:00,2011-10-05 10:37:00,1,108.38,65,1,108.38,3,1,1,1,Need Attention,108.38
16107,2011-06-01,2011-06-09 18:42:00,2011-11-22 09:40:00,7,3204.1600000000003,17,7,3204.1600000000003,5,4,5,4,Champions,3204.1600000000003
16108,2010-03-01,2010-03-18 14:14:00,2011-09-16 11:48:00,4,2235.9199999999996,84,4,2235.9199999999996,3,4,4,4,Loyal,842.5
16109,2010-01-01,2010-01-10 10:37:00,2011-05-05 09:17:00,3,939.4799999999999,218,3,939.4799999999999,2,3,3,3,At Risk,611.8799999999999
16110,2010-07-01,2010-07-05 13:04:00,2011-10-25 14:35:00,4,1781.5900000000001,45,4,1781.5900000000001,4,4,4,4,Champions,1320.95
16111,2010-10-01,2010-10-07 19:51:00,2010-10-07 19:51:00,1,549.33,428,1,549.33,1,1,2,2,Lost,0.0
16112,2011-01-01,2011-01-05 11:47:00,2011-07-19 14:28:00,4,195.74,143,4,195.74,3,4,1,2,Need Attention,195.74
16113,2011-06-01,2011-06-09 16:16:00,2011-06-09 16:16:00,1,161.38000000000002,183,1,161.38000000000002,3,1,1,1,Need Attention,161.38000000000002
16114,2011-06-01,2011-06-22 10:13:00,2011-06-22 10:13:00,1,135.75000000000003,170,1,135.75000000000003,3,1,1,1,Need Attention,135.75000000000003
16115,2010-05-01,2010-05-14 11:59:00,2011-11-30 11:32:00,12,2553.8,9,12,2553.8,5,5,4,4,Champions,1660.8799999999999
16116,2011-05-01,2011-05-12 12:01:00,2011-05-12 12:01:00,1,612.7800000000001,211,1,612.7800000000001,2,1,3,2,Hibernating,612.7800000000001
16117,2010-04-01,2010-04-27 11:50:00,2011-06-03 11:42:00,3,654.4,189,3,654.4,2,3,3,3,At Risk,232.21
16118,2010-02-01,2010-02-25 09:40:00,2010-02-25 09:40:00,1,4376.25,652,1,4376.25,1,1,5,3,At Risk,0.0
16119,2009-12-01,2009-12-16 11:56:00,2011-12-01 15:11:00,8,1720.8100000000002,8,8,1720.8100000000002,5,5,4,4,Champions,423.36
16120,2010-10-01,2010-10-13 15:07:00,2011-10-11 14:22:00,6,2967.510000000001,59,6,2967.510000000001,3,4,5,4,Loyal,1309.14
16121,2010-05-01,2010-05-23 10:52:00,2011-10-13 12:59:00,5,1450.0399999999997,57,5,1450.0399999999997,4,4,4,4,Champions,854.6599999999999
16122,2010-10-01,2010-10-10 15:26:00,2011-09-27 15:34:00,6,895.6200000000001,73,6,895.6200000000001,3,4,3,4,Loyal,578.7
16123,2011-10-01,2011-10-19 09:18:00,2011-10-19 09:18:00,1,307.78,51,1,307.78,4,1,2,2,New & Promising,307.78
16124,2009-12-01,2009-12-07 10:33:00,2011-01-26 14:45:00,4,1772.49,317,4,1772.49,2,4,4,4,At Risk – High Value,249.0
16125,2009-12-01,2009-12-14 15:38:00,2010-12-07 15:48:00,14,4292.35,367,14,4292.35,2,5,5,5,At Risk – High Value,0.0
16126,2009-12-01,2009-12-02 13:34:00,2011-11-10 16:03:00,15,14644.6,29,15,14644.6,4,5,5,5,Champions,6287.77
16127,2009-12-01,2009-12-13 12:19:00,2011-10-31 13:58:00,2,801.3100000000001,39,2,801.3100000000001,4,2,3,2,New & Promising,656.2500000000001
16128,2010-07-01,2010-07-16 16:30:00,2011-11-22 11:14:00,11,3801.0499999999997,17,11,3801.0499999999997,5,5,5,5,Champions,1880.22
16129,2010-07-01,2010-07-20 12:32:00,2010-10-28 14:29:00,3,1396.05,407,3,1396.05,2,3,4,4,At Risk – High Value,0.0
16130,2010-04-01,2010-04-01 13:58:00,2010-10-13 15:14:00,4,987.48,422,4,987.48,1,4,3,4,At Risk – High Value,0.0
16131,2009-12-01,2009-12-02 10:09:00,2011-10-19 11:53:00,12,9957.420000000002,51,12,9957.420000000002,4,5,5,5,Champions,3506.54
16132,2010-03-01,2010-03-22 10:25:00,2010-06-13 13:49:00,2,664.2,544,2,664.2,1,2,3,2,Lost,0.0
16133,2010-03-01,2010-03-31 12:21:00,2011-12-06 11:24:00,56,22992.259999999995,3,56,22992.259999999995,5,5,5,5,Champions,14589.04
16134,2010-06-01,2010-06-17 09:48:00,2011-11-18 10:05:00,5,2145.34,21,5,2145.34,4,4,4,4,Champions,618.0899999999999
16135,2010-05-01,2010-05-05 09:35:00,2011-03-22 12:30:00,2,819.4499999999998,262,2,819.4499999999998,2,2,3,2,Hibernating,517.5499999999998
16136,2010-02-01,2010-02-14 12:49:00,2011-10-11 09:10:00,4,946.8000000000002,59,4,946.8000000000002,3,4,3,4,Loyal,709.3800000000001
16137,2010-01-01,2010-01-28 15:04:00,2010-01-28 15:04:00,1,422.7,680,1,422.7,1,1,2,2,Lost,0.0
16138,2010-04-01,2010-04-28 09:51:00,2010-11-26 12:13:00,3,910.3499999999999,378,3,910.3499999999999,2,3,3,3,At Risk,0.0
16139,2009-12-01,2009-12-03 13:51:00,2011-11-21 08:37:00,5,1111.15,18,5,1111.15,5,4,3,4,Champions,635.4100000000001
16140,2010-09-01,2010-09-24 12:03:00,2011-10-05 12:15:00,3,1433.4600000000003,65,3,1433.4600000000003,3,3,4,4,Loyal,601.04
16141,2010-10-01,2010-10-18 14:12:00,2011-09-12 13:11:00,2,955.94,88,2,955.94,3,2,3,2,Need Attention,620.4
16142,2011-04-01,2011-04-04 10:16:00,2011-04-04 10:16:00,1,535.3400000000001,249,1,535.3400000000001,2,1,2,2,Hibernating,535.3400000000001
16143,2009-12-01,2009-12-10 09:44:00,2011-12-06 14:13:00,12,4555.08,3,12,4555.08,5,5,5,5,Champions,2069.19
16144,2011-04-01,2011-04-07 10:09:00,2011-04-07 10:09:00,1,175.2,246,1,175.2,2,1,1,1,Hibernating,175.2
16145,2010-05-01,2010-05-04 13:31:00,2011-12-01 10:33:00,19,6805.439999999999,8,19,6805.439999999999,5,5,5,5,Champions,3799.49
16146,2010-09-01,2010-09-17 10:46:00,2011-07-05 14:20:00,4,946.3800000000001,157,4,946.3800000000001,3,4,3,4,Loyal,734.13
16147,2010-02-01,2010-02-05 12:26:00,2011-07-29 09:57:00,5,2398.91,133,5,2398.91,3,4,4,4,Loyal,375.0
16148,2010-09-01,2010-09-29 10:12:00,2011-02-16 14:01:00,2,386.62,296,2,386.62,2,2,2,2,Hibernating,76.32000000000001
16149,2010-10-01,2010-10-06 15:54:00,2011-12-05 11:29:00,3,422.22,4,3,422.22,5,3,2,2,New & Promising,280.52000000000004
16150,2009-12-01,2009-12-17 15:33:00,2011-10-28 12:39:00,10,4002.17,42,10,4002.17,4,5,5,5,Champions,1659.6000000000001
16152,2011-03-01,2011-03-16 09:47:00,2011-03-16 09:47:00,1,1829.04,268,1,1829.04,2,1,4,2,Hibernating,1829.04
16153,2010-05-01,2010-05-26 12:41:00,2011-10-21 10:50:00,11,5133.49,49,11,5133.49,4,5,5,5,Champions,1824.2300000000002
16155,2010-06-01,2010-06-18 11:23:00,2010-11-23 12:03:00,5,796.9,381,5,796.9,2,4,3,4,At Risk – High Value,0.0
16156,2009-12-01,2009-12-02 17:06:00,2011-12-01 12:42:00,20,6188.18,8,20,6188.18,5,5,5,5,Champions,3092.04
16157,2011-09-01,2011-09-28 11:48:00,2011-11-24 11:41:00,3,656.69,15,3,656.69,5,3,3,3,Loyal,656.69
16158,2009-12-01,2009-12-05 15:00:00,2010-07-05 13:55:00,9,628.3199999999999,522,9,628.3199999999999,1,5,3,4,At Risk – High Value,0.0
16159,2009-12-01,2009-12-03 11:51:00,2011-03-03 12:27:00,4,1232.79,281,4,1232.79,2,4,4,4,At Risk – High Value,348.2000000000001
16160,2011-09-01,2011-09-15 10:53:00,2011-10-05 14:19:00,2,1025.4400000000003,65,2,1025.4400000000003,3,2,3,2,Need Attention,1025.4400000000003
16161,2010-02-01,2010-02-08 11:06:00,2011-12-08 12:10:00,43,12580.059999999998,1,43,12580.059999999998,5,5,5,5,Champions,5369.47
16162,2011-04-01,2011-04-01 15:03:00,2011-04-01 15:03:00,1,37.4,252,1,37.4,2,1,1,1,Hibernating,37.4
16163,2009-12-01,2009-12-02 10:00:00,2011-04-21 15:15:00,6,2407.9800000000005,232,6,2407.9800000000005,2,4,4,4,At Risk – High Value,415.00000000000006
16164,2011-10-01,2011-10-28 09:12:00,2011-11-22 15:04:00,3,822.48,17,3,822.48,5,3,3,3,Loyal,822.48
16165,2010-07-01,2010-07-22 14:17:00,2010-07-22 14:17:00,1,79.9,505,1,79.9,1,1,1,1,Lost,0.0
16166,2010-01-01,2010-01-17 14:16:00,2010-10-07 15:44:00,2,435.83000000000004,428,2,435.83000000000004,1,2,2,2,Lost,0.0
16167,2009-12-01,2009-12-01 10:46:00,2010-10-21 15:33:00,5,1386.12,414,5,1386.12,1,4,4,4,At Risk – High Value,0.0
16168,2009-12-01,2009-12-03 12:38:00,2011-11-29 12:45:00,66,10360.669999999998,10,66,10360.669999999998,5,5,5,5,Champions,3511.8
16169,2011-09-01,2011-09-25 11:33:00,2011-12-01 15:28:00,4,1822.9700000000003,8,4,1822.9700000000003,5,4,4,4,Champions,1822.9700000000003
16170,2010-02-01,2010-02-18 13:50:00,2011-10-20 08:21:00,20,6869.0,50,20,6869.0,4,5,5,5,Champions,1885.0500000000002
16171,2011-10-01,2011-10-11 14:51:00,2011-10-11 14:51:00,1,73.2,59,1,73.2,3,1,1,1,Need Attention,73.2
16172,2010-07-01,2010-07-14 15:34:00,2011-09-05 13:22:00,8,1884.55,95,8,1884.55,3,5,4,4,Loyal,1140.21
16173,2011-09-01,2011-09-02 15:23:00,2011-11-24 10:53:00,6,1418.32,15,6,1418.32,5,4,4,4,Champions,1418.32
16174,2010-04-01,2010-04-15 15:12:00,2011-08-05 13:26:00,7,2246.75,126,7,2246.75,3,4,4,4,Loyal,1009.5500000000001
16175,2010-05-01,2010-05-25 12:01:00,2011-09-06 14:32:00,7,1836.44,94,7,1836.44,3,4,4,4,Loyal,1037.59
16176,2010-03-01,2010-03-29 14:52:00,2010-10-14 13:54:00,4,2052.6899999999996,421,4,2052.6899999999996,1,4,4,4,At Risk – High Value,0.0
16177,2010-03-01,2010-03-02 14:03:00,2011-10-20 12:57:00,8,2247.31,50,8,2247.31,4,5,4,4,Champions,331.95
16178,2010-11-01,2010-11-03 14:46:00,2011-07-24 16:05:00,2,612.6000000000001,138,2,612.6000000000001,3,2,3,2,Need Attention,197.90000000000003
16179,2011-10-01,2011-10-10 09:41:00,2011-10-10 09:41:00,1,215.83,60,1,215.83,3,1,1,1,Need Attention,215.83
16180,2010-06-01,2010-06-23 13:19:00,2011-08-31 16:28:00,13,16249.869999999999,100,13,16249.869999999999,3,5,5,5,Loyal,10254.18
16181,2011-09-01,2011-09-27 13:38:00,2011-09-27 13:38:00,1,305.5400000000001,73,1,305.5400000000001,3,1,2,2,Need Attention,305.5400000000001
16182,2010-03-01,2010-03-09 09:34:00,2011-09-28 13:23:00,9,9971.65,72,9,9971.65,3,5,5,5,Loyal,6617.65
16183,2010-10-01,2010-10-28 14:43:00,2011-10-03 14:59:00,4,1077.8100000000002,67,4,1077.8100000000002,3,4,3,4,Loyal,338.7100000000001
16184,2011-05-01,2011-05-12 13:33:00,2011-10-06 17:43:00,6,1158.7900000000002,64,6,1158.7900000000002,3,4,3,4,Loyal,1158.79
16185,2010-05-01,2010-05-24 11:04:00,2011-11-23 09:41:00,3,644.7199999999999,16,3,644.7199999999999,5,3,3,3,Loyal,529.41
16186,2009-12-01,2009-12-09 15:36:00,2011-11-17 12:43:00,26,8718.43,22,26,8718.43,4,5,5,5,Champions,3699.2599999999998
16187,2011-02-01,2011-02-28 13:34:00,2011-11-08 09:50:00,15,6911.440000000001,31,15,6911.440000000001,4,5,5,5,Champions,6911.440000000001
16188,2010-10-01,2010-10-27 11:50:00,2011-10-26 12:19:00,5,1087.6599999999999,44,5,1087.6599999999999,4,4,3,4,Champions,981.8599999999999
16189,2011-09-01,2011-09-15 15:21:00,2011-11-24 11:47:00,2,215.48,15,2,215.48,5,2,1,2,New & Promising,215.48
16190,2009-12-01,2009-12-14 11:59:00,2011-10-30 15:59:00,8,2723.55,40,8,2723.55,4,5,4,4,Champions,215.08
16191,2009-12-01,2009-12-11 12:24:00,2011-12-07 11:26:00,24,15677.820000000002,2,24,15677.820000000002,5,5,5,5,Champions,5180.52
16192,2009-12-01,2009-12-04 12:28:00,2009-12-04 12:28:00,1,351.3,735,1,351.3,1,1,2,2,Lost,0.0
16193,2010-10-01,2010-10-25 10:25:00,2011-04-17 11:45:00,2,630.43,236,2,630.43,2,2,3,2,Hibernating,314.45
16194,2010-11-01,2010-11-29 13:28:00,2010-11-29 13:28:00,1,308.59999999999997,375,1,308.59999999999997,2,1,2,2,Hibernating,0.0
16195,2009-12-01,2009-12-16 14:09:00,2009-12-16 14:09:00,1,323.25,723,1,323.25,1,1,2,2,Lost,0.0
16196,2010-08-01,2010-08-08 11:40:00,2010-08-08 11:40:00,1,93.3,488,1,93.3,1,1,1,1,Lost,0.0
16197,2009-12-01,2009-12-16 11:44:00,2010-08-27 12:56:00,9,2016.71,469,9,2016.71,1,5,4,4,At Risk – High Value,0.0
16198,2010-09-01,2010-09-28 13:59:00,2011-09-25 14:58:00,2,1030.0400000000002,75,2,1030.0400000000002,3,2,3,2,Need Attention,400.68
16199,2010-03-01,2010-03-18 18:47:00,2010-11-12 12:55:00,7,942.75,392,7,942.75,2,4,3,4,At Risk – High Value,0.0
16200,2009-12-01,2009-12-02 15:04:00,2011-12-05 14:40:00,12,5608.099999999999,4,12,5608.099999999999,5,5,5,5,Champions,1068.87
16201,2010-10-01,2010-10-20 12:00:00,2011-12-06 16:02:00,5,2112.12,3,5,2112.12,5,4,4,4,Champions,1863.47
16202,2009-12-01,2009-12-02 10:48:00,2010-12-14 10:43:00,9,2501.99,360,9,2501.99,2,5,4,4,At Risk – High Value,365.27000000000004
16203,2010-07-01,2010-07-23 13:09:00,2011-10-12 12:31:00,6,943.84,58,6,943.84,4,4,3,4,Champions,422.2
16204,2009-12-01,2009-12-08 17:44:00,2011-11-16 13:40:00,3,918.71,23,3,918.71,4,3,3,3,Loyal,384.18000000000006
16205,2010-06-01,2010-06-15 11:58:00,2011-11-09 09:32:00,7,1813.5099999999998,30,7,1813.5099999999998,4,4,4,4,Champions,751.03
16206,2010-01-01,2010-01-24 15:25:00,2011-10-16 10:41:00,13,2577.12,54,13,2577.12,4,5,4,4,Champions,537.0600000000001
16207,2011-11-01,2011-11-14 13:51:00,2011-11-14 13:51:00,1,394.38,25,1,394.38,4,1,2,2,New & Promising,394.38
16208,2010-02-01,2010-02-24 14:24:00,2011-10-26 11:36:00,10,3440.4500000000007,44,10,3440.4500000000007,4,5,5,5,Champions,664.26
16209,2010-06-01,2010-06-11 11:58:00,2011-09-12 11:58:00,9,4146.780000000001,88,9,4146.780000000001,3,5,5,5,Loyal,2262.62
16210,2009-12-01,2009-12-02 12:54:00,2011-12-08 12:36:00,33,33730.97,1,33,33730.97,5,5,5,5,Champions,16337.76
16211,2010-09-01,2010-09-27 15:24:00,2011-09-12 12:11:00,3,1090.59,88,3,1090.59,3,3,3,3,Loyal,547.02
16212,2010-02-01,2010-02-07 15:26:00,2011-11-20 13:00:00,4,1293.71,19,4,1293.71,5,4,4,4,Champions,690.3399999999999
16213,2011-09-01,2011-09-22 10:03:00,2011-09-22 10:03:00,1,159.0,78,1,159.0,3,1,1,1,Need Attention,159.0
16214,2010-09-01,2010-09-30 13:57:00,2011-06-22 11:30:00,4,2038.25,170,4,2038.25,3,4,4,4,Loyal,1062.75
16215,2011-09-01,2011-09-20 10:18:00,2011-09-20 10:18:00,1,242.35000000000002,80,1,242.35000000000002,3,1,1,1,Need Attention,242.35000000000002
16216,2011-03-01,2011-03-17 15:34:00,2011-03-17 15:34:00,1,914.9300000000002,267,1,914.9300000000002,2,1,3,2,Hibernating,914.9300000000002
16217,2011-03-01,2011-03-02 15:28:00,2011-04-18 13:31:00,2,304.25,235,2,304.25,2,2,2,2,Hibernating,304.25
16218,2010-05-01,2010-05-27 16:09:00,2011-11-10 09:59:00,13,3968.67,29,13,3968.67,4,5,5,5,Champions,2613.38
16219,2010-07-01,2010-07-27 11:44:00,2010-07-27 11:44:00,1,40.8,500,1,40.8,1,1,1,1,Lost,0.0
16221,2010-08-01,2010-08-10 13:32:00,2011-11-03 11:43:00,9,2018.4700000000003,36,9,2018.4700000000003,4,5,4,4,Champions,694.12
16222,2009-12-01,2009-12-18 14:31:00,2011-01-25 13:38:00,2,1272.0500000000006,318,2,1272.0500000000006,2,2,4,3,At Risk,773.5500000000006
16223,2010-11-01,2010-11-09 12:07:00,2010-11-30 11:50:00,2,1087.0499999999997,374,2,1087.0499999999997,2,2,3,2,Hibernating,0.0
16224,2010-11-01,2010-11-17 13:14:00,2011-10-13 17:51:00,5,1616.54,57,5,1616.54,4,4,4,4,Champions,1295.2999999999997
16225,2010-02-01,2010-02-07 12:41:00,2011-10-26 08:30:00,15,2859.3100000000004,44,15,2859.3100000000004,4,5,4,4,Champions,1096.32
16226,2010-10-01,2010-10-22 11:19:00,2011-05-20 14:41:00,5,672.17,203,5,672.17,2,4,3,4,At Risk – High Value,255.12
16227,2010-06-01,2010-06-22 13:28:00,2011-04-28 13:33:00,3,1027.2199999999998,225,3,1027.2199999999998,2,3,3,3,At Risk,314.22
16228,2010-11-01,2010-11-04 18:54:00,2010-11-19 14:20:00,3,885.71,385,3,885.71,2,3,3,3,At Risk,0.0
16229,2010-05-01,2010-05-24 12:59:00,2011-09-13 17:16:00,6,2867.86,87,6,2867.86,3,4,4,4,Loyal,1010.5999999999998
16230,2011-05-01,2011-05-03 15:12:00,2011-06-03 10:06:00,2,542.03,189,2,542.03,2,2,2,2,Hibernating,542.03
16231,2010-04-01,2010-04-21 12:06:00,2010-11-25 15:00:00,4,1074.47,379,4,1074.47,2,4,3,4,At Risk – High Value,0.0
16232,2010-06-01,2010-06-07 14:04:00,2011-10-27 12:16:00,7,2712.97,43,7,2712.97,4,4,4,4,Champions,990.88
16233,2009-12-01,2009-12-02 13:23:00,2011-09-29 17:27:00,9,1818.31,71,9,1818.31,3,5,4,4,Loyal,389.28
16234,2010-05-01,2010-05-27 10:39:00,2010-08-20 14:33:00,3,333.18,476,3,333.18,1,3,2,2,Lost,0.0
16235,2010-08-01,2010-08-26 12:10:00,2011-10-30 10:56:00,8,2043.7099999999998,40,8,2043.7099999999998,4,5,4,4,Champions,857.3100000000001
16236,2011-09-01,2011-09-22 14:10:00,2011-09-22 14:10:00,1,432.19999999999993,78,1,432.19999999999993,3,1,2,2,Need Attention,432.19999999999993
16237,2010-09-01,2010-09-28 17:02:00,2010-09-28 17:02:00,1,136.65,437,1,136.65,1,1,1,1,Lost,0.0
16238,2010-10-01,2010-10-13 12:36:00,2010-10-13 12:36:00,1,63.66,422,1,63.66,1,1,1,1,Lost,0.0
16239,2010-09-01,2010-09-02 19:17:00,2011-10-14 08:29:00,6,1492.1999999999998,56,6,1492.1999999999998,4,4,4,4,Champions,414.2
16240,2011-09-01,2011-09-23 13:44:00,2011-11-15 14:30:00,2,3718.8000000000006,24,2,3718.8000000000006,4,2,5,4,Champions,3718.8000000000006
16241,2010-10-01,2010-10-25 13:40:00,2011-11-30 11:08:00,16,3989.810000000001,9,16,3989.810000000001,5,5,5,5,Champions,2312.6600000000003
16242,2010-03-01,2010-03-15 16:02:00,2011-12-01 15:12:00,14,7404.65,8,14,7404.65,5,5,5,5,Champions,3579.8599999999997
16243,2011-10-01,2011-10-16 12:09:00,2011-11-06 12:32:00,2,409.0999999999999,33,2,409.0999999999999,4,2,2,2,New & Promising,409.0999999999999
16244,2010-12-01,2010-12-02 11:41:00,2011-05-12 10:18:00,2,1522.7499999999995,211,2,1522.7499999999995,2,2,4,3,At Risk,466.12
16245,2011-03-01,2011-03-28 09:30:00,2011-11-16 10:14:00,3,1413.6599999999999,23,3,1413.6599999999999,4,3,4,4,Champions,1413.66
16246,2010-02-01,2010-02-08 12:32:00,2010-09-06 12:04:00,2,821.35,459,2,821.35,1,2,3,2,Lost,0.0
16247,2011-06-01,2011-06-22 14:23:00,2011-06-22 14:23:00,1,114.56,170,1,114.56,3,1,1,1,Need Attention,114.56
16248,2011-10-01,2011-10-09 11:32:00,2011-10-09 11:32:00,1,152.94,61,1,152.94,3,1,1,1,Need Attention,152.94
16249,2011-04-01,2011-04-14 13:50:00,2011-10-18 10:07:00,5,1800.0700000000002,52,5,1800.0700000000002,4,4,4,4,Champions,1800.0700000000002
16250,2010-11-01,2010-11-18 10:43:00,2011-03-23 15:07:00,3,565.24,261,3,565.24,2,3,2,2,Hibernating,163.3
16251,2010-07-01,2010-07-15 14:55:00,2010-07-15 14:55:00,1,128.31,512,1,128.31,1,1,1,1,Lost,0.0
16252,2010-11-01,2010-11-22 11:57:00,2010-11-22 11:57:00,1,295.09000000000003,382,1,295.09000000000003,2,1,2,2,Hibernating,0.0
16253,2009-12-01,2009-12-08 17:24:00,2011-10-04 09:09:00,7,7222.2,66,7,7222.2,3,4,5,4,Loyal,3683.8600000000006
16254,2010-03-01,2010-03-17 15:43:00,2010-11-26 13:22:00,3,967.4400000000002,378,3,967.4400000000002,2,3,3,3,At Risk,0.0
16255,2010-01-01,2010-01-24 12:21:00,2011-11-23 12:40:00,15,4530.0,16,15,4530.0,5,5,5,5,Champions,2245.66
16256,2010-04-01,2010-04-21 10:34:00,2011-03-18 12:18:00,3,1579.3700000000001,266,3,1579.3700000000001,2,3,4,4,At Risk – High Value,752.4300000000002
16257,2011-06-01,2011-06-16 10:11:00,2011-06-16 10:11:00,1,21.95,176,1,21.95,3,1,1,1,Need Attention,21.95
16258,2010-03-01,2010-03-10 14:19:00,2011-10-25 13:30:00,15,11942.52,45,15,11942.52,4,5,5,5,Champions,5203.51
16259,2010-04-01,2010-04-13 16:57:00,2010-10-25 14:27:00,3,340.94,410,3,340.94,1,3,2,2,Lost,0.0
16260,2011-10-01,2011-10-20 09:40:00,2011-10-20 09:40:00,1,1035.45,50,1,1035.45,4,1,3,2,New & Promising,1035.45
16261,2010-09-01,2010-09-23 16:40:00,2011-11-22 17:23:00,6,1041.1599999999999,17,6,1041.1599999999999,5,4,3,4,Champions,728.54
16262,2010-11-01,2010-11-26 13:22:00,2010-11-26 13:22:00,1,755.1500000000002,378,1,755.1500000000002,2,1,3,2,Hibernating,0.0
16263,2010-10-01,2010-10-12 14:52:00,2010-10-12 14:52:00,1,348.15999999999997,423,1,348.15999999999997,1,1,2,2,Lost,0.0
16264,2010-09-01,2010-09-19 16:14:00,2010-09-27 15:00:00,2,823.53,438,2,823.53,1,2,3,2,Lost,0.0
16265,2010-10-01,2010-10-28 15:18:00,2011-11-30 16:41:00,12,6685.169999999999,9,12,6685.169999999999,5,5,5,5,Champions,5347.0
16266,2010-02-01,2010-02-04 16:21:00,2011-09-27 12:08:00,14,1757.9499999999998,73,14,1757.9499999999998,3,5,4,4,Loyal,861.89
16267,2010-04-01,2010-04-27 14:10:00,2010-04-27 14:10:00,1,186.65999999999997,591,1,186.65999999999997,1,1,1,1,Lost,0.0
16268,2011-09-01,2011-09-29 18:30:00,2011-09-29 18:30:00,2,617.65,71,2,617.65,3,2,3,2,Need Attention,617.65
16269,2010-09-01,2010-09-28 11:50:00,2010-09-28 11:50:00,1,717.5700000000004,437,1,717.5700000000004,1,1,3,2,Lost,0.0
16270,2010-12-01,2010-12-21 14:26:00,2010-12-21 14:26:00,1,1141.2399999999996,353,1,1141.2399999999996,2,1,3,2,Hibernating,1141.2399999999996
16271,2010-03-01,2010-03-07 12:03:00,2011-11-24 12:12:00,8,3367.8199999999997,15,8,3367.8199999999997,5,5,5,5,Champions,1389.64
16272,2011-08-01,2011-08-15 10:53:00,2011-08-15 10:53:00,1,411.7000000000001,116,1,411.7000000000001,3,1,2,2,Need Attention,411.7000000000001
16273,2010-02-01,2010-02-21 16:02:00,2010-03-01 13:24:00,2,318.34000000000003,648,2,318.34000000000003,1,2,2,2,Lost,0.0
16274,2010-12-01,2010-12-01 15:35:00,2010-12-01 15:35:00,1,331.5499999999999,373,1,331.5499999999999,2,1,2,2,Hibernating,0.0
16275,2010-03-01,2010-03-08 14:41:00,2011-05-27 12:41:00,3,2151.11,196,3,2151.11,2,3,4,4,At Risk – High Value,559.8699999999999
16276,2010-04-01,2010-04-11 12:02:00,2011-06-16 09:34:00,3,2629.3900000000003,176,3,2629.3900000000003,3,3,4,4,Loyal,810.6000000000001
16277,2009-12-01,2009-12-06 11:27:00,2009-12-06 11:27:00,1,188.69,733,1,188.69,1,1,1,1,Lost,0.0
16278,2010-07-01,2010-07-28 15:40:00,2011-08-31 17:12:00,3,1117.84,100,3,1117.84,3,3,3,3,Loyal,566.3799999999999
16279,2010-04-01,2010-04-22 14:09:00,2011-11-18 15:00:00,9,5698.279999999999,21,9,5698.279999999999,4,5,5,5,Champions,1502.7799999999997
16280,2009-12-01,2009-12-14 15:49:00,2009-12-14 15:49:00,1,238.04999999999998,725,1,238.04999999999998,1,1,1,1,Lost,0.0
16281,2010-01-01,2010-01-26 13:41:00,2011-09-28 14:57:00,3,3424.02,72,3,3424.02,3,3,5,4,Loyal,2062.06
16282,2009-12-01,2009-12-21 11:52:00,2011-01-04 11:42:00,3,1307.5800000000002,339,3,1307.5800000000002,2,3,4,4,At Risk – High Value,168.3
16283,2010-02-01,2010-02-28 14:12:00,2011-12-04 12:08:00,8,4348.619999999999,5,8,4348.619999999999,5,5,5,5,Champions,1569.1099999999997
16284,2010-11-01,2010-11-11 13:27:00,2011-11-08 16:12:00,3,1018.48,31,3,1018.48,4,3,3,3,Loyal,812.6800000000001
16285,2010-03-01,2010-03-03 16:03:00,2010-03-03 16:03:00,1,176.89999999999995,646,1,176.89999999999995,1,1,1,1,Lost,0.0
16286,2010-03-01,2010-03-26 09:58:00,2010-08-19 14:48:00,2,328.95,477,2,328.95,1,2,2,2,Lost,0.0
16287,2010-01-01,2010-01-19 09:46:00,2011-06-23 09:08:00,5,1006.9799999999999,169,5,1006.9799999999999,3,4,3,4,Loyal,142.5
16288,2010-08-01,2010-08-26 14:45:00,2010-08-26 14:45:00,1,129.85000000000002,470,1,129.85000000000002,1,1,1,1,Lost,0.0
16289,2010-09-01,2010-09-03 14:02:00,2010-09-03 14:02:00,1,136.31,462,1,136.31,1,1,1,1,Lost,0.0
16290,2010-05-01,2010-05-23 11:46:00,2010-09-01 11:52:00,4,1957.7000000000003,464,4,1957.7000000000003,1,4,4,4,At Risk – High Value,0.0
16292,2010-04-01,2010-04-14 13:29:00,2011-08-10 12:24:00,5,1253.76,121,5,1253.76,3,4,4,4,Loyal,302.25
16293,2009-12-01,2009-12-11 09:58:00,2011-11-18 09:58:00,15,4279.2,21,15,4279.2,4,5,5,5,Champions,1870.24
16294,2010-08-01,2010-08-20 12:01:00,2010-08-20 12:01:00,1,126.05,476,1,126.05,1,1,1,1,Lost,0.0
16295,2011-10-01,2011-10-06 10:45:00,2011-11-30 08:17:00,4,1328.5499999999997,9,4,1328.5499999999997,5,4,4,4,Champions,1328.55
16296,2009-12-01,2009-12-18 12:03:00,2010-03-23 13:11:00,4,1313.67,626,4,1313.67,1,4,4,4,At Risk – High Value,0.0
16297,2011-03-01,2011-03-16 08:29:00,2011-03-16 08:29:00,1,301.90000000000003,268,1,301.90000000000003,2,1,2,2,Hibernating,301.90000000000003
16298,2010-09-01,2010-09-23 15:23:00,2011-11-17 11:59:00,7,1085.7,22,7,1085.7,4,4,3,4,Champions,598.2
16299,2010-08-01,2010-08-19 17:46:00,2010-08-19 17:46:00,1,193.64999999999998,477,1,193.64999999999998,1,1,1,1,Lost,0.0
16300,2010-02-01,2010-02-02 11:40:00,2010-10-05 13:14:00,3,1367.3199999999997,430,3,1367.3199999999997,1,3,4,4,At Risk – High Value,0.0
16301,2009-12-01,2009-12-03 10:20:00,2009-12-03 10:20:00,1,107.33,736,1,107.33,1,1,1,1,Lost,0.0
16302,2011-08-01,2011-08-05 09:44:00,2011-08-05 09:44:00,1,233.22,126,1,233.22,3,1,1,1,Need Attention,233.22
16303,2010-03-01,2010-03-18 14:12:00,2011-11-14 10:49:00,7,7928.270000000001,25,7,7928.270000000001,4,4,5,4,Champions,5360.630000000001
16304,2010-01-01,2010-01-14 08:30:00,2010-01-14 08:30:00,1,381.6599999999999,694,1,381.6599999999999,1,1,2,2,Lost,0.0
16305,2011-07-01,2011-07-24 12:18:00,2011-07-24 12:18:00,1,361.2199999999999,138,1,361.2199999999999,3,1,2,2,Need Attention,361.2199999999999
16306,2010-10-01,2010-10-01 09:36:00,2011-05-10 12:12:00,7,1124.7199999999998,213,7,1124.7199999999998,2,4,3,4,At Risk – High Value,564.17
16307,2010-05-01,2010-05-11 14:40:00,2010-10-06 14:31:00,3,1194.92,429,3,1194.92,1,3,3,3,At Risk,0.0
16308,2009-12-01,2009-12-15 15:48:00,2011-11-02 11:24:00,7,5120.0,37,7,5120.0,4,4,5,4,Champions,2560.0
16309,2011-04-01,2011-04-13 11:46:00,2011-08-25 15:35:00,2,706.5699999999999,106,2,706.5699999999999,3,2,3,2,Need Attention,706.5699999999999
16310,2010-03-01,2010-03-07 15:41:00,2010-10-21 14:47:00,2,460.08,414,2,460.08,1,2,2,2,Lost,0.0
16311,2011-10-01,2011-10-21 13:13:00,2011-11-22 08:54:00,2,616.26,17,2,616.26,5,2,3,2,New & Promising,616.26
16312,2010-10-01,2010-10-03 14:15:00,2010-10-03 14:15:00,1,171.14999999999998,432,1,171.14999999999998,1,1,1,1,Lost,0.0
16313,2011-10-01,2011-10-21 09:04:00,2011-12-06 13:02:00,2,274.15000000000003,3,2,274.15000000000003,5,2,1,2,New & Promising,274.15000000000003
16314,2010-08-01,2010-08-24 11:52:00,2010-11-15 12:06:00,3,1491.3999999999999,389,3,1491.3999999999999,2,3,4,4,At Risk – High Value,0.0
16315,2010-06-01,2010-06-21 13:53:00,2011-01-13 11:57:00,2,402.71,330,2,402.71,2,2,2,2,Hibernating,226.37
16316,2010-08-01,2010-08-03 14:38:00,2011-10-06 13:48:00,13,5744.91,64,13,5744.91,3,5,5,5,Loyal,2938.91
16317,2010-05-01,2010-05-04 10:17:00,2011-08-12 12:46:00,5,2192.51,119,5,2192.51,3,4,4,4,Loyal,1341.65
16318,2011-11-01,2011-11-04 13:05:00,2011-11-04 13:05:00,1,328.15,35,1,328.15,4,1,2,2,New & Promising,328.15
16319,2011-05-01,2011-05-06 11:27:00,2011-05-06 11:27:00,1,404.40000000000003,217,1,404.40000000000003,2,1,2,2,Hibernating,404.40000000000003
16320,2010-01-01,2010-01-27 13:29:00,2011-06-20 15:25:00,6,5628.990000000001,172,6,5628.990000000001,3,4,5,4,Loyal,1038.4600000000003
16321,2009-12-01,2009-12-01 10:36:00,2011-09-28 14:55:00,7,604.5500000000001,72,7,604.5500000000001,3,4,3,4,Loyal,373.65
16322,2011-11-01,2011-11-03 14:33:00,2011-12-08 15:41:00,2,326.75,1,2,326.75,5,2,2,2,New & Promising,326.75
16323,2010-05-01,2010-05-11 09:48:00,2011-05-27 14:48:00,2,353.66,196,2,353.66,2,2,2,2,Hibernating,207.50000000000003
16324,2011-06-01,2011-06-15 14:26:00,2011-08-03 12:58:00,3,408.5899999999999,128,3,408.5899999999999,3,3,2,2,Need Attention,408.5899999999999
16325,2009-12-01,2009-12-04 13:21:00,2011-10-24 08:48:00,12,3597.5,46,12,3597.5,4,5,5,5,Champions,594.24
16326,2010-01-01,2010-01-28 13:23:00,2011-12-04 10:11:00,24,4626.25,5,24,4626.25,5,5,5,5,Champions,3039.2200000000003
16327,2009-12-01,2009-12-14 13:06:00,2011-11-25 13:23:00,16,10129.039999999999,14,16,10129.039999999999,5,5,5,5,Champions,3284.6699999999996
16328,2010-05-01,2010-05-25 14:02:00,2010-05-25 14:02:00,1,310.83,563,1,310.83,1,1,2,2,Lost,0.0
16329,2009-12-01,2009-12-01 11:34:00,2010-10-08 12:44:00,4,1664.9199999999998,427,4,1664.9199999999998,1,4,4,4,At Risk – High Value,0.0
16330,2010-02-01,2010-02-15 12:36:00,2011-11-22 12:24:00,7,625.3799999999999,17,7,625.3799999999999,5,4,3,4,Champions,251.91
16331,2010-03-01,2010-03-07 10:55:00,2010-10-03 13:47:00,6,2037.7000000000003,432,6,2037.7000000000003,1,4,4,4,At Risk – High Value,0.0
16332,2010-04-01,2010-04-29 13:41:00,2011-11-11 14:22:00,11,1997.4900000000002,28,11,1997.4900000000002,4,5,4,4,Champions,1582.8000000000002
16333,2011-02-01,2011-02-03 10:50:00,2011-12-02 12:19:00,22,26626.800000000003,7,22,26626.800000000003,5,5,5,5,Champions,26626.8
16334,2010-08-01,2010-08-04 16:38:00,2010-08-04 16:38:00,1,263.73000000000013,492,1,263.73000000000013,1,1,1,1,Lost,0.0
16335,2009-12-01,2009-12-04 10:18:00,2010-06-06 11:35:00,7,2753.52,551,7,2753.52,1,4,4,4,At Risk – High Value,0.0
16336,2010-03-01,2010-03-18 08:05:00,2010-10-15 12:32:00,4,3517.6899999999996,420,4,3517.6899999999996,1,4,5,4,At Risk – High Value,0.0
16337,2011-11-01,2011-11-03 10:03:00,2011-11-03 10:03:00,1,151.05,36,1,151.05,4,1,1,1,New & Promising,151.05
16338,2011-07-01,2011-07-05 13:56:00,2011-07-05 13:56:00,1,214.80000000000004,157,1,214.80000000000004,3,1,1,1,Need Attention,214.80000000000004
16339,2011-02-01,2011-02-28 13:41:00,2011-02-28 13:41:00,1,94.05000000000001,284,1,94.05000000000001,2,1,1,1,Hibernating,94.05000000000001
16340,2010-06-01,2010-06-06 13:26:00,2011-08-24 14:53:00,3,1496.2399999999998,107,3,1496.2399999999998,3,3,4,4,Loyal,534.31
16341,2010-04-01,2010-04-09 10:30:00,2011-11-15 09:12:00,7,3850.790000000001,24,7,3850.790000000001,4,4,5,4,Champions,1971.8700000000003
16342,2011-06-01,2011-06-13 10:10:00,2011-09-25 14:36:00,4,322.40999999999997,75,4,322.40999999999997,3,4,2,3,Loyal,322.40999999999997
16343,2010-10-01,2010-10-28 14:15:00,2011-11-23 17:45:00,3,614.1200000000001,16,3,614.1200000000001,5,3,3,3,Loyal,328.58000000000004
16344,2010-02-01,2010-02-09 12:16:00,2011-07-04 15:50:00,4,842.4200000000001,158,4,842.4200000000001,3,4,3,4,Loyal,101.10000000000001
16345,2010-08-01,2010-08-13 17:13:00,2011-10-26 16:03:00,2,1178.7900000000002,44,2,1178.7900000000002,4,2,3,2,New & Promising,565.46
16346,2010-11-01,2010-11-19 15:55:00,2010-11-19 15:55:00,1,224.51000000000008,385,1,224.51000000000008,2,1,1,1,Hibernating,0.0
16347,2010-03-01,2010-03-12 12:41:00,2011-11-28 13:14:00,11,3442.96,11,11,3442.96,5,5,5,5,Champions,847.45
16348,2010-10-01,2010-10-05 13:57:00,2011-11-07 15:44:00,8,1742.0800000000002,32,8,1742.0800000000002,4,5,4,4,Champions,1413.3100000000002
16349,2011-02-01,2011-02-22 12:40:00,2011-02-22 12:40:00,1,53.5,290,1,53.5,2,1,1,1,Hibernating,53.5
16350,2010-10-01,2010-10-07 16:33:00,2011-11-18 15:53:00,9,2253.8899999999994,21,9,2253.8899999999994,4,5,4,4,Champions,1116.4699999999998
16351,2009-12-01,2009-12-04 16:12:00,2011-01-11 10:26:00,13,3330.0299999999997,332,13,3330.0299999999997,2,5,5,5,At Risk – High Value,153.9
16352,2011-11-01,2011-11-02 08:44:00,2011-11-22 10:32:00,2,494.44000000000005,17,2,494.44000000000005,5,2,2,2,New & Promising,494.44000000000005
16353,2009-12-01,2009-12-07 13:55:00,2011-12-06 12:23:00,38,9795.460000000001,3,38,9795.460000000001,5,5,5,5,Champions,6471.710000000001
16354,2010-04-01,2010-04-27 13:33:00,2011-10-07 14:28:00,5,1119.46,63,5,1119.46,3,4,3,4,Loyal,395.79999999999995
16355,2010-11-01,2010-11-29 14:21:00,2010-11-29 14:21:00,1,416.35,375,1,416.35,2,1,2,2,Hibernating,0.0
16356,2010-06-01,2010-06-06 11:26:00,2011-05-26 11:51:00,6,415.87000000000006,197,6,415.87000000000006,2,4,2,3,At Risk,211.77
16357,2010-11-01,2010-11-23 18:52:00,2011-11-06 16:04:00,4,868.3699999999999,33,4,868.3699999999999,4,4,3,4,Champions,658.8799999999999
16358,2010-11-01,2010-11-10 11:36:00,2011-12-08 15:09:00,5,2919.6500000000005,1,5,2919.6500000000005,5,4,5,4,Champions,2027.5000000000005
16359,2010-02-01,2010-02-16 10:39:00,2011-12-02 17:04:00,16,2697.75,7,16,2697.75,5,5,4,4,Champions,1750.92
16360,2011-09-01,2011-09-12 13:50:00,2011-12-05 12:16:00,6,3450.41,4,6,3450.41,5,4,5,4,Champions,3450.41
16361,2011-09-01,2011-09-29 13:13:00,2011-11-30 12:32:00,4,891.21,9,4,891.21,5,4,3,4,Champions,891.21
16362,2010-09-01,2010-09-28 09:24:00,2011-11-07 13:01:00,6,922.1599999999999,32,6,922.1599999999999,4,4,3,4,Champions,709.9899999999999
16363,2011-10-01,2011-10-17 14:14:00,2011-10-17 14:14:00,1,109.36000000000001,53,1,109.36000000000001,4,1,1,1,New & Promising,109.36000000000001
16364,2011-07-01,2011-07-25 14:35:00,2011-11-28 11:27:00,2,705.79,11,2,705.79,5,2,3,2,New & Promising,705.79
16365,2009-12-01,2009-12-11 12:41:00,2011-11-22 11:24:00,15,3167.34,17,15,3167.34,5,5,5,5,Champions,1400.56
16366,2009-12-01,2009-12-16 10:39:00,2011-11-21 08:19:00,4,1548.1300000000003,18,4,1548.1300000000003,5,4,4,4,Champions,327.3
16367,2010-11-01,2010-11-21 13:23:00,2011-11-02 13:13:00,3,1350.48,37,3,1350.48,4,3,4,4,Champions,800.6699999999997
16368,2010-09-01,2010-09-30 11:30:00,2011-12-07 13:12:00,3,621.44,2,3,621.44,5,3,3,3,Loyal,479.91
16369,2010-04-01,2010-04-07 16:52:00,2011-11-21 16:25:00,7,2654.48,18,7,2654.48,5,4,4,4,Champions,1543.3300000000002
16370,2011-04-01,2011-04-28 16:40:00,2011-09-18 15:55:00,4,1301.9099999999996,82,4,1301.9099999999996,3,4,4,4,Loyal,1301.9099999999996
16371,2010-09-01,2010-09-17 12:09:00,2010-09-17 12:09:00,1,157.20000000000005,448,1,157.20000000000005,1,1,1,1,Lost,0.0
16372,2010-04-01,2010-04-11 15:20:00,2011-11-06 13:08:00,5,1290.3099999999997,33,5,1290.3099999999997,4,4,4,4,Champions,355.72999999999996
16373,2010-10-01,2010-10-24 13:10:00,2010-11-22 15:50:00,2,309.48999999999995,382,2,309.48999999999995,2,2,2,2,Hibernating,0.0
16374,2010-04-01,2010-04-30 13:10:00,2011-10-04 15:21:00,5,1709.5499999999993,66,5,1709.5499999999993,3,4,4,4,Loyal,458.77999999999986
16375,2010-08-01,2010-08-26 14:12:00,2010-08-26 14:25:00,2,104.0,470,2,104.0,1,2,1,2,Lost,0.0
16376,2011-11-01,2011-11-22 16:47:00,2011-12-01 11:38:00,2,974.9600000000004,8,2,974.9600000000004,5,2,3,2,New & Promising,974.9600000000004
16377,2010-04-01,2010-04-01 10:36:00,2011-03-17 15:41:00,2,1308.48,267,2,1308.48,2,2,4,3,At Risk,676.2
16378,2011-02-01,2011-02-02 12:42:00,2011-04-06 15:07:00,3,362.94999999999993,247,3,362.94999999999993,2,3,2,2,Hibernating,362.95
16379,2011-09-01,2011-09-22 09:33:00,2011-12-05 15:38:00,4,2157.4,4,4,2157.4,5,4,4,4,Champions,2157.4
16380,2011-10-01,2011-10-09 15:40:00,2011-10-09 15:40:00,1,1743.15,61,1,1743.15,3,1,4,2,Need Attention,1743.15
16381,2010-10-01,2010-10-17 13:06:00,2010-11-09 09:56:00,2,247.84999999999988,395,2,247.84999999999988,2,2,1,2,Hibernating,0.0
16382,2010-06-01,2010-06-07 12:42:00,2010-10-27 16:23:00,2,353.1,408,2,353.1,2,2,2,2,Hibernating,0.0
16383,2010-02-01,2010-02-04 13:18:00,2011-09-26 12:45:00,7,2887.9899999999993,74,7,2887.9899999999993,3,4,5,4,Loyal,643.76
16384,2010-04-01,2010-04-28 14:01:00,2011-09-11 11:19:00,4,1358.9499999999998,89,4,1358.9499999999998,3,4,4,4,Loyal,584.5
16385,2010-03-01,2010-03-18 12:45:00,2011-10-10 13:12:00,5,881.3500000000001,60,5,881.3500000000001,3,4,3,4,Loyal,407.6600000000001
16386,2010-11-01,2010-11-17 11:19:00,2011-11-11 12:28:00,3,1068.16,28,3,1068.16,4,3,3,3,Loyal,302.57
16387,2010-03-01,2010-03-11 12:22:00,2011-01-21 11:34:00,5,882.46,322,5,882.46,2,4,3,4,At Risk – High Value,94.36
16388,2010-02-01,2010-02-24 10:20:00,2010-02-24 10:20:00,1,186.05000000000004,653,1,186.05000000000004,1,1,1,1,Lost,0.0
16389,2011-03-01,2011-03-01 15:47:00,2011-10-17 14:41:00,4,1382.07,53,4,1382.07,4,4,4,4,Champions,1382.07
16390,2010-01-01,2010-01-29 15:25:00,2010-06-21 10:11:00,3,467.5,536,3,467.5,1,3,2,2,Lost,0.0
16391,2010-05-01,2010-05-27 11:27:00,2010-11-04 12:27:00,4,1048.8599999999997,400,4,1048.8599999999997,2,4,3,4,At Risk – High Value,0.0
16392,2010-05-01,2010-05-27 11:17:00,2011-03-15 12:11:00,3,755.4499999999999,269,3,755.4499999999999,2,3,3,3,At Risk,217.89000000000004
16393,2009-12-01,2009-12-01 12:13:00,2011-12-07 12:51:00,23,5297.7699999999995,2,23,5297.7699999999995,5,5,5,5,Champions,2856.1600000000003
16394,2011-02-01,2011-02-23 10:58:00,2011-10-14 09:48:00,5,1555.3400000000001,56,5,1555.3400000000001,4,4,4,4,Champions,1555.3400000000001
16395,2009-12-01,2009-12-06 12:26:00,2011-10-10 12:50:00,14,3517.56,60,14,3517.56,3,5,5,5,Loyal,1482.0600000000002
16396,2010-08-01,2010-08-20 14:17:00,2010-08-20 14:17:00,1,137.8,476,1,137.8,1,1,1,1,Lost,0.0
16397,2010-03-01,2010-03-21 15:36:00,2010-03-21 15:36:00,1,123.13,628,1,123.13,1,1,1,1,Lost,0.0
16398,2011-03-01,2011-03-31 09:38:00,2011-07-08 15:16:00,2,1705.8000000000002,154,2,1705.8000000000002,3,2,4,3,Loyal,1705.8000000000002
16399,2010-11-01,2010-11-15 15:03:00,2011-11-20 16:12:00,3,628.4200000000001,19,3,628.4200000000001,5,3,3,3,Loyal,406.22
16400,2009-12-01,2009-12-08 12:38:00,2011-09-06 12:27:00,9,3059.8499999999995,94,9,3059.8499999999995,3,5,5,5,Loyal,303.93
16401,2010-06-01,2010-06-02 13:13:00,2011-12-08 18:15:00,23,6847.450000000001,1,23,6847.450000000001,5,5,5,5,Champions,4098.32
16402,2010-12-01,2010-12-05 13:42:00,2011-03-20 12:25:00,2,293.44999999999993,264,2,293.44999999999993,2,2,2,2,Hibernating,87.8
16403,2011-01-01,2011-01-31 13:39:00,2011-01-31 13:39:00,1,177.5,312,1,177.5,2,1,1,1,Hibernating,177.5
16404,2011-09-01,2011-09-30 14:55:00,2011-09-30 14:55:00,1,443.0500000000001,70,1,443.0500000000001,3,1,2,2,Need Attention,443.0500000000001
16405,2011-02-01,2011-02-02 17:08:00,2011-02-10 15:24:00,2,167.25,302,2,167.25,2,2,1,2,Hibernating,167.25
16406,2010-02-01,2010-02-24 11:51:00,2011-11-21 11:57:00,3,528.3599999999999,18,3,528.3599999999999,5,3,2,2,New & Promising,154.35000000000002
16407,2010-10-01,2010-10-03 13:56:00,2011-11-27 11:05:00,14,2761.6499999999996,12,14,2761.6499999999996,5,5,4,4,Champions,2079.68
16408,2010-04-01,2010-04-27 14:08:00,2010-04-27 14:08:00,1,231.93000000000004,591,1,231.93000000000004,1,1,1,1,Lost,0.0
16409,2009-12-01,2009-12-13 15:38:00,2011-11-03 16:45:00,12,5652.739999999999,36,12,5652.739999999999,4,5,5,5,Champions,2022.9799999999993
16410,2009-12-01,2009-12-05 14:51:00,2009-12-05 14:51:00,1,130.32,734,1,130.32,1,1,1,1,Lost,0.0
16411,2010-10-01,2010-10-07 15:09:00,2011-11-20 13:23:00,4,756.3899999999999,19,4,756.3899999999999,5,4,3,4,Champions,83.15
16412,2010-02-01,2010-02-04 13:46:00,2011-10-17 12:35:00,5,593.19,53,5,593.19,4,4,2,3,Loyal,135.99
16413,2010-11-01,2010-11-29 12:49:00,2011-10-14 12:08:00,2,522.0300000000001,56,2,522.0300000000001,4,2,2,2,New & Promising,262.20000000000005
16414,2010-01-01,2010-01-14 10:21:00,2011-11-18 09:42:00,5,551.2099999999998,21,5,551.2099999999998,4,4,2,3,Loyal,126.25
16415,2010-02-01,2010-02-01 12:30:00,2011-10-26 13:35:00,3,696.76,44,3,696.76,4,3,3,3,Loyal,200.26999999999992
16416,2010-02-01,2010-02-23 12:00:00,2011-11-13 12:50:00,9,2957.8799999999997,26,9,2957.8799999999997,4,5,5,5,Champions,1051.3999999999996
16417,2010-08-01,2010-08-04 09:08:00,2010-08-04 09:08:00,1,35.7,492,1,35.7,1,1,1,1,Lost,0.0
16418,2010-10-01,2010-10-13 12:31:00,2011-10-26 12:39:00,5,1028.74,44,5,1028.74,4,4,3,4,Champions,631.12
16419,2010-02-01,2010-02-09 13:26:00,2011-08-19 12:33:00,8,1463.7,112,8,1463.7,3,5,4,4,Loyal,958.71
16420,2010-11-01,2010-11-08 15:15:00,2010-11-08 15:15:00,1,75.0,396,1,75.0,2,1,1,1,Hibernating,0.0
16421,2010-08-01,2010-08-27 12:02:00,2010-11-28 13:31:00,3,526.27,376,3,526.27,2,3,2,2,Hibernating,0.0
16422,2010-01-01,2010-01-12 11:57:00,2011-11-22 14:00:00,107,61656.42,17,107,61656.42,5,5,5,5,Champions,33016.200000000004
16423,2011-11-01,2011-11-15 09:21:00,2011-11-15 09:21:00,1,346.12,24,1,346.12,4,1,2,2,New & Promising,346.12
16424,2010-11-01,2010-11-22 11:24:00,2011-06-01 13:40:00,2,443.06,191,2,443.06,2,2,2,2,Hibernating,133.56
16425,2011-02-01,2011-02-10 14:30:00,2011-02-10 14:30:00,1,302.69999999999993,302,1,302.69999999999993,2,1,2,2,Hibernating,302.69999999999993
16426,2011-03-01,2011-03-08 15:45:00,2011-12-07 14:01:00,10,1863.7600000000002,2,10,1863.7600000000002,5,5,4,4,Champions,1863.7600000000002
16427,2011-02-01,2011-02-28 15:18:00,2011-03-21 17:10:00,2,241.06,263,2,241.06,2,2,1,2,Hibernating,241.06
16428,2010-07-01,2010-07-30 12:10:00,2010-10-22 12:22:00,3,638.4899999999998,413,3,638.4899999999998,1,3,3,3,At Risk,0.0
16429,2011-08-01,2011-08-25 13:54:00,2011-08-25 13:54:00,1,284.55,106,1,284.55,3,1,2,2,Need Attention,284.55
16430,2010-01-01,2010-01-27 12:45:00,2011-10-13 14:47:00,6,1102.94,57,6,1102.94,4,4,3,4,Champions,300.85
16431,2011-02-01,2011-02-15 14:02:00,2011-05-10 14:09:00,3,623.28,213,3,623.28,2,3,3,3,At Risk,623.28
16432,2011-10-01,2011-10-06 13:59:00,2011-10-06 13:59:00,1,287.4,64,1,287.4,3,1,2,2,Need Attention,287.4
16433,2010-10-01,2010-10-27 12:26:00,2011-11-11 14:09:00,2,384.52,28,2,384.52,4,2,2,2,New & Promising,184.26000000000002
16434,2010-01-01,2010-01-17 14:51:00,2011-11-10 14:28:00,12,2673.69,29,12,2673.69,4,5,4,4,Champions,1511.8
16435,2010-07-01,2010-07-13 13:29:00,2010-07-15 18:22:00,3,1003.0699999999997,512,3,1003.0699999999997,1,3,3,3,At Risk,0.0
16436,2009-12-01,2009-12-06 16:02:00,2010-02-09 13:19:00,3,319.14,668,3,319.14,1,3,2,2,Lost,0.0
16437,2010-10-01,2010-10-06 12:34:00,2010-11-23 16:59:00,2,301.25,381,2,301.25,2,2,2,2,Hibernating,0.0
16438,2011-09-01,2011-09-18 13:31:00,2011-12-04 10:51:00,5,798.35,5,5,798.35,5,4,3,4,Champions,798.35
16439,2009-12-01,2009-12-17 14:22:00,2009-12-17 14:22:00,1,310.70000000000005,722,1,310.70000000000005,1,1,2,2,Lost,0.0
16440,2010-08-01,2010-08-03 11:32:00,2011-12-02 12:02:00,6,3856.9700000000003,7,6,3856.9700000000003,5,4,5,4,Champions,3640.6700000000005
16441,2010-03-01,2010-03-22 18:00:00,2011-10-03 17:48:00,5,1013.18,67,5,1013.18,3,4,3,4,Loyal,381.2
16442,2009-12-01,2009-12-13 11:05:00,2011-12-08 11:43:00,5,891.98,1,5,891.98,5,4,3,4,Champions,609.3
16443,2010-07-01,2010-07-07 11:57:00,2010-07-07 11:57:00,1,162.24,520,1,162.24,1,1,1,1,Lost,0.0
16444,2010-03-01,2010-03-24 14:06:00,2011-10-24 13:50:00,17,3625.88,46,17,3625.88,4,5,5,5,Champions,654.6700000000001
16445,2010-10-01,2010-10-24 12:39:00,2011-11-06 12:32:00,4,583.1600000000001,33,4,583.1600000000001,4,4,2,3,Loyal,230.51000000000002
16446,2011-05-01,2011-05-18 09:52:00,2011-05-18 09:52:00,1,2.9,205,1,2.9,2,1,1,1,Hibernating,2.9
16447,2010-02-01,2010-02-17 14:09:00,2011-07-27 12:45:00,3,727.0999999999998,135,3,727.0999999999998,3,3,3,3,Loyal,255.90999999999983
16448,2010-08-01,2010-08-25 16:58:00,2011-05-25 16:28:00,2,361.12000000000006,198,2,361.12000000000006,2,2,2,2,Hibernating,182.98999999999998
16449,2011-03-01,2011-03-04 12:15:00,2011-05-26 10:25:00,2,707.6899999999998,197,2,707.6899999999998,2,2,3,2,Hibernating,707.6899999999998
16450,2010-02-01,2010-02-21 15:46:00,2011-07-13 11:47:00,3,1505.7300000000002,149,3,1505.7300000000002,3,3,4,4,Loyal,311.92
16451,2009-12-01,2009-12-04 15:11:00,2011-09-13 09:17:00,3,1013.15,87,3,1013.15,3,3,3,3,Loyal,266.97
16452,2010-01-01,2010-01-15 12:22:00,2010-03-19 12:39:00,2,332.17,630,2,332.17,1,2,2,2,Lost,0.0
16453,2010-06-01,2010-06-09 13:15:00,2010-06-27 12:46:00,2,251.70999999999995,530,2,251.70999999999995,1,2,1,2,Lost,0.0
16454,2010-04-01,2010-04-07 15:54:00,2011-10-06 16:57:00,2,7.45,64,2,7.45,3,2,1,2,Need Attention,5.9
16455,2010-03-01,2010-03-30 10:31:00,2011-10-07 12:17:00,11,3995.57,63,11,3995.57,3,5,5,5,Loyal,1459.8799999999999
16456,2010-03-01,2010-03-29 11:16:00,2011-09-01 13:50:00,13,6000.94,99,13,6000.94,3,5,5,5,Loyal,1370.78
16457,2011-05-01,2011-05-05 13:19:00,2011-05-05 13:19:00,1,208.36,218,1,208.36,2,1,1,1,Hibernating,208.36
16458,2010-05-01,2010-05-26 14:38:00,2011-12-07 09:34:00,30,5690.889999999999,2,30,5690.889999999999,5,5,5,5,Champions,3482.7400000000002
16459,2009-12-01,2009-12-10 12:42:00,2009-12-10 12:42:00,1,71.78999999999999,729,1,71.78999999999999,1,1,1,1,Lost,0.0
16460,2011-09-01,2011-09-19 10:15:00,2011-11-11 13:46:00,3,811.2299999999999,28,3,811.2299999999999,4,3,3,3,Loyal,811.2299999999999
16461,2010-03-01,2010-03-03 13:57:00,2011-06-15 12:07:00,3,1539.8299999999997,177,3,1539.8299999999997,3,3,4,4,Loyal,142.92
16462,2011-03-01,2011-03-01 08:58:00,2011-09-27 10:24:00,3,136.0,73,3,136.0,3,3,1,2,Need Attention,136.0
16463,2011-05-01,2011-05-19 14:45:00,2011-11-18 14:01:00,4,1422.4,21,4,1422.4,4,4,4,4,Champions,1422.4
16464,2011-07-01,2011-07-20 13:53:00,2011-11-20 12:11:00,3,1298.6599999999999,19,3,1298.6599999999999,5,3,4,4,Champions,1298.6599999999999
16465,2010-09-01,2010-09-21 10:46:00,2010-10-15 09:27:00,2,746.2399999999999,420,2,746.2399999999999,1,2,3,2,Lost,0.0
16466,2010-03-01,2010-03-07 14:31:00,2011-11-06 11:35:00,15,3767.0899999999997,33,15,3767.0899999999997,4,5,5,5,Champions,1595.96
16467,2009-12-01,2009-12-02 11:59:00,2010-07-19 11:49:00,7,2869.16,508,7,2869.16,1,4,4,4,At Risk – High Value,0.0
16468,2010-08-01,2010-08-15 13:10:00,2011-09-26 14:13:00,3,787.5199999999999,74,3,787.5199999999999,3,3,3,3,Loyal,74.9
16469,2010-07-01,2010-07-13 13:17:00,2011-11-16 12:25:00,5,803.9000000000001,23,5,803.9000000000001,4,4,3,4,Champions,625.4200000000001
16470,2009-12-01,2009-12-11 12:21:00,2011-10-19 12:11:00,11,2416.85,51,11,2416.85,4,5,4,4,Champions,752.7700000000001
16471,2010-02-01,2010-02-25 10:07:00,2011-03-10 09:41:00,4,1189.98,274,4,1189.98,2,4,3,4,At Risk – High Value,223.95
16472,2010-04-01,2010-04-21 11:48:00,2010-10-01 13:56:00,2,789.5999999999999,434,2,789.5999999999999,1,2,3,2,Lost,0.0
16473,2010-11-01,2010-11-30 16:29:00,2011-06-28 09:10:00,4,470.83,164,4,470.83,3,4,2,3,Loyal,316.11
16474,2011-07-01,2011-07-17 14:51:00,2011-12-02 13:02:00,7,1810.4899999999998,7,7,1810.4899999999998,5,4,4,4,Champions,1810.49
16475,2011-03-01,2011-03-11 09:39:00,2011-09-12 14:37:00,4,544.3,88,4,544.3,3,4,2,3,Loyal,544.3
16476,2010-10-01,2010-10-04 10:29:00,2010-10-04 10:29:00,1,350.34999999999997,431,1,350.34999999999997,1,1,2,2,Lost,0.0
16477,2010-08-01,2010-08-12 09:43:00,2011-10-07 09:44:00,11,4094.37,63,11,4094.37,3,5,5,5,Loyal,2268.81
16478,2011-10-01,2011-10-05 12:02:00,2011-11-14 15:51:00,3,331.00000000000006,25,3,331.00000000000006,4,3,2,2,New & Promising,331.00000000000006
16479,2011-11-01,2011-11-29 13:04:00,2011-11-29 13:40:00,2,300.83000000000004,10,2,300.83000000000004,5,2,2,2,New & Promising,300.83000000000004
16480,2011-09-01,2011-09-25 11:40:00,2011-09-25 11:40:00,1,769.2899999999995,75,1,769.2899999999995,3,1,3,2,Need Attention,769.2899999999995
16481,2010-01-01,2010-01-26 13:09:00,2010-01-26 13:09:00,1,453.38,682,1,453.38,1,1,2,2,Lost,0.0
16482,2011-11-01,2011-11-24 12:33:00,2011-11-24 12:33:00,1,220.61999999999998,15,1,220.61999999999998,5,1,1,1,New & Promising,220.61999999999998
16483,2011-05-01,2011-05-31 13:08:00,2011-05-31 13:08:00,1,139.35000000000002,192,1,139.35000000000002,2,1,1,1,Hibernating,139.35000000000002
16484,2011-06-01,2011-06-02 10:39:00,2011-06-19 12:06:00,2,404.29999999999995,173,2,404.29999999999995,3,2,2,2,Need Attention,404.29999999999995
16485,2009-12-01,2009-12-06 12:28:00,2011-09-23 15:50:00,5,2287.19,77,5,2287.19,3,4,4,4,Loyal,363.65
16486,2010-06-01,2010-06-20 12:16:00,2010-06-20 12:16:00,1,134.36,537,1,134.36,1,1,1,1,Lost,0.0
16487,2010-02-01,2010-02-18 17:36:00,2010-05-11 13:38:00,2,209.39999999999998,577,2,209.39999999999998,1,2,1,2,Lost,0.0
16488,2011-07-01,2011-07-14 11:46:00,2011-11-06 13:42:00,3,498.8,33,3,498.8,4,3,2,2,New & Promising,498.8
16489,2010-09-01,2010-09-29 15:02:00,2010-11-24 14:40:00,2,303.7,380,2,303.7,2,2,2,2,Hibernating,0.0
16490,2010-09-01,2010-09-29 16:30:00,2010-09-29 16:30:00,1,205.41000000000003,436,1,205.41000000000003,1,1,1,1,Lost,0.0
16491,2010-10-01,2010-10-22 15:42:00,2011-10-24 10:18:00,2,1533.16,46,2,1533.16,4,2,4,3,Loyal,731.5
16492,2010-06-01,2010-06-17 08:20:00,2010-06-17 08:20:00,1,385.56,540,1,385.56,1,1,2,2,Lost,0.0
16493,2010-03-01,2010-03-26 13:05:00,2011-09-21 11:10:00,7,2132.0899999999997,79,7,2132.0899999999997,3,4,4,4,Loyal,1351.6299999999999
16494,2011-02-01,2011-02-16 12:49:00,2011-02-16 12:49:00,1,826.5299999999999,296,1,826.5299999999999,2,1,3,2,Hibernating,826.5299999999999
16495,2011-03-01,2011-03-08 16:38:00,2011-12-06 13:20:00,3,648.26,3,3,648.26,5,3,3,3,Loyal,648.26
16496,2010-07-01,2010-07-18 13:42:00,2011-12-01 10:31:00,6,2330.7699999999995,8,6,2330.7699999999995,5,4,4,4,Champions,1599.52
16497,2009-12-01,2009-12-03 14:11:00,2011-10-21 10:55:00,23,6695.28,49,23,6695.28,4,5,5,5,Champions,2965.6899999999996
16498,2011-06-01,2011-06-30 19:52:00,2011-07-01 15:07:00,2,100.97000000000001,161,2,100.97000000000001,3,2,1,2,Need Attention,100.97000000000001
16499,2010-06-01,2010-06-11 12:22:00,2010-12-14 13:31:00,8,2578.34,360,8,2578.34,2,5,4,4,At Risk – High Value,365.45
16500,2010-06-01,2010-06-14 14:54:00,2011-12-05 12:04:00,9,843.9099999999999,4,9,843.9099999999999,5,5,3,4,Champions,400.86
16501,2010-11-01,2010-11-21 14:10:00,2010-11-21 14:10:00,1,1191.2300000000018,383,1,1191.2300000000018,2,1,3,2,Hibernating,0.0
16502,2010-03-01,2010-03-29 13:39:00,2010-03-29 13:44:00,2,258.54999999999995,620,2,258.54999999999995,1,2,1,2,Lost,0.0
16503,2010-06-01,2010-06-21 14:07:00,2011-08-25 11:46:00,11,3614.34,106,11,3614.34,3,5,5,5,Loyal,1431.9299999999998
16504,2011-11-01,2011-11-14 15:18:00,2011-11-14 15:18:00,1,465.87999999999977,25,1,465.87999999999977,4,1,2,2,New & Promising,465.87999999999977
16505,2011-11-01,2011-11-08 12:14:00,2011-11-08 12:14:00,1,777.6,31,1,777.6,4,1,3,2,New & Promising,777.6
16506,2011-10-01,2011-10-30 15:50:00,2011-11-20 12:17:00,2,90.30000000000001,19,2,90.30000000000001,5,2,1,2,New & Promising,90.30000000000001
16507,2010-05-01,2010-05-16 12:56:00,2010-05-16 12:56:00,1,142.71,572,1,142.71,1,1,1,1,Lost,0.0
16508,2010-03-01,2010-03-19 13:41:00,2010-03-19 13:41:00,1,240.95,630,1,240.95,1,1,1,1,Lost,0.0
16509,2011-02-01,2011-02-16 09:25:00,2011-02-16 09:25:00,1,363.7,296,1,363.7,2,1,2,2,Hibernating,363.7
16510,2010-01-01,2010-01-17 12:30:00,2010-12-02 13:39:00,6,1757.25,372,6,1757.25,2,4,4,4,At Risk – High Value,0.0
16511,2010-03-01,2010-03-01 12:21:00,2011-11-18 10:41:00,6,1758.49,21,6,1758.49,4,4,4,4,Champions,916.3300000000002
16513,2011-10-01,2011-10-27 14:56:00,2011-12-05 10:18:00,4,874.5900000000001,4,4,874.5900000000001,5,4,3,4,Champions,874.5900000000001
16515,2010-06-01,2010-06-17 12:17:00,2011-10-18 13:10:00,10,3179.06,52,10,3179.06,4,5,5,5,Champions,1624.1399999999996
16516,2011-11-01,2011-11-09 14:59:00,2011-11-09 14:59:00,1,101.7,30,1,101.7,4,1,1,1,New & Promising,101.7
16517,2011-03-01,2011-03-07 13:50:00,2011-03-07 13:50:00,1,162.70000000000005,277,1,162.70000000000005,2,1,1,1,Hibernating,162.70000000000005
16518,2010-06-01,2010-06-01 13:31:00,2011-10-09 15:04:00,4,959.3700000000001,61,4,959.3700000000001,3,4,3,4,Loyal,484.32000000000005
16519,2010-03-01,2010-03-01 13:51:00,2011-11-14 15:41:00,4,436.96000000000004,25,4,436.96000000000004,4,4,2,3,Loyal,109.28
16520,2010-03-01,2010-03-02 16:50:00,2011-06-06 13:24:00,6,2148.3799999999997,186,6,2148.3799999999997,3,4,4,4,Loyal,720.8099999999998
16521,2010-03-01,2010-03-01 13:22:00,2010-10-20 13:09:00,3,1136.3599999999997,415,3,1136.3599999999997,1,3,3,3,At Risk,0.0
16522,2010-09-01,2010-09-15 13:32:00,2010-09-30 10:54:00,2,433.36,435,2,433.36,1,2,2,2,Lost,0.0
16523,2010-01-01,2010-01-24 13:14:00,2011-12-08 09:06:00,28,11916.329999999998,1,28,11916.329999999998,5,5,5,5,Champions,9418.470000000001
16524,2010-01-01,2010-01-17 13:16:00,2010-09-19 13:37:00,2,306.18999999999994,446,2,306.18999999999994,1,2,2,2,Lost,0.0
16525,2009-12-01,2009-12-02 13:53:00,2011-12-07 15:07:00,48,24151.300000000007,2,48,24151.300000000007,5,5,5,5,Champions,12616.01
16526,2010-05-01,2010-05-04 16:34:00,2011-06-21 12:02:00,2,717.2099999999998,171,2,717.2099999999998,3,2,3,2,Need Attention,290.35999999999996
16527,2010-10-01,2010-10-11 13:25:00,2011-09-19 16:21:00,2,1232.94,81,2,1232.94,3,2,4,3,Loyal,228.06000000000003
16528,2011-12-01,2011-12-06 12:45:00,2011-12-06 12:45:00,1,244.41,3,1,244.41,5,1,1,1,New & Promising,244.41
16529,2010-06-01,2010-06-27 13:29:00,2011-06-02 17:23:00,4,1986.8000000000002,190,4,1986.8000000000002,2,4,4,4,At Risk – High Value,455.25
16530,2010-02-01,2010-02-09 15:30:00,2010-02-09 15:30:00,1,48.349999999999994,668,1,48.349999999999994,1,1,1,1,Lost,0.0
16531,2010-09-01,2010-09-24 09:49:00,2011-11-17 16:29:00,11,2298.33,22,11,2298.33,4,5,4,4,Champions,1244.59
16532,2010-03-01,2010-03-29 10:26:00,2011-11-22 11:08:00,5,8756.64,17,5,8756.64,5,4,5,4,Champions,6748.8
16533,2011-10-01,2011-10-02 15:07:00,2011-11-20 13:08:00,3,1082.81,19,3,1082.81,5,3,3,3,Loyal,1082.81
16534,2010-03-01,2010-03-07 15:47:00,2010-03-07 15:47:00,1,635.9000000000002,642,1,635.9000000000002,1,1,3,2,Lost,0.0
16535,2010-11-01,2010-11-19 13:01:00,2011-12-04 15:18:00,2,952.0399999999998,5,2,952.0399999999998,5,2,3,2,New & Promising,593.75
16536,2011-08-01,2011-08-21 15:54:00,2011-08-21 15:54:00,1,548.12,110,1,548.12,3,1,2,2,Need Attention,548.12
16537,2010-03-01,2010-03-08 13:41:00,2010-03-08 13:41:00,1,10.55,641,1,10.55,1,1,1,1,Lost,0.0
16538,2010-04-01,2010-04-23 16:25:00,2010-06-16 16:59:00,3,395.06999999999994,541,3,395.06999999999994,1,3,2,2,Lost,0.0
16539,2010-06-01,2010-06-25 15:24:00,2011-12-07 08:41:00,10,3289.6600000000003,2,10,3289.6600000000003,5,5,5,5,Champions,946.46
16540,2010-10-01,2010-10-21 17:22:00,2010-10-21 17:22:00,1,205.75000000000003,414,1,205.75000000000003,1,1,1,1,Lost,0.0
16541,2009-12-01,2009-12-04 13:22:00,2009-12-04 13:22:00,1,424.0299999999999,735,1,424.0299999999999,1,1,2,2,Lost,0.0
16542,2010-11-01,2010-11-03 14:44:00,2011-10-17 10:47:00,2,257.32,53,2,257.32,4,2,1,2,New & Promising,119.62
16543,2010-04-01,2010-04-27 11:38:00,2010-04-27 11:38:00,1,292.21,591,1,292.21,1,1,2,2,Lost,0.0
16544,2010-02-01,2010-02-15 13:20:00,2010-07-08 11:11:00,4,376.70000000000005,519,4,376.70000000000005,1,4,2,3,At Risk,0.0
16545,2010-11-01,2010-11-29 10:39:00,2011-06-28 10:37:00,2,689.8199999999999,164,2,689.8199999999999,3,2,3,2,Need Attention,339.3
16546,2010-09-01,2010-09-23 15:43:00,2011-02-22 11:20:00,5,5307.07,290,5,5307.07,2,4,5,4,At Risk – High Value,487.75
16547,2010-06-01,2010-06-11 13:02:00,2010-06-11 13:02:00,1,104.26,546,1,104.26,1,1,1,1,Lost,0.0
16548,2010-04-01,2010-04-19 16:15:00,2010-04-19 16:15:00,1,30.150000000000002,599,1,30.150000000000002,1,1,1,1,Lost,0.0
16549,2010-03-01,2010-03-28 15:45:00,2011-11-29 15:06:00,34,12781.8,10,34,12781.8,5,5,5,5,Champions,4034.9
16550,2009-12-01,2009-12-02 11:24:00,2011-08-23 11:12:00,18,8807.68,108,18,8807.68,3,5,5,5,Loyal,1744.31
16551,2009-12-01,2009-12-13 16:12:00,2011-09-05 09:38:00,7,2237.12,95,7,2237.12,3,4,4,4,Loyal,922.1200000000001
16552,2010-12-01,2010-12-01 12:36:00,2011-04-11 10:04:00,2,379.73,242,2,379.73,2,2,2,2,Hibernating,284.44
16553,2010-02-01,2010-02-11 18:46:00,2011-06-29 15:42:00,33,16584.01,163,33,16584.01,3,5,5,5,Loyal,5719.82
16554,2009-12-01,2009-12-15 09:42:00,2011-10-28 14:51:00,8,2841.7200000000003,42,8,2841.7200000000003,4,5,4,4,Champions,837.1000000000001
16555,2010-07-01,2010-07-22 13:39:00,2011-11-04 14:31:00,6,1915.68,35,6,1915.68,4,4,4,4,Champions,285.89
16556,2009-12-01,2009-12-07 10:51:00,2011-10-04 11:36:00,17,8012.58,66,17,8012.58,3,5,5,5,Loyal,3313.7899999999995
16557,2011-07-01,2011-07-25 13:28:00,2011-11-15 14:04:00,2,281.85,24,2,281.85,4,2,1,2,New & Promising,281.85
16558,2009-12-01,2009-12-03 18:11:00,2011-12-09 10:20:00,38,13304.11,0,38,13304.11,5,5,5,5,Champions,7769.09
16559,2010-11-01,2010-11-07 13:52:00,2010-11-07 13:52:00,1,175.0,397,1,175.0,2,1,1,1,Hibernating,0.0
16560,2009-12-01,2009-12-08 12:05:00,2011-11-13 10:35:00,8,3048.38,26,8,3048.38,4,5,5,5,Champions,841.4099999999999
16561,2011-10-01,2011-10-11 09:53:00,2011-12-04 11:50:00,2,511.12,5,2,511.12,5,2,2,2,New & Promising,511.12
16562,2010-08-01,2010-08-20 11:45:00,2010-08-20 11:45:00,1,223.86,476,1,223.86,1,1,1,1,Lost,0.0
16563,2009-12-01,2009-12-01 18:35:00,2011-10-17 11:51:00,6,4412.56,53,6,4412.56,4,4,5,4,Champions,1077.74
16564,2010-05-01,2010-05-19 14:41:00,2010-05-19 14:41:00,1,87.79999999999998,569,1,87.79999999999998,1,1,1,1,Lost,0.0
16565,2010-06-01,2010-06-02 12:47:00,2010-12-10 15:21:00,4,773.05,364,4,773.05,2,4,3,4,At Risk – High Value,173.7
16566,2011-02-01,2011-02-20 10:29:00,2011-11-24 16:34:00,5,614.6600000000001,15,5,614.6600000000001,5,4,3,4,Champions,614.66
16567,2011-01-01,2011-01-07 09:31:00,2011-05-29 13:57:00,2,865.5999999999999,194,2,865.5999999999999,2,2,3,2,Hibernating,865.5999999999999
16568,2010-03-01,2010-03-08 14:51:00,2010-10-08 10:54:00,2,1020.9000000000001,427,2,1020.9000000000001,1,2,3,2,Lost,0.0
16569,2009-12-01,2009-12-16 15:05:00,2011-12-06 15:32:00,5,1455.23,3,5,1455.23,5,4,4,4,Champions,124.2
16570,2010-03-01,2010-03-30 09:32:00,2011-11-24 17:02:00,20,7434.310000000001,15,20,7434.310000000001,5,5,5,5,Champions,3738.4
16571,2010-03-01,2010-03-18 09:12:00,2011-11-13 11:46:00,10,4248.740000000001,26,10,4248.740000000001,4,5,5,5,Champions,1421.69
16572,2011-03-01,2011-03-09 12:04:00,2011-08-04 16:34:00,3,1009.5999999999999,127,3,1009.5999999999999,3,3,3,3,Loyal,1009.5999999999999
16573,2011-02-01,2011-02-22 15:14:00,2011-09-16 09:13:00,2,663.6099999999999,84,2,663.6099999999999,3,2,3,2,Need Attention,663.6099999999999
16574,2010-02-01,2010-02-19 11:46:00,2011-09-29 13:39:00,3,1301.7799999999997,71,3,1301.7799999999997,3,3,4,4,Loyal,451.43999999999977
16576,2010-07-01,2010-07-06 10:42:00,2010-10-15 13:37:00,2,540.87,420,2,540.87,1,2,2,2,Lost,0.0
16577,2010-02-01,2010-02-11 09:45:00,2010-02-11 09:45:00,1,380.0,666,1,380.0,1,1,2,2,Lost,0.0
16578,2010-03-01,2010-03-23 15:11:00,2010-03-23 15:11:00,1,156.6,626,1,156.6,1,1,1,1,Lost,0.0
16579,2010-10-01,2010-10-10 11:58:00,2010-10-10 11:58:00,1,295.04999999999995,425,1,295.04999999999995,1,1,2,2,Lost,0.0
16581,2011-06-01,2011-06-10 10:05:00,2011-06-10 10:05:00,1,105.84,182,1,105.84,3,1,1,1,Need Attention,105.84
16582,2011-08-01,2011-08-18 17:02:00,2011-08-18 17:02:00,1,313.61999999999995,113,1,313.61999999999995,3,1,2,2,Need Attention,313.61999999999995
16583,2010-02-01,2010-02-04 12:18:00,2010-12-01 12:03:00,2,297.95000000000005,373,2,297.95000000000005,2,2,2,2,Hibernating,0.0
16584,2010-02-01,2010-02-16 10:41:00,2011-09-20 13:45:00,5,3156.1700000000005,80,5,3156.1700000000005,3,4,5,4,Loyal,936.0800000000002
16585,2010-01-01,2010-01-13 13:31:00,2010-04-25 10:34:00,2,341.59000000000003,593,2,341.59000000000003,1,2,2,2,Lost,0.0
16586,2010-03-01,2010-03-14 11:24:00,2011-04-05 09:32:00,3,1462.78,248,3,1462.78,2,3,4,4,At Risk – High Value,463.95
16587,2011-04-01,2011-04-21 15:51:00,2011-04-21 15:51:00,1,225.14999999999995,232,1,225.14999999999995,2,1,1,1,Hibernating,225.14999999999995
16588,2010-05-01,2010-05-14 13:43:00,2010-11-18 17:56:00,4,1361.28,386,4,1361.28,2,4,4,4,At Risk – High Value,0.0
16589,2010-09-01,2010-09-15 14:56:00,2011-09-29 14:50:00,4,612.3599999999999,71,4,612.3599999999999,3,4,3,4,Loyal,459.23999999999995
16590,2010-10-01,2010-10-21 12:09:00,2010-11-04 09:06:00,2,605.9,400,2,605.9,2,2,3,2,Hibernating,0.0
16591,2011-10-01,2011-10-02 10:43:00,2011-10-02 10:43:00,1,213.5,68,1,213.5,3,1,1,1,Need Attention,213.5
16592,2009-12-01,2009-12-18 15:57:00,2011-12-05 13:49:00,28,7807.91,4,28,7807.91,5,5,5,5,Champions,4113.68
16593,2009-12-01,2009-12-05 10:44:00,2011-10-20 12:41:00,8,1071.1399999999999,50,8,1071.1399999999999,4,5,3,4,Champions,330.03
16594,2011-09-01,2011-09-25 14:08:00,2011-09-25 14:08:00,1,181.08999999999997,75,1,181.08999999999997,3,1,1,1,Need Attention,181.08999999999997
16595,2010-01-01,2010-01-17 12:12:00,2011-10-09 13:15:00,5,1757.7500000000005,61,5,1757.7500000000005,3,4,4,4,Loyal,360.1600000000003
16596,2009-12-01,2009-12-10 13:09:00,2011-11-24 10:02:00,4,458.98,15,4,458.98,5,4,2,3,Loyal,129.5
16597,2011-12-01,2011-12-05 15:44:00,2011-12-05 15:44:00,1,90.04000000000002,4,1,90.04000000000002,5,1,1,1,New & Promising,90.04000000000002
16598,2011-02-01,2011-02-27 11:42:00,2011-02-27 11:42:00,1,145.05,285,1,145.05,2,1,1,1,Hibernating,145.05
16599,2010-11-01,2010-11-19 12:45:00,2010-11-19 12:45:00,1,172.8,385,1,172.8,2,1,1,1,Hibernating,0.0
16600,2009-12-01,2009-12-18 12:59:00,2011-12-05 16:00:00,13,2153.4100000000003,4,13,2153.4100000000003,5,5,4,4,Champions,813.52
16601,2010-03-01,2010-03-26 13:39:00,2011-10-30 11:09:00,3,675.8299999999999,40,3,675.8299999999999,4,3,3,3,Loyal,241.52999999999997
16602,2010-11-01,2010-11-16 09:13:00,2011-11-03 15:54:00,2,763.3299999999999,36,2,763.3299999999999,4,2,3,2,New & Promising,528.0799999999999
16603,2011-09-01,2011-09-09 13:02:00,2011-09-26 10:06:00,2,482.47,74,2,482.47,3,2,2,2,Need Attention,482.47
16604,2010-05-01,2010-05-20 16:34:00,2010-05-26 09:10:00,2,432.45,562,2,432.45,1,2,2,2,Lost,0.0
16605,2009-12-01,2009-12-15 19:03:00,2009-12-15 19:03:00,1,60.48,724,1,60.48,1,1,1,1,Lost,0.0
16606,2010-10-01,2010-10-01 13:21:00,2010-10-31 13:57:00,2,357.66,404,2,357.66,2,2,2,2,Hibernating,0.0
16607,2010-04-01,2010-04-29 14:01:00,2011-11-22 10:24:00,25,5706.87,17,25,5706.87,5,5,5,5,Champions,3347.71
16608,2010-02-01,2010-02-14 11:57:00,2010-09-12 11:44:00,2,1286.6200000000001,453,2,1286.6200000000001,1,2,4,3,At Risk,0.0
16609,2011-04-01,2011-04-01 10:11:00,2011-11-24 13:32:00,7,5493.459999999999,15,7,5493.459999999999,5,4,5,4,Champions,5493.459999999999
16610,2011-05-01,2011-05-04 13:13:00,2011-05-04 13:13:00,1,75.66,219,1,75.66,2,1,1,1,Hibernating,75.66
16611,2010-03-01,2010-03-10 16:07:00,2011-06-06 15:46:00,6,1785.13,186,6,1785.13,3,4,4,4,Loyal,129.49
16612,2009-12-01,2009-12-03 15:54:00,2011-11-07 07:38:00,9,3245.4300000000003,32,9,3245.4300000000003,4,5,5,5,Champions,1187.66
16613,2011-09-01,2011-09-30 15:52:00,2011-09-30 15:52:00,1,618.59,70,1,618.59,3,1,3,2,Need Attention,618.59
16614,2010-05-01,2010-05-10 15:18:00,2011-06-10 11:36:00,3,1179.79,182,3,1179.79,3,3,3,3,Loyal,506.18999999999994
16615,2010-03-01,2010-03-23 15:13:00,2010-03-23 15:13:00,1,291.5,626,1,291.5,1,1,2,2,Lost,0.0
16616,2011-07-01,2011-07-05 13:38:00,2011-11-24 16:31:00,2,500.4200000000001,15,2,500.4200000000001,5,2,2,2,New & Promising,500.4200000000001
16617,2011-04-01,2011-04-18 10:35:00,2011-04-18 10:35:00,1,151.85000000000002,235,1,151.85000000000002,2,1,1,1,Hibernating,151.85000000000002
16618,2011-01-01,2011-01-21 11:55:00,2011-11-08 13:52:00,5,2647.5899999999992,31,5,2647.5899999999992,4,4,4,4,Champions,2647.5899999999992
16619,2010-02-01,2010-02-22 12:05:00,2011-03-21 08:18:00,4,1938.33,263,4,1938.33,2,4,4,4,At Risk – High Value,226.21
16620,2009-12-01,2009-12-01 14:35:00,2011-12-06 12:19:00,6,1758.9299999999998,3,6,1758.9299999999998,5,4,4,4,Champions,178.96
16621,2011-03-01,2011-03-07 11:32:00,2011-10-19 11:38:00,4,813.48,51,4,813.48,4,4,3,4,Champions,813.48
16622,2010-06-01,2010-06-14 10:44:00,2010-06-14 10:44:00,1,225.39999999999998,543,1,225.39999999999998,1,1,1,1,Lost,0.0
16623,2010-04-01,2010-04-26 14:04:00,2011-04-08 10:09:00,4,1015.24,245,4,1015.24,2,4,3,4,At Risk – High Value,129.45
16624,2011-05-01,2011-05-26 14:20:00,2011-09-20 12:39:00,2,810.5699999999999,80,2,810.5699999999999,3,2,3,2,Need Attention,810.5699999999999
16625,2010-06-01,2010-06-14 11:56:00,2011-03-10 12:50:00,5,1654.0300000000002,274,5,1654.0300000000002,2,4,4,4,At Risk – High Value,333.08000000000004
16626,2011-03-01,2011-03-18 12:27:00,2011-12-09 11:56:00,17,4413.1,0,17,4413.1,5,5,5,5,Champions,4413.1
16627,2011-09-01,2011-09-21 14:38:00,2011-09-21 14:38:00,1,322.8,79,1,322.8,3,1,2,2,Need Attention,322.8
16628,2010-03-01,2010-03-08 12:24:00,2011-11-10 12:45:00,7,2318.1000000000004,29,7,2318.1000000000004,4,4,4,4,Champions,2188.05
16629,2011-09-01,2011-09-04 16:12:00,2011-09-27 10:34:00,2,408.62999999999994,73,2,408.62999999999994,3,2,2,2,Need Attention,408.62999999999994
16630,2010-10-01,2010-10-28 14:30:00,2010-10-28 14:30:00,1,106.80000000000001,407,1,106.80000000000001,2,1,1,1,Hibernating,0.0
16631,2010-02-01,2010-02-26 10:49:00,2010-08-15 11:20:00,7,1892.5200000000002,481,7,1892.5200000000002,1,4,4,4,At Risk – High Value,0.0
16632,2010-05-01,2010-05-07 16:46:00,2010-08-11 11:39:00,2,406.4,485,2,406.4,1,2,2,2,Lost,0.0
16633,2011-04-01,2011-04-19 14:36:00,2011-11-22 13:41:00,6,2883.0999999999995,17,6,2883.0999999999995,5,4,5,4,Champions,2883.1
16634,2010-01-01,2010-01-21 09:30:00,2011-05-01 12:09:00,6,1649.81,222,6,1649.81,2,4,4,4,At Risk – High Value,53.1
16635,2010-10-01,2010-10-29 09:41:00,2010-10-29 09:41:00,1,472.99999999999994,406,1,472.99999999999994,2,1,2,2,Hibernating,0.0
16636,2010-03-01,2010-03-03 14:06:00,2010-09-27 13:13:00,4,3802.0399999999995,438,4,3802.0399999999995,1,4,5,4,At Risk – High Value,0.0
16637,2011-04-01,2011-04-28 10:20:00,2011-11-07 13:17:00,4,1154.4699999999998,32,4,1154.4699999999998,4,4,3,4,Champions,1154.4699999999998
16638,2010-08-01,2010-08-18 13:33:00,2011-11-17 11:09:00,15,2380.13,22,15,2380.13,4,5,4,4,Champions,1630.3200000000002
16639,2010-10-01,2010-10-26 18:23:00,2011-11-08 13:20:00,4,1747.9799999999998,31,4,1747.9799999999998,4,4,4,4,Champions,1257.5099999999998
16640,2010-11-01,2010-11-07 10:48:00,2010-11-07 10:48:00,1,179.39999999999998,397,1,179.39999999999998,2,1,1,1,Hibernating,0.0
16641,2010-01-01,2010-01-07 12:22:00,2011-08-26 12:49:00,2,554.5,105,2,554.5,3,2,2,2,Need Attention,231.10000000000002
16642,2010-10-01,2010-10-20 14:22:00,2011-12-05 11:31:00,3,1077.4499999999998,4,3,1077.4499999999998,5,3,3,3,Loyal,688.33
16643,2010-10-01,2010-10-13 09:47:00,2011-04-08 08:24:00,2,923.1099999999999,245,2,923.1099999999999,2,2,3,2,Hibernating,487.51
16644,2011-05-01,2011-05-11 12:53:00,2011-06-15 12:39:00,2,833.7799999999997,177,2,833.7799999999997,3,2,3,2,Need Attention,833.7799999999997
16645,2009-12-01,2009-12-04 09:49:00,2009-12-04 09:49:00,1,160.39,735,1,160.39,1,1,1,1,Lost,0.0
16646,2010-09-01,2010-09-16 13:28:00,2010-09-16 13:28:00,1,678.7999999999998,449,1,678.7999999999998,1,1,3,2,Lost,0.0
16647,2010-06-01,2010-06-13 15:52:00,2011-06-23 11:47:00,4,541.9,169,4,541.9,3,4,2,3,Loyal,214.06
16648,2010-04-01,2010-04-28 14:58:00,2011-10-28 08:58:00,3,672.8,42,3,672.8,4,3,3,3,Loyal,290.65999999999997
16649,2010-07-01,2010-07-07 15:41:00,2010-07-07 15:41:00,1,306.5799999999999,520,1,306.5799999999999,1,1,2,2,Lost,0.0
16650,2010-07-01,2010-07-08 14:18:00,2011-09-29 09:51:00,7,1916.1100000000001,71,7,1916.1100000000001,3,4,4,4,Loyal,518.4200000000001
16651,2010-05-01,2010-05-02 11:46:00,2010-05-02 11:46:00,1,136.2,586,1,136.2,1,1,1,1,Lost,0.0
16652,2010-03-01,2010-03-17 10:22:00,2011-10-12 09:38:00,16,17550.39,58,16,17550.39,4,5,5,5,Champions,6773.97
16653,2011-09-01,2011-09-29 13:38:00,2011-11-23 14:51:00,2,1212.6600000000003,16,2,1212.6600000000003,5,2,4,3,Loyal,1212.6600000000003
16654,2010-04-01,2010-04-06 13:29:00,2011-07-21 15:23:00,8,1484.0700000000002,141,8,1484.0700000000002,3,5,4,4,Loyal,373.87
16655,2010-01-01,2010-01-31 15:40:00,2011-11-22 11:25:00,13,6423.26,17,13,6423.26,5,5,5,5,Champions,3789.5200000000004
16656,2009-12-01,2009-12-04 12:59:00,2011-11-17 14:43:00,30,16833.17,22,30,16833.17,4,5,5,5,Champions,8625.8
16657,2011-03-01,2011-03-30 12:02:00,2011-11-30 11:48:00,4,874.4300000000001,9,4,874.4300000000001,5,4,3,4,Champions,874.4300000000002
16658,2010-03-01,2010-03-30 16:24:00,2010-12-06 13:47:00,5,680.83,368,5,680.83,2,4,3,4,At Risk – High Value,0.0
16659,2011-06-01,2011-06-03 15:03:00,2011-06-03 15:03:00,1,39.12,189,1,39.12,2,2,1,2,Hibernating,39.12
16660,2010-01-01,2010-01-14 11:09:00,2011-11-23 14:53:00,7,1879.5500000000002,16,7,1879.5500000000002,5,4,4,4,Champions,1267.65
16661,2009-12-01,2009-12-17 15:39:00,2010-06-17 15:24:00,4,932.7599999999998,540,4,932.7599999999998,1,4,3,4,At Risk – High Value,0.0
16662,2010-11-01,2010-11-10 16:56:00,2010-11-10 16:56:00,1,151.05,394,1,151.05,2,2,1,2,Hibernating,0.0
16663,2009-12-01,2009-12-10 13:12:00,2009-12-10 13:12:00,1,165.0,729,1,165.0,1,2,1,2,Lost,0.0
16664,2010-05-01,2010-05-19 17:11:00,2010-05-19 17:11:00,1,109.19999999999999,569,1,109.19999999999999,1,2,1,2,Lost,0.0
16665,2010-12-01,2010-12-12 14:03:00,2010-12-12 14:03:00,1,135.4,362,1,135.4,2,2,1,2,Hibernating,135.4
16666,2010-03-01,2010-03-28 15:13:00,2011-11-20 14:01:00,2,217.70999999999998,19,2,217.70999999999998,5,2,1,2,New & Promising,118.98
16667,2011-02-01,2011-02-28 12:57:00,2011-10-02 15:26:00,2,567.1800000000001,68,2,567.1800000000001,3,2,2,2,Need Attention,567.1800000000001
16668,2010-03-01,2010-03-18 18:25:00,2011-11-24 17:43:00,13,862.42,15,13,862.42,5,5,3,4,Champions,306.71999999999997
16669,2011-09-01,2011-09-22 14:13:00,2011-11-16 12:26:00,2,1344.48,23,2,1344.48,4,2,4,3,Loyal,1344.48
16670,2009-12-01,2009-12-10 15:28:00,2011-11-23 09:34:00,20,8030.150000000001,16,20,8030.150000000001,5,5,5,5,Champions,4095.9
16671,2011-06-01,2011-06-28 11:20:00,2011-11-11 13:40:00,3,1692.27,28,3,1692.27,4,3,4,4,Champions,1692.27
16672,2011-03-01,2011-03-18 10:15:00,2011-12-07 16:29:00,20,8134.94,2,20,8134.94,5,5,5,5,Champions,8134.9400000000005
16673,2010-01-01,2010-01-29 14:22:00,2010-01-29 14:22:00,1,171.13,679,1,171.13,1,2,1,2,Lost,0.0
16674,2011-09-01,2011-09-02 13:59:00,2011-10-16 11:31:00,2,304.24,54,2,304.24,4,2,2,2,New & Promising,304.24
16675,2010-08-01,2010-08-18 13:11:00,2010-09-24 12:15:00,2,608.86,441,2,608.86,1,2,3,2,Lost,0.0
16676,2010-10-01,2010-10-17 13:07:00,2011-11-06 12:01:00,6,2361.8999999999996,33,6,2361.8999999999996,4,4,4,4,Champions,1592.1200000000001
16677,2010-02-01,2010-02-25 16:11:00,2010-10-24 14:53:00,2,880.6200000000001,411,2,880.6200000000001,1,2,3,2,Lost,0.0
16678,2011-03-01,2011-03-02 09:24:00,2011-12-07 12:17:00,12,3109.99,2,12,3109.99,5,5,5,5,Champions,3109.99
16679,2010-06-01,2010-06-10 18:35:00,2010-12-08 13:51:00,3,663.3100000000001,366,3,663.3100000000001,2,3,3,3,At Risk,0.0
16680,2010-06-01,2010-06-23 09:30:00,2011-10-27 17:35:00,3,821.45,43,3,821.45,4,3,3,3,Loyal,183.70000000000002
16681,2010-03-01,2010-03-08 14:10:00,2011-09-28 11:11:00,7,1921.84,72,7,1921.84,3,4,4,4,Loyal,1770.34
16682,2011-06-01,2011-06-05 11:02:00,2011-12-05 12:13:00,5,1028.0,4,5,1028.0,5,4,3,4,Champions,1028.0
16683,2010-06-01,2010-06-24 10:36:00,2010-06-24 10:36:00,1,320.25,533,1,320.25,1,2,2,2,Lost,0.0
16684,2009-12-01,2009-12-07 12:56:00,2011-12-05 14:06:00,55,147142.77000000002,4,55,147142.77000000002,5,5,5,5,Champions,66653.56
16685,2011-10-01,2011-10-09 13:44:00,2011-10-09 13:58:00,2,324.24,61,2,324.24,3,2,2,2,Need Attention,324.24
16686,2009-12-01,2009-12-06 15:48:00,2011-10-23 13:49:00,16,4881.069999999999,47,16,4881.069999999999,4,5,5,5,Champions,2959.879999999999
16687,2010-11-01,2010-11-14 11:46:00,2010-11-14 11:46:00,1,157.63,390,1,157.63,2,2,1,2,Hibernating,0.0
16688,2011-10-01,2011-10-10 12:23:00,2011-12-08 15:24:00,4,1260.8600000000001,1,4,1260.8600000000001,5,4,4,4,Champions,1260.8600000000001
16689,2011-09-01,2011-09-18 13:29:00,2011-09-25 11:39:00,2,422.59999999999997,75,2,422.59999999999997,3,2,2,2,Need Attention,422.59999999999997
16690,2010-09-01,2010-09-14 15:00:00,2011-09-28 15:02:00,4,353.03000000000003,72,4,353.03000000000003,3,4,2,3,Loyal,225.58
16691,2010-05-01,2010-05-27 14:55:00,2010-10-17 15:03:00,2,178.82999999999998,418,2,178.82999999999998,1,2,1,2,Lost,0.0
16692,2010-09-01,2010-09-24 11:31:00,2011-03-28 14:46:00,4,1764.6999999999998,256,4,1764.6999999999998,2,4,4,4,At Risk – High Value,1126.0
16693,2010-02-01,2010-02-21 12:42:00,2011-10-02 11:10:00,5,1179.48,68,5,1179.48,3,4,3,4,Loyal,477.86
16694,2009-12-01,2009-12-16 15:45:00,2009-12-16 15:45:00,1,98.30000000000001,723,1,98.30000000000001,1,2,1,2,Lost,0.0
16695,2010-05-01,2010-05-27 12:24:00,2010-05-27 12:36:00,2,191.89999999999992,561,2,191.89999999999992,1,2,1,2,Lost,0.0
16696,2011-04-01,2011-04-05 15:20:00,2011-07-27 14:23:00,4,657.9,135,4,657.9,3,4,3,4,Loyal,657.9
16697,2011-04-01,2011-04-12 17:12:00,2011-04-12 17:12:00,1,112.75000000000001,241,1,112.75000000000001,2,2,1,2,Hibernating,112.75000000000001
16698,2011-03-01,2011-03-31 13:33:00,2011-04-27 10:52:00,2,1998.0,226,2,1998.0,2,2,4,3,At Risk,1998.0
16699,2009-12-01,2009-12-04 13:31:00,2010-11-24 14:38:00,7,994.6,380,7,994.6,2,4,3,4,At Risk – High Value,0.0
16700,2009-12-01,2009-12-02 10:51:00,2011-12-01 11:00:00,25,8830.77,8,25,8830.77,5,5,5,5,Champions,4739.610000000001
16701,2009-12-01,2009-12-01 19:19:00,2011-12-01 11:10:00,26,9916.73,8,26,9916.73,5,5,5,5,Champions,5398.3
16702,2009-12-01,2009-12-07 16:40:00,2010-10-20 14:10:00,4,1109.53,415,4,1109.53,1,4,3,4,At Risk – High Value,0.0
16704,2010-02-01,2010-02-05 14:14:00,2010-03-31 14:02:00,2,664.16,618,2,664.16,1,2,3,2,Lost,0.0
16705,2009-12-01,2009-12-09 13:34:00,2011-12-09 12:08:00,42,43515.049999999996,0,42,43515.049999999996,5,5,5,5,Champions,14034.99
16706,2011-08-01,2011-08-17 15:53:00,2011-11-02 13:50:00,3,531.3500000000001,37,3,531.3500000000001,4,3,2,2,New & Promising,531.3500000000001
16707,2010-03-01,2010-03-09 15:16:00,2010-11-04 14:39:00,4,533.4100000000001,400,4,533.4100000000001,2,4,2,3,At Risk,0.0
16708,2011-10-01,2011-10-25 12:20:00,2011-10-25 12:20:00,1,656.6300000000001,45,1,656.6300000000001,4,2,3,2,New & Promising,656.6300000000001
16709,2009-12-01,2009-12-09 13:16:00,2011-09-16 10:56:00,14,9056.010000000002,84,14,9056.010000000002,3,5,5,5,Loyal,3029.8700000000003
16710,2009-12-01,2009-12-04 13:41:00,2011-11-20 14:50:00,22,5921.35,19,22,5921.35,5,5,5,5,Champions,2097.57
16711,2009-12-01,2009-12-02 13:22:00,2011-12-06 16:32:00,9,2868.4799999999996,3,9,2868.4799999999996,5,5,4,4,Champions,1651.0300000000002
16712,2010-11-01,2010-11-03 15:45:00,2011-11-30 13:48:00,13,4225.219999999999,9,13,4225.219999999999,5,5,5,5,Champions,3603.66
16713,2009-12-01,2009-12-15 12:49:00,2011-11-21 12:36:00,32,14115.559999999998,18,32,14115.559999999998,5,5,5,5,Champions,6496.35
16714,2010-02-01,2010-02-07 11:17:00,2011-01-26 13:46:00,3,1482.3299999999995,317,3,1482.3299999999995,2,3,4,4,At Risk – High Value,1114.0599999999995
16715,2010-05-01,2010-05-26 12:35:00,2011-09-22 18:15:00,2,625.52,78,2,625.52,3,2,3,2,Need Attention,301.71999999999997
16716,2010-03-01,2010-03-19 11:05:00,2011-03-18 10:03:00,3,2149.6800000000003,266,3,2149.6800000000003,2,3,4,4,At Risk – High Value,901.2
16717,2009-12-01,2009-12-07 15:55:00,2011-11-16 12:16:00,14,6663.680000000001,23,14,6663.680000000001,4,5,5,5,Champions,3535.830000000001
16718,2009-12-01,2009-12-06 13:07:00,2010-12-05 13:03:00,5,3006.080000000001,369,5,3006.080000000001,2,4,5,4,At Risk – High Value,0.0
16719,2009-12-01,2009-12-13 10:59:00,2011-11-25 09:27:00,14,3508.6199999999994,14,14,3508.6199999999994,5,5,5,5,Champions,1339.49
16720,2009-12-01,2009-12-17 17:54:00,2011-11-13 16:22:00,3,566.7399999999999,26,3,566.7399999999999,4,3,2,2,New & Promising,152.95
16721,2011-03-01,2011-03-22 16:08:00,2011-03-22 16:08:00,1,292.46999999999997,262,1,292.46999999999997,2,2,2,2,Hibernating,292.46999999999997
16722,2009-12-01,2009-12-03 19:23:00,2011-11-22 13:28:00,22,8189.559999999999,17,22,8189.559999999999,5,5,5,5,Champions,3931.29
16723,2009-12-01,2009-12-04 13:23:00,2011-09-09 13:01:00,4,1231.3600000000001,91,4,1231.3600000000001,3,4,4,4,Loyal,576.4
16724,2010-10-01,2010-10-31 11:40:00,2010-10-31 11:40:00,1,147.35000000000002,404,1,147.35000000000002,2,2,1,2,Hibernating,0.0
16725,2009-12-01,2009-12-13 15:54:00,2011-02-10 16:52:00,13,1686.8099999999997,302,13,1686.8099999999997,2,5,4,4,At Risk – High Value,634.67
16726,2010-10-01,2010-10-24 16:09:00,2011-11-13 14:53:00,7,2063.8799999999997,26,7,2063.8799999999997,4,4,4,4,Champions,1358.7399999999998
16727,2010-01-01,2010-01-20 10:48:00,2010-12-10 13:48:00,4,1377.77,364,4,1377.77,2,4,4,4,At Risk – High Value,256.32
16728,2011-03-01,2011-03-20 13:28:00,2011-10-24 14:36:00,4,1048.2800000000002,46,4,1048.2800000000002,4,4,3,4,Champions,1048.2800000000002
16729,2011-04-01,2011-04-12 14:22:00,2011-11-01 14:29:00,21,7202.009999999998,38,21,7202.009999999998,4,5,5,5,Champions,7202.01
16730,2011-01-01,2011-01-24 14:01:00,2011-10-18 14:11:00,3,743.1099999999999,52,3,743.1099999999999,4,3,3,3,Loyal,743.1099999999999
16731,2010-03-01,2010-03-01 15:05:00,2010-03-01 15:05:00,1,170.3,648,1,170.3,1,2,1,2,Lost,0.0
16732,2009-12-01,2009-12-08 13:04:00,2011-11-08 09:54:00,4,4387.64,31,4,4387.64,4,4,5,4,Champions,603.7499999999998
16733,2010-06-01,2010-06-28 10:12:00,2010-06-28 10:12:00,1,259.68000000000006,529,1,259.68000000000006,1,2,1,2,Lost,0.0
16734,2011-08-01,2011-08-17 15:00:00,2011-10-18 13:44:00,3,646.76,52,3,646.76,4,3,3,3,Loyal,646.76
16735,2009-12-01,2009-12-08 09:24:00,2011-09-22 11:49:00,14,6217.41,78,14,6217.41,3,5,5,5,Loyal,2247.4100000000003
16736,2009-12-01,2009-12-03 16:12:00,2010-07-22 10:09:00,5,2956.5599999999995,505,5,2956.5599999999995,1,4,5,4,At Risk – High Value,0.0
16737,2010-05-01,2010-05-11 09:53:00,2011-10-17 13:03:00,2,835.1999999999999,53,2,835.1999999999999,4,2,3,2,New & Promising,417.59999999999997
16738,2011-02-01,2011-02-15 09:46:00,2011-02-15 09:46:00,1,3.75,297,1,3.75,2,2,1,2,Hibernating,3.75
16739,2010-06-01,2010-06-21 09:38:00,2011-06-16 09:17:00,2,786.4300000000001,176,2,786.4300000000001,3,2,3,2,Need Attention,323.00000000000006
16740,2010-11-01,2010-11-09 13:34:00,2010-11-09 13:34:00,1,226.91,395,1,226.91,2,2,1,2,Hibernating,0.0
16741,2010-03-01,2010-03-24 15:15:00,2010-03-24 15:15:00,1,173.06,625,1,173.06,1,2,1,2,Lost,0.0
16742,2009-12-01,2009-12-16 17:22:00,2010-08-04 10:52:00,13,2334.9700000000003,492,13,2334.9700000000003,1,5,4,4,At Risk – High Value,0.0
16743,2010-04-01,2010-04-22 13:21:00,2011-11-10 13:13:00,14,4212.15,29,14,4212.15,4,5,5,5,Champions,2213.1299999999997
16744,2011-06-01,2011-06-19 15:13:00,2011-11-28 13:06:00,7,1291.9099999999999,11,7,1291.9099999999999,5,4,4,4,Champions,1291.91
16745,2011-02-01,2011-02-01 11:31:00,2011-09-14 11:58:00,17,7180.699999999999,86,17,7180.699999999999,3,5,5,5,Loyal,7180.699999999999
16746,2009-12-01,2009-12-04 13:00:00,2011-12-05 12:33:00,42,18045.050000000003,4,42,18045.050000000003,5,5,5,5,Champions,6680.110000000001
16747,2011-10-01,2011-10-03 10:18:00,2011-11-02 11:37:00,2,836.06,37,2,836.06,4,2,3,2,New & Promising,836.06
16748,2009-12-01,2009-12-10 12:28:00,2011-11-22 10:17:00,14,3637.33,17,14,3637.33,5,5,5,5,Champions,1515.9
16749,2009-12-01,2009-12-15 14:05:00,2010-04-27 13:06:00,2,4157.88,591,2,4157.88,1,2,5,4,At Risk – High Value,0.0
16750,2011-04-01,2011-04-21 16:53:00,2011-10-26 12:48:00,5,623.9300000000001,44,5,623.9300000000001,4,4,3,4,Champions,623.9300000000001
16751,2011-11-01,2011-11-09 10:48:00,2011-11-09 10:48:00,1,1764.7199999999998,30,1,1764.7199999999998,4,2,4,3,Loyal,1764.7199999999998
16752,2010-12-01,2010-12-02 12:18:00,2010-12-02 12:18:00,1,207.5,372,1,207.5,2,2,1,2,Hibernating,0.0
16753,2011-10-01,2011-10-12 13:14:00,2011-10-12 13:14:00,1,223.92,58,1,223.92,4,2,1,2,New & Promising,223.92
16754,2010-03-01,2010-03-08 11:32:00,2010-12-02 17:38:00,29,65500.07000000001,372,29,65500.07000000001,2,5,5,5,At Risk – High Value,0.0
16755,2009-12-01,2009-12-09 14:25:00,2011-08-17 13:21:00,7,2864.68,114,7,2864.68,3,4,4,4,Loyal,1475.4299999999998
16756,2010-03-01,2010-03-09 15:56:00,2011-05-09 09:33:00,7,1312.37,214,7,1312.37,2,4,4,4,At Risk – High Value,239.4
16757,2010-10-01,2010-10-26 15:09:00,2011-01-25 11:59:00,2,270.48,318,2,270.48,2,2,1,2,Hibernating,106.83
16758,2011-10-01,2011-10-05 14:47:00,2011-10-05 14:47:00,1,369.34,65,1,369.34,3,2,2,2,Need Attention,369.34
16759,2011-11-01,2011-11-09 09:06:00,2011-12-02 12:42:00,3,789.7900000000002,7,3,789.7900000000002,5,3,3,3,Loyal,789.7900000000001
16760,2010-10-01,2010-10-05 15:55:00,2010-10-05 15:55:00,1,228.0,430,1,228.0,1,2,1,2,Lost,0.0
16761,2011-09-01,2011-09-04 11:15:00,2011-09-04 11:15:00,1,316.61999999999995,96,1,316.61999999999995,3,2,2,2,Need Attention,316.61999999999995
16762,2011-07-01,2011-07-18 12:52:00,2011-11-20 11:43:00,3,1207.24,19,3,1207.24,5,3,4,4,Champions,1207.24
16763,2009-12-01,2009-12-01 15:26:00,2011-05-25 11:52:00,2,964.7000000000002,198,2,964.7000000000002,2,2,3,2,Hibernating,611.8500000000001
16764,2011-07-01,2011-07-19 17:17:00,2011-12-06 11:41:00,13,2790.9500000000003,3,13,2790.9500000000003,5,5,4,4,Champions,2790.9500000000003
16765,2010-11-01,2010-11-22 13:42:00,2011-02-18 15:41:00,2,454.7499999999998,294,2,454.7499999999998,2,2,2,2,Hibernating,34.0
16766,2011-03-01,2011-03-11 13:34:00,2011-03-11 15:22:00,2,1145.6,273,2,1145.6,2,2,3,2,Hibernating,1145.6
16767,2010-04-01,2010-04-28 16:49:00,2011-11-09 09:42:00,15,8052.410000000001,30,15,8052.410000000001,4,5,5,5,Champions,5575.56
16768,2009-12-01,2009-12-07 11:47:00,2011-10-23 10:38:00,9,1698.57,47,9,1698.57,4,5,4,4,Champions,478.09
16769,2009-12-01,2009-12-14 11:10:00,2011-03-24 13:41:00,4,1117.05,260,4,1117.05,2,4,3,4,At Risk – High Value,361.5399999999999
16770,2010-08-01,2010-08-22 16:08:00,2011-10-13 12:21:00,9,1778.9299999999998,57,9,1778.9299999999998,4,5,4,4,Champions,626.3000000000002
16771,2009-12-01,2009-12-09 11:52:00,2011-11-06 13:28:00,10,3921.0999999999995,33,10,3921.0999999999995,4,5,5,5,Champions,2230.6099999999997
16772,2009-12-01,2009-12-18 10:50:00,2010-10-12 13:19:00,3,3698.0499999999997,423,3,3698.0499999999997,1,3,5,4,At Risk – High Value,0.0
16773,2009-12-01,2009-12-06 15:01:00,2011-10-13 14:37:00,3,421.24,57,3,421.24,4,3,2,2,New & Promising,171.59
16774,2010-02-01,2010-02-16 16:53:00,2011-10-03 12:41:00,8,1567.48,67,8,1567.48,3,5,4,4,Loyal,661.52
16775,2010-09-01,2010-09-23 17:34:00,2011-11-29 15:22:00,16,2820.84,10,16,2820.84,5,5,4,4,Champions,1459.61
16776,2010-10-01,2010-10-20 12:13:00,2011-10-10 13:04:00,2,592.51,60,2,592.51,3,2,2,2,Need Attention,371.53999999999996
16777,2010-03-01,2010-03-17 12:42:00,2011-09-20 13:41:00,5,1292.18,80,5,1292.18,3,4,4,4,Loyal,222.62
16778,2011-03-01,2011-03-10 15:21:00,2011-09-26 13:48:00,2,245.94,74,2,245.94,3,2,1,2,Need Attention,245.94
16779,2009-12-01,2009-12-03 13:03:00,2011-12-07 14:54:00,53,32809.03,2,53,32809.03,5,5,5,5,Champions,10254.81
16780,2010-10-01,2010-10-28 19:41:00,2011-08-31 16:09:00,3,596.4,100,3,596.4,3,3,2,2,Need Attention,422.24
16781,2010-02-01,2010-02-08 13:56:00,2010-12-02 14:26:00,2,622.9999999999999,372,2,622.9999999999999,2,2,3,2,Hibernating,0.0
16782,2009-12-01,2009-12-09 11:58:00,2011-11-29 13:20:00,38,9636.119999999999,10,38,9636.119999999999,5,5,5,5,Champions,1903.75
16783,2010-09-01,2010-09-29 11:53:00,2010-09-29 11:53:00,1,391.95,436,1,391.95,1,2,2,2,Lost,0.0
16784,2010-03-01,2010-03-28 12:55:00,2011-11-20 12:20:00,5,892.3299999999999,19,5,892.3299999999999,5,4,3,4,Champions,107.6
16785,2010-10-01,2010-10-26 10:36:00,2010-10-26 10:36:00,1,533.7800000000001,409,1,533.7800000000001,1,2,2,2,Lost,0.0
16786,2010-11-01,2010-11-11 08:25:00,2010-11-11 08:25:00,1,51.839999999999996,393,1,51.839999999999996,2,2,1,2,Hibernating,0.0
16787,2010-01-01,2010-01-10 11:12:00,2010-11-07 11:01:00,4,1017.5299999999999,397,4,1017.5299999999999,2,4,3,4,At Risk – High Value,0.0
16788,2010-02-01,2010-02-07 12:40:00,2011-08-08 14:53:00,5,1927.2800000000002,123,5,1927.2800000000002,3,4,4,4,Loyal,592.7400000000002
16789,2011-12-01,2011-12-01 15:12:00,2011-12-01 15:12:00,1,80.8,8,1,80.8,5,2,1,2,New & Promising,80.8
16790,2011-11-01,2011-11-02 11:23:00,2011-12-06 11:53:00,6,1545.62,3,6,1545.62,5,4,4,4,Champions,1545.62
16791,2009-12-01,2009-12-03 18:08:00,2011-11-10 19:12:00,15,3944.879999999999,29,15,3944.879999999999,4,5,5,5,Champions,1693.0299999999993
16792,2010-01-01,2010-01-04 13:47:00,2011-03-02 14:41:00,5,623.46,282,5,623.46,2,4,3,4,At Risk – High Value,110.38000000000001
16793,2011-10-01,2011-10-13 15:08:00,2011-10-13 15:08:00,1,243.83999999999997,57,1,243.83999999999997,4,2,1,2,New & Promising,243.83999999999997
16794,2010-03-01,2010-03-25 15:17:00,2011-12-08 17:54:00,15,2050.68,1,15,2050.68,5,5,4,4,Champions,1194.48
16795,2010-01-01,2010-01-25 13:14:00,2010-12-09 14:08:00,3,2062.41,365,3,2062.41,2,3,4,4,At Risk – High Value,0.0
16796,2011-09-01,2011-09-11 14:01:00,2011-09-11 14:01:00,1,305.62,89,1,305.62,3,2,2,2,Need Attention,305.62
16797,2009-12-01,2009-12-02 13:33:00,2010-11-11 19:14:00,5,1802.0199999999995,393,5,1802.0199999999995,2,4,4,4,At Risk – High Value,0.0
16798,2009-12-01,2009-12-10 19:35:00,2010-06-03 19:01:00,3,841.1599999999996,554,3,841.1599999999996,1,3,3,3,At Risk,0.0
16799,2010-09-01,2010-09-12 12:46:00,2010-10-03 14:28:00,2,452.77999999999986,432,2,452.77999999999986,1,2,2,2,Lost,0.0
16800,2011-11-01,2011-11-28 14:06:00,2011-11-28 14:06:00,1,1162.6499999999999,11,1,1162.6499999999999,5,2,3,2,New & Promising,1162.6499999999999
16801,2011-03-01,2011-03-11 13:56:00,2011-06-29 15:33:00,4,1594.23,163,4,1594.23,3,4,4,4,Loyal,1594.23
16802,2009-12-01,2009-12-09 13:00:00,2010-01-29 13:44:00,2,582.6099999999999,679,2,582.6099999999999,1,2,2,2,Lost,0.0
16803,2011-10-01,2011-10-05 14:28:00,2011-10-05 14:28:00,1,332.29999999999995,65,1,332.29999999999995,3,2,2,2,Need Attention,332.29999999999995
16804,2011-03-01,2011-03-14 15:48:00,2011-11-16 16:43:00,3,536.99,23,3,536.99,4,3,2,2,New & Promising,536.99
16805,2009-12-01,2009-12-14 15:17:00,2011-06-19 11:23:00,4,1076.34,173,4,1076.34,3,4,3,4,Loyal,460.5899999999999
16806,2011-04-01,2011-04-14 19:59:00,2011-08-28 15:27:00,4,736.21,103,4,736.21,3,4,3,4,Loyal,736.21
16807,2010-03-01,2010-03-26 14:38:00,2011-07-20 12:00:00,6,2123.8799999999997,142,6,2123.8799999999997,3,4,4,4,Loyal,1121.59
16808,2011-03-01,2011-03-10 19:05:00,2011-09-01 19:34:00,2,288.42,99,2,288.42,3,2,2,2,Need Attention,288.42
16809,2010-04-01,2010-04-13 15:34:00,2011-11-16 15:45:00,9,1727.4300000000003,23,9,1727.4300000000003,4,5,4,4,Champions,914.6900000000003
16810,2010-10-01,2010-10-15 15:32:00,2011-05-31 15:32:00,2,842.04,192,2,842.04,2,3,3,3,At Risk,309.53999999999996
16811,2011-11-01,2011-11-22 17:19:00,2011-12-05 11:39:00,2,547.0699999999999,4,2,547.0699999999999,5,3,2,2,New & Promising,547.0699999999999
16812,2010-11-01,2010-11-22 14:36:00,2010-12-14 12:35:00,4,2392.0,360,4,2392.0,2,4,4,4,At Risk – High Value,479.3500000000001
16813,2011-05-01,2011-05-19 13:28:00,2011-12-01 14:03:00,10,1652.1799999999998,8,10,1652.1799999999998,5,5,4,4,Champions,1652.18
16814,2010-04-01,2010-04-11 12:45:00,2011-11-25 13:27:00,36,11914.95,14,36,11914.95,5,5,5,5,Champions,6133.51
16815,2010-06-01,2010-06-21 12:05:00,2010-09-12 10:59:00,2,406.02,453,2,406.02,1,3,2,2,Lost,0.0
16816,2010-12-01,2010-12-16 17:01:00,2011-08-28 14:16:00,4,417.06000000000006,103,4,417.06000000000006,3,4,2,3,Loyal,417.06
16817,2010-10-01,2010-10-04 09:06:00,2011-12-07 11:03:00,13,2560.7,2,13,2560.7,5,5,4,4,Champions,1360.55
16818,2011-05-01,2011-05-18 11:42:00,2011-11-29 10:41:00,11,3349.57,10,11,3349.57,5,5,5,5,Champions,3349.5699999999997
16819,2010-08-01,2010-08-31 17:31:00,2010-08-31 17:37:00,2,182.59,465,2,182.59,1,3,1,2,Lost,0.0
16820,2011-09-01,2011-09-05 12:06:00,2011-09-05 12:06:00,1,497.61000000000007,95,1,497.61000000000007,3,2,2,2,Need Attention,497.61000000000007
16821,2010-11-01,2010-11-23 10:04:00,2010-11-23 10:04:00,1,113.35000000000001,381,1,113.35000000000001,2,2,1,2,Hibernating,0.0
16822,2010-01-01,2010-01-22 14:22:00,2010-01-22 14:22:00,1,181.39,686,1,181.39,1,2,1,2,Lost,0.0
16823,2009-12-01,2009-12-02 09:57:00,2011-04-26 15:00:00,7,2243.0899999999997,227,7,2243.0899999999997,2,4,4,4,At Risk – High Value,358.37999999999994
16824,2010-11-01,2010-11-11 12:21:00,2011-11-24 12:38:00,3,686.24,15,3,686.24,5,3,3,3,Loyal,460.64
16825,2010-06-01,2010-06-23 13:14:00,2011-11-01 11:51:00,5,1826.8899999999999,38,5,1826.8899999999999,4,4,4,4,Champions,775.18
16826,2011-10-01,2011-10-19 14:05:00,2011-10-19 14:05:00,1,341.70000000000005,51,1,341.70000000000005,4,2,2,2,New & Promising,341.70000000000005
16827,2010-04-01,2010-04-29 19:07:00,2010-11-11 14:04:00,5,387.18,393,5,387.18,2,4,2,3,At Risk,0.0
16828,2011-08-01,2011-08-19 13:24:00,2011-08-19 13:24:00,1,113.5,112,1,113.5,3,2,1,2,Need Attention,113.5
16829,2010-11-01,2010-11-16 18:11:00,2011-07-06 10:48:00,2,513.32,156,2,513.32,3,3,2,2,Need Attention,197.22
16830,2009-12-01,2009-12-13 12:11:00,2011-11-01 11:35:00,4,1207.5,38,4,1207.5,4,4,4,4,Champions,325.90999999999997
16831,2010-05-01,2010-05-24 09:08:00,2010-05-24 09:08:00,1,91.8,564,1,91.8,1,2,1,2,Lost,0.0
16832,2010-09-01,2010-09-07 12:35:00,2011-06-08 15:36:00,5,417.61,184,5,417.61,3,4,2,3,Loyal,199.15
16833,2010-03-01,2010-03-26 15:31:00,2011-12-08 14:39:00,6,2409.04,1,6,2409.04,5,4,4,4,Champions,1106.53
16834,2010-02-01,2010-02-03 14:24:00,2011-04-26 09:37:00,2,898.96,227,2,898.96,2,3,3,3,At Risk,413.46000000000004
16835,2010-05-01,2010-05-19 08:41:00,2011-08-03 13:50:00,6,1456.6599999999999,128,6,1456.6599999999999,3,4,4,4,Loyal,99.1
16836,2010-05-01,2010-05-14 12:52:00,2011-10-31 10:05:00,4,782.3700000000001,39,4,782.3700000000001,4,4,3,4,Champions,251.87
16837,2011-04-01,2011-04-08 08:48:00,2011-11-08 14:27:00,11,3170.9799999999996,31,11,3170.9799999999996,4,5,5,5,Champions,3170.9799999999996
16838,2010-02-01,2010-02-14 15:27:00,2011-05-26 13:13:00,4,1159.6100000000001,197,4,1159.6100000000001,2,4,3,4,At Risk – High Value,588.8500000000001
16839,2010-02-01,2010-02-11 15:02:00,2011-12-01 09:03:00,44,21758.25,8,44,21758.25,5,5,5,5,Champions,16042.11
16840,2010-02-01,2010-02-03 12:42:00,2010-04-15 15:48:00,2,139.85,603,2,139.85,1,3,1,2,Lost,0.0
16841,2010-01-01,2010-01-12 11:32:00,2011-11-03 11:51:00,12,4006.0600000000004,36,12,4006.0600000000004,4,5,5,5,Champions,1869.8200000000002
16842,2011-02-01,2011-02-10 14:51:00,2011-08-31 10:42:00,3,1264.19,100,3,1264.19,3,3,4,4,Loyal,1264.19
16843,2009-12-01,2009-12-10 11:40:00,2011-10-28 09:06:00,35,19571.43,42,35,19571.43,4,5,5,5,Champions,10196.57
16844,2010-05-01,2010-05-06 09:16:00,2010-05-26 10:29:00,2,614.3400000000001,562,2,614.3400000000001,1,3,3,3,At Risk,0.0
16845,2010-03-01,2010-03-31 13:09:00,2010-03-31 13:09:00,1,253.87999999999997,618,1,253.87999999999997,1,2,1,2,Lost,0.0
16846,2010-03-01,2010-03-10 12:03:00,2011-10-20 13:55:00,3,842.4100000000001,50,3,842.4100000000001,4,3,3,3,Loyal,214.32000000000002
16847,2010-03-01,2010-03-31 13:32:00,2011-10-27 13:29:00,2,614.89,43,2,614.89,4,3,3,3,Loyal,193.44
16848,2010-10-01,2010-10-03 11:01:00,2011-10-18 08:42:00,4,1411.6200000000003,52,4,1411.6200000000003,4,4,4,4,Champions,281.42
16849,2011-06-01,2011-06-06 09:16:00,2011-06-06 09:16:00,1,124.57,186,1,124.57,3,2,1,2,Need Attention,124.57
16850,2011-01-01,2011-01-10 11:09:00,2011-01-10 11:09:00,1,332.40999999999997,333,1,332.40999999999997,2,2,2,2,Hibernating,332.40999999999997
16851,2011-10-01,2011-10-19 09:48:00,2011-12-05 13:32:00,3,342.45000000000005,4,3,342.45000000000005,5,3,2,2,New & Promising,342.45000000000005
16852,2011-06-01,2011-06-16 15:49:00,2011-11-29 13:22:00,2,144.91000000000003,10,2,144.91000000000003,5,3,1,2,New & Promising,144.91000000000003
16854,2010-03-01,2010-03-09 14:32:00,2010-10-18 16:31:00,2,1408.9600000000005,417,2,1408.9600000000005,1,3,4,4,At Risk – High Value,0.0
16855,2011-10-01,2011-10-27 16:31:00,2011-11-16 12:03:00,2,328.4,23,2,328.4,4,3,2,2,New & Promising,328.4
16856,2010-09-01,2010-09-23 13:11:00,2011-11-25 08:59:00,3,358.49,14,3,358.49,5,3,2,2,New & Promising,35.400000000000006
16857,2010-09-01,2010-09-23 10:49:00,2010-09-23 10:49:00,1,352.8,442,1,352.8,1,2,2,2,Lost,0.0
16858,2009-12-01,2009-12-15 11:09:00,2010-12-06 09:52:00,10,4292.59,368,10,4292.59,2,5,5,5,At Risk – High Value,0.0
16859,2010-03-01,2010-03-04 12:37:00,2011-07-18 12:19:00,7,1932.4099999999999,144,7,1932.4099999999999,3,4,4,4,Loyal,747.81
16860,2010-02-01,2010-02-15 13:46:00,2010-09-13 10:05:00,3,1610.62,452,3,1610.62,1,3,4,4,At Risk – High Value,0.0
16861,2010-07-01,2010-07-19 11:44:00,2011-10-11 09:05:00,5,946.5899999999999,59,5,946.5899999999999,3,4,3,4,Loyal,173.76
16862,2010-01-01,2010-01-07 12:57:00,2010-06-10 13:05:00,4,662.33,547,4,662.33,1,4,3,4,At Risk – High Value,0.0
16863,2010-10-01,2010-10-26 10:03:00,2011-11-08 15:26:00,3,834.27,31,3,834.27,4,3,3,3,Loyal,338.55
16864,2010-04-01,2010-04-20 11:56:00,2010-10-01 16:16:00,2,409.25,434,2,409.25,1,3,2,2,Lost,0.0
16865,2010-11-01,2010-11-03 11:34:00,2010-11-03 11:34:00,1,130.95,401,1,130.95,2,2,1,2,Hibernating,0.0
16866,2011-07-01,2011-07-01 12:34:00,2011-07-22 10:06:00,3,207.74,140,3,207.74,3,3,1,2,Need Attention,207.74
16867,2010-01-01,2010-01-19 09:11:00,2010-01-19 09:11:00,1,76.74000000000001,689,1,76.74000000000001,1,2,1,2,Lost,0.0
16868,2010-04-01,2010-04-25 11:31:00,2010-11-10 13:17:00,3,384.56,394,3,384.56,2,3,2,2,Hibernating,0.0
16869,2011-06-01,2011-06-17 13:01:00,2011-11-17 12:02:00,4,817.1199999999999,22,4,817.1199999999999,4,4,3,4,Champions,817.12
16870,2010-08-01,2010-08-27 13:53:00,2010-08-27 13:53:00,1,450.1600000000001,469,1,450.1600000000001,1,2,2,2,Lost,0.0
16871,2011-03-01,2011-03-14 10:31:00,2011-11-17 19:27:00,6,2812.3399999999997,22,6,2812.3399999999997,4,4,4,4,Champions,2812.3399999999997
16872,2010-09-01,2010-09-02 17:36:00,2011-09-23 16:05:00,6,1213.13,77,6,1213.13,3,4,4,4,Loyal,680.02
16873,2010-02-01,2010-02-09 14:17:00,2011-12-05 12:05:00,12,14617.390000000001,4,12,14617.390000000001,5,5,5,5,Champions,7123.620000000001
16874,2010-11-01,2010-11-25 13:08:00,2010-11-25 13:08:00,1,209.88999999999996,379,1,209.88999999999996,2,2,1,2,Hibernating,0.0
16875,2010-01-01,2010-01-05 09:16:00,2011-10-03 13:39:00,11,4234.53,67,11,4234.53,3,5,5,5,Loyal,2095.5299999999997
16876,2010-11-01,2010-11-01 11:59:00,2010-11-01 11:59:00,1,136.01000000000005,403,1,136.01000000000005,2,2,1,2,Hibernating,0.0
16877,2011-05-01,2011-05-15 16:13:00,2011-11-27 13:47:00,6,846.6200000000001,12,6,846.6200000000001,5,4,3,4,Champions,846.62
16878,2011-09-01,2011-09-16 17:39:00,2011-09-16 17:39:00,1,13.3,84,1,13.3,3,2,1,2,Need Attention,13.3
16880,2010-08-01,2010-08-03 13:54:00,2011-11-09 11:33:00,8,1813.21,30,8,1813.21,4,5,4,4,Champions,1491.43
16881,2011-10-01,2011-10-04 10:33:00,2011-10-04 10:33:00,1,432.0,66,1,432.0,3,2,2,2,Need Attention,432.0
16882,2011-01-01,2011-01-26 17:43:00,2011-10-04 10:42:00,3,705.1199999999999,66,3,705.1199999999999,3,3,3,3,Loyal,705.1199999999999
16883,2009-12-01,2009-12-04 12:07:00,2011-06-05 12:51:00,19,2246.06,187,19,2246.06,2,5,4,4,At Risk – High Value,144.45
16884,2010-05-01,2010-05-18 12:00:00,2011-11-02 11:52:00,4,1070.9699999999998,37,4,1070.9699999999998,4,4,3,4,Champions,429.84000000000003
16885,2010-11-01,2010-11-19 12:51:00,2011-11-24 13:40:00,4,683.3499999999999,15,4,683.3499999999999,5,4,3,4,Champions,450.40999999999997
16886,2010-09-01,2010-09-09 15:08:00,2010-09-09 15:08:00,1,134.0,456,1,134.0,1,2,1,2,Lost,0.0
16887,2009-12-01,2009-12-01 13:41:00,2011-11-04 14:07:00,3,658.1700000000001,35,3,658.1700000000001,4,3,3,3,Loyal,192.32999999999998
16888,2010-01-01,2010-01-07 13:07:00,2010-11-04 12:39:00,3,434.2,400,3,434.2,2,3,2,2,Hibernating,0.0
16889,2010-05-01,2010-05-23 10:46:00,2011-05-29 11:05:00,6,2526.65,194,6,2526.65,2,4,4,4,At Risk – High Value,1578.67
16890,2010-05-01,2010-05-06 16:27:00,2010-08-20 11:23:00,3,277.90999999999997,476,3,277.90999999999997,1,3,1,2,Lost,0.0
16891,2009-12-01,2009-12-04 12:37:00,2011-12-08 11:15:00,11,1727.94,1,11,1727.94,5,5,4,4,Champions,525.1700000000001
16892,2009-12-01,2009-12-08 14:20:00,2011-12-08 13:18:00,7,754.75,1,7,754.75,5,4,3,4,Champions,518.1899999999999
16893,2010-11-01,2010-11-28 15:14:00,2010-12-08 12:06:00,2,249.47000000000003,366,2,249.47000000000003,2,3,1,2,Hibernating,0.0
16894,2010-06-01,2010-06-22 14:21:00,2010-07-25 15:43:00,3,1306.9600000000014,502,3,1306.9600000000014,1,3,4,4,At Risk – High Value,0.0
16895,2010-02-01,2010-02-12 11:07:00,2011-10-06 12:15:00,5,1102.9,64,5,1102.9,3,4,3,4,Loyal,202.26999999999995
16896,2010-06-01,2010-06-02 15:40:00,2010-06-02 15:40:00,1,103.95000000000002,555,1,103.95000000000002,1,2,1,2,Lost,0.0
16897,2011-01-01,2011-01-30 11:52:00,2011-02-13 15:02:00,2,289.7800000000001,299,2,289.7800000000001,2,3,2,2,Hibernating,289.7800000000001
16898,2010-05-01,2010-05-12 12:18:00,2011-11-13 15:44:00,5,885.2100000000002,26,5,885.2100000000002,4,4,3,4,Champions,388.95000000000016
16899,2010-11-01,2010-11-07 15:00:00,2011-12-02 12:03:00,8,1695.77,7,8,1695.77,5,5,4,4,Champions,1271.06
16900,2011-10-01,2011-10-07 13:17:00,2011-11-23 10:32:00,3,882.1600000000003,16,3,882.1600000000003,5,3,3,3,Loyal,882.1600000000003
16901,2009-12-01,2009-12-10 16:30:00,2009-12-10 16:30:00,1,204.26000000000002,729,1,204.26000000000002,1,2,1,2,Lost,0.0
16902,2011-08-01,2011-08-15 14:17:00,2011-08-15 14:17:00,1,1706.88,116,1,1706.88,3,2,4,3,Loyal,1706.88
16903,2010-10-01,2010-10-20 14:42:00,2011-11-10 15:32:00,3,1041.75,29,3,1041.75,4,3,3,3,Loyal,363.20000000000005
16904,2010-10-01,2010-10-24 16:03:00,2011-12-05 13:10:00,20,4656.5599999999995,4,20,4656.5599999999995,5,5,5,5,Champions,3296.25
16905,2009-12-01,2009-12-10 20:04:00,2011-12-04 14:01:00,17,4704.2699999999995,5,17,4704.2699999999995,5,5,5,5,Champions,2783.2
16906,2010-05-01,2010-05-13 13:23:00,2011-09-19 11:49:00,7,1410.0699999999997,81,7,1410.0699999999997,3,4,4,4,Loyal,559.5899999999999
16907,2010-07-01,2010-07-01 17:30:00,2011-11-10 18:04:00,9,1470.89,29,9,1470.89,4,5,4,4,Champions,748.84
16908,2009-12-01,2009-12-17 13:35:00,2009-12-17 13:35:00,1,252.59,722,1,252.59,1,2,1,2,Lost,0.0
16909,2011-09-01,2011-09-28 16:45:00,2011-09-28 16:45:00,1,379.14000000000004,72,1,379.14000000000004,3,2,2,2,Need Attention,379.14000000000004
16910,2011-09-01,2011-09-09 14:14:00,2011-12-05 12:51:00,8,1508.96,4,8,1508.96,5,5,4,4,Champions,1508.9599999999998
16911,2010-02-01,2010-02-16 16:12:00,2010-03-14 12:18:00,2,255.25,635,2,255.25,1,3,1,2,Lost,0.0
16912,2009-12-01,2009-12-09 12:32:00,2011-11-11 12:18:00,15,4460.51,28,15,4460.51,4,5,5,5,Champions,2555.58
16913,2010-02-01,2010-02-26 12:06:00,2011-02-22 12:56:00,3,423.91,290,3,423.91,2,3,2,2,Hibernating,113.44000000000001
16914,2011-11-01,2011-11-03 15:27:00,2011-11-03 15:27:00,1,183.75999999999996,36,1,183.75999999999996,4,2,1,2,New & Promising,183.75999999999996
16915,2010-05-01,2010-05-19 13:32:00,2011-11-30 16:39:00,11,1543.18,9,11,1543.18,5,5,4,4,Champions,621.6800000000001
16916,2010-10-01,2010-10-20 12:56:00,2011-11-16 12:08:00,4,896.12,23,4,896.12,4,4,3,4,Champions,365.9800000000001
16917,2010-03-01,2010-03-17 15:24:00,2011-03-08 11:55:00,2,1851.88,276,2,1851.88,2,3,4,4,At Risk – High Value,391.5200000000001
16918,2009-12-01,2009-12-03 12:27:00,2011-10-21 12:50:00,16,3206.54,49,16,3206.54,4,5,5,5,Champions,1068.82
16919,2010-08-01,2010-08-19 15:28:00,2011-07-06 13:35:00,24,4909.660000000001,156,24,4909.660000000001,3,5,5,5,Loyal,2393.9
16920,2010-10-01,2010-10-24 14:07:00,2010-10-24 14:07:00,1,355.45,411,1,355.45,1,2,2,2,Lost,0.0
16921,2010-04-01,2010-04-18 15:34:00,2011-10-09 16:22:00,3,409.21000000000004,61,3,409.21000000000004,3,3,2,2,Need Attention,154.18000000000004
16922,2010-05-01,2010-05-16 11:24:00,2010-05-16 11:24:00,1,611.0800000000008,572,1,611.0800000000008,1,2,3,2,Lost,0.0
16923,2010-01-01,2010-01-31 11:14:00,2011-11-27 13:00:00,32,13157.13,12,32,13157.13,5,5,5,5,Champions,7069.08
16924,2011-09-01,2011-09-16 12:54:00,2011-11-18 12:53:00,3,829.89,21,3,829.89,4,3,3,3,Loyal,829.8900000000001
16925,2010-06-01,2010-06-17 15:03:00,2010-06-17 15:03:00,1,125.65,540,1,125.65,1,2,1,2,Lost,0.0
16926,2010-07-01,2010-07-01 12:57:00,2010-12-03 13:42:00,5,1169.6100000000001,371,5,1169.6100000000001,2,4,3,4,At Risk – High Value,0.0
16927,2010-12-01,2010-12-13 11:57:00,2011-08-16 11:10:00,3,543.05,115,3,543.05,3,3,2,2,Need Attention,543.05
16928,2010-02-01,2010-02-03 12:30:00,2011-09-20 15:10:00,26,3798.08,80,26,3798.08,3,5,5,5,Loyal,2690.5
16929,2011-07-01,2011-07-07 12:39:00,2011-12-06 08:37:00,7,1295.3899999999999,3,7,1295.3899999999999,5,4,4,4,Champions,1295.3899999999999
16930,2011-10-01,2011-10-02 14:25:00,2011-11-13 16:13:00,3,378.8900000000001,26,3,378.8900000000001,4,3,2,2,New & Promising,378.8900000000001
16931,2010-11-01,2010-11-07 13:24:00,2011-12-04 13:15:00,23,5032.219999999999,5,23,5032.219999999999,5,5,5,5,Champions,4402.82
16932,2010-05-01,2010-05-17 14:15:00,2011-10-17 14:12:00,3,412.55000000000007,53,3,412.55000000000007,4,3,2,2,New & Promising,150.23
16933,2009-12-01,2009-12-09 15:03:00,2011-12-08 12:54:00,9,3099.2999999999997,1,9,3099.2999999999997,5,5,5,5,Champions,563.2300000000001
16934,2010-03-01,2010-03-28 12:43:00,2011-10-16 12:40:00,6,2083.14,54,6,2083.14,4,4,4,4,Champions,931.03
16935,2010-10-01,2010-10-14 13:09:00,2010-11-23 09:16:00,3,530.86,381,3,530.86,2,3,2,2,Hibernating,0.0
16936,2010-11-01,2010-11-19 11:54:00,2011-11-14 11:04:00,2,548.2900000000001,25,2,548.2900000000001,4,3,2,2,New & Promising,261.90000000000003
16937,2010-07-01,2010-07-28 17:56:00,2010-07-28 17:56:00,1,196.25000000000003,499,1,196.25000000000003,1,2,1,2,Lost,0.0
16938,2010-02-01,2010-02-17 14:47:00,2011-12-01 10:20:00,9,6995.360000000001,8,9,6995.360000000001,5,5,5,5,Champions,2711.6800000000017
16939,2010-02-01,2010-02-28 13:33:00,2010-08-08 12:24:00,3,433.85,488,3,433.85,1,3,2,2,Lost,0.0
16940,2009-12-01,2009-12-08 13:08:00,2011-10-18 13:15:00,8,6427.66,52,8,6427.66,4,5,5,5,Champions,3049.879999999999
16941,2010-04-01,2010-04-07 11:13:00,2010-04-07 11:13:00,1,33.0,611,1,33.0,1,2,1,2,Lost,0.0
16942,2011-04-01,2011-04-26 11:59:00,2011-11-27 12:40:00,9,1904.99,12,9,1904.99,5,5,4,4,Champions,1904.99
16943,2011-01-01,2011-01-25 14:00:00,2011-05-12 11:57:00,3,816.73,211,3,816.73,2,3,3,3,At Risk,816.73
16944,2010-04-01,2010-04-09 11:03:00,2010-04-09 11:03:00,1,101.36,609,1,101.36,1,2,1,2,Lost,0.0
16945,2009-12-01,2009-12-09 11:33:00,2011-11-18 11:39:00,33,8548.16,21,33,8548.16,4,5,5,5,Champions,4345.500000000001
16946,2010-03-01,2010-03-02 10:49:00,2010-11-21 14:06:00,5,1222.04,383,5,1222.04,2,4,4,4,At Risk – High Value,0.0
16947,2010-03-01,2010-03-03 10:54:00,2011-04-18 09:38:00,4,946.7100000000002,235,4,946.7100000000002,2,4,3,4,At Risk – High Value,406.48000000000013
16948,2010-02-01,2010-02-21 13:48:00,2011-07-24 12:46:00,7,868.7700000000001,138,7,868.7700000000001,3,4,3,4,Loyal,435.02000000000004
16949,2011-01-01,2011-01-27 12:11:00,2011-12-06 11:07:00,6,1286.2700000000002,3,6,1286.2700000000002,5,4,4,4,Champions,1286.2700000000002
16950,2010-01-01,2010-01-24 11:26:00,2011-10-14 09:06:00,10,3533.77,56,10,3533.77,4,5,5,5,Champions,1006.56
16951,2011-02-01,2011-02-08 14:58:00,2011-07-28 12:05:00,3,1277.750000000001,134,3,1277.750000000001,3,3,4,4,Loyal,1277.750000000001
16952,2009-12-01,2009-12-11 13:52:00,2011-08-22 13:03:00,5,795.83,109,5,795.83,3,4,3,4,Loyal,167.61
16953,2011-11-01,2011-11-09 15:54:00,2011-11-09 15:54:00,1,20.8,30,1,20.8,4,2,1,2,New & Promising,20.8
16954,2010-01-01,2010-01-18 14:49:00,2011-12-09 09:46:00,20,6081.880000000001,0,20,6081.880000000001,5,5,5,5,Champions,2085.08
16955,2010-01-01,2010-01-31 11:38:00,2011-06-08 10:36:00,6,1120.31,184,6,1120.31,3,4,3,4,Loyal,329.57
16956,2011-11-01,2011-11-22 08:56:00,2011-11-22 08:56:00,1,308.74,17,1,308.74,5,2,2,2,New & Promising,308.74
16957,2011-03-01,2011-03-03 09:25:00,2011-04-14 13:56:00,2,416.64,239,2,416.64,2,3,2,2,Hibernating,416.64
16958,2010-09-01,2010-09-30 14:25:00,2010-09-30 14:25:00,1,778.4899999999999,435,1,778.4899999999999,1,2,3,2,Lost,0.0
16959,2011-09-01,2011-09-13 15:03:00,2011-09-13 15:03:00,1,117.35000000000001,87,1,117.35000000000001,3,2,1,2,Need Attention,117.35000000000001
16960,2010-03-01,2010-03-02 13:36:00,2011-11-01 11:35:00,8,1988.9299999999998,38,8,1988.9299999999998,4,5,4,4,Champions,505.1
16961,2010-06-01,2010-06-25 14:36:00,2011-08-15 13:46:00,3,794.5599999999998,116,3,794.5599999999998,3,3,3,3,Loyal,234.17
16962,2010-10-01,2010-10-26 11:36:00,2010-10-26 11:36:00,1,251.03999999999996,409,1,251.03999999999996,1,2,1,2,Lost,0.0
16963,2011-06-01,2011-06-05 13:48:00,2011-06-05 13:48:00,1,110.55000000000001,187,1,110.55000000000001,2,2,1,2,Hibernating,110.55000000000001
16964,2009-12-01,2009-12-06 12:51:00,2009-12-06 12:53:00,2,207.85,733,2,207.85,1,3,1,2,Lost,0.0
16965,2011-04-01,2011-04-27 12:08:00,2011-04-27 12:08:00,1,192.06999999999996,226,1,192.06999999999996,2,2,1,2,Hibernating,192.06999999999996
16966,2011-04-01,2011-04-13 14:17:00,2011-12-01 13:40:00,7,2154.97,8,7,2154.97,5,4,4,4,Champions,2154.97
16967,2011-06-01,2011-06-03 14:24:00,2011-06-03 14:24:00,1,319.0199999999999,189,1,319.0199999999999,2,2,2,2,Hibernating,319.0199999999999
16968,2011-08-01,2011-08-24 10:51:00,2011-12-05 15:02:00,2,439.43000000000006,4,2,439.43000000000006,5,3,2,2,New & Promising,439.43000000000006
16969,2011-06-01,2011-06-01 12:10:00,2011-10-31 13:12:00,3,650.4099999999999,39,3,650.4099999999999,4,3,3,3,Loyal,650.41
16970,2010-03-01,2010-03-23 13:50:00,2010-03-23 13:50:00,1,71.4,626,1,71.4,1,2,1,2,Lost,0.0
16971,2011-11-01,2011-11-01 15:06:00,2011-11-01 15:06:00,1,357.20999999999987,38,1,357.20999999999987,4,2,2,2,New & Promising,357.20999999999987
16972,2010-09-01,2010-09-09 11:20:00,2010-11-22 10:59:00,2,748.9999999999998,382,2,748.9999999999998,2,3,3,3,At Risk,0.0
16973,2010-11-01,2010-11-18 13:56:00,2010-11-18 13:56:00,1,127.0,386,1,127.0,2,2,1,2,Hibernating,0.0
16974,2010-05-01,2010-05-24 10:43:00,2010-07-05 10:18:00,2,365.5,522,2,365.5,1,3,2,2,Lost,0.0
16975,2010-07-01,2010-07-22 11:38:00,2010-10-12 17:53:00,3,926.1200000000001,423,3,926.1200000000001,1,3,3,3,At Risk,0.0
16976,2011-03-01,2011-03-17 16:33:00,2011-03-17 16:33:00,1,251.51999999999998,267,1,251.51999999999998,2,2,1,2,Hibernating,251.51999999999998
16977,2010-03-01,2010-03-18 11:06:00,2010-11-09 13:17:00,4,496.0,395,4,496.0,2,4,2,3,At Risk,0.0
16978,2010-02-01,2010-02-11 16:27:00,2011-09-23 12:50:00,3,768.8799999999999,77,3,768.8799999999999,3,3,3,3,Loyal,344.33
16979,2010-09-01,2010-09-15 14:30:00,2011-12-06 12:21:00,9,2859.74,3,9,2859.74,5,5,4,4,Champions,1852.0
16980,2010-10-01,2010-10-07 14:05:00,2011-03-29 16:36:00,3,1422.8300000000004,255,3,1422.8300000000004,2,3,4,4,At Risk – High Value,1028.4600000000003
16982,2011-10-01,2011-10-10 12:28:00,2011-10-10 12:28:00,1,384.06,60,1,384.06,3,2,2,2,Need Attention,384.06
16983,2010-09-01,2010-09-19 12:38:00,2011-11-27 12:10:00,11,3490.53,12,11,3490.53,5,5,5,5,Champions,1742.38
16984,2010-03-01,2010-03-07 15:34:00,2011-09-12 13:43:00,9,10350.53,88,9,10350.53,3,5,5,5,Loyal,4459.519999999998
16985,2009-12-01,2009-12-10 13:34:00,2011-11-22 13:33:00,23,10923.16,17,23,10923.16,5,5,5,5,Champions,5464.12
16986,2010-02-01,2010-02-04 14:46:00,2011-11-10 11:55:00,11,4888.75,29,11,4888.75,4,5,5,5,Champions,1873.2
16987,2009-12-01,2009-12-02 14:34:00,2011-12-06 17:26:00,11,2499.45,3,11,2499.45,5,5,4,4,Champions,1616.8
16988,2010-11-01,2010-11-25 09:22:00,2011-12-04 16:02:00,2,382.67,5,2,382.67,5,3,2,2,New & Promising,126.12
16989,2011-07-01,2011-07-12 09:11:00,2011-12-02 16:39:00,6,1133.25,7,6,1133.25,5,4,3,4,Champions,1133.25
16990,2010-10-01,2010-10-13 11:42:00,2011-05-05 08:30:00,2,344.0,218,2,344.0,2,3,2,2,Hibernating,179.0
16991,2010-10-01,2010-10-14 14:08:00,2010-10-14 14:08:00,1,1041.2099999999996,421,1,1041.2099999999996,1,2,3,2,Lost,0.0
16992,2010-02-01,2010-02-11 12:36:00,2011-11-29 11:50:00,13,5476.5,10,13,5476.5,5,5,5,5,Champions,1614.31
16993,2010-05-01,2010-05-12 13:55:00,2010-09-02 12:16:00,2,1950.95,463,2,1950.95,1,3,4,4,At Risk – High Value,0.0
16996,2010-10-01,2010-10-18 12:24:00,2011-11-09 16:43:00,9,2123.61,30,9,2123.61,4,5,4,4,Champions,1456.96
16997,2011-01-01,2011-01-18 11:51:00,2011-02-24 17:28:00,3,702.0,288,3,702.0,2,3,3,3,At Risk,702.0
16998,2010-09-01,2010-09-21 14:39:00,2011-07-13 09:44:00,5,402.0,149,5,402.0,3,4,2,3,Loyal,295.0
16999,2011-09-01,2011-09-26 15:43:00,2011-11-16 13:53:00,2,484.82,23,2,484.82,4,3,2,2,New & Promising,484.82
17000,2010-10-01,2010-10-27 14:16:00,2010-11-08 13:35:00,2,406.29999999999995,396,2,406.29999999999995,2,3,2,2,Hibernating,0.0
17001,2010-03-01,2010-03-25 12:41:00,2011-12-09 09:38:00,19,6640.799999999999,0,19,6640.799999999999,5,5,5,5,Champions,3989.5699999999997
17002,2010-03-01,2010-03-08 15:46:00,2011-09-15 12:40:00,7,2571.55,85,7,2571.55,3,4,4,4,Loyal,1493.7300000000002
17003,2010-05-01,2010-05-10 11:20:00,2010-11-02 13:15:00,4,828.2099999999998,402,4,828.2099999999998,2,4,3,4,At Risk – High Value,0.0
17004,2010-10-01,2010-10-11 15:43:00,2011-10-24 14:25:00,4,2324.3599999999997,46,4,2324.3599999999997,4,4,4,4,Champions,1312.1399999999996
17005,2010-04-01,2010-04-30 10:55:00,2010-08-26 10:57:00,2,622.36,470,2,622.36,1,3,3,3,At Risk,0.0
17006,2010-03-01,2010-03-05 13:33:00,2011-12-05 12:09:00,8,1635.27,4,8,1635.27,5,5,4,4,Champions,781.78
17007,2010-09-01,2010-09-28 13:51:00,2011-10-20 10:47:00,7,1120.1,50,7,1120.1,4,4,3,4,Champions,889.9300000000001
17008,2010-10-01,2010-10-06 15:19:00,2010-10-06 15:19:00,1,81.36,429,1,81.36,1,2,1,2,Lost,0.0
17009,2010-06-01,2010-06-06 16:01:00,2010-06-06 16:01:00,1,242.05999999999997,551,1,242.05999999999997,1,2,1,2,Lost,0.0
17010,2011-11-01,2011-11-21 14:49:00,2011-11-21 14:49:00,1,195.36,18,1,195.36,5,2,1,2,New & Promising,195.36
17011,2010-02-01,2010-02-26 09:47:00,2011-11-09 13:30:00,3,671.7,30,3,671.7,4,3,3,3,Loyal,270.90000000000003
17012,2009-12-01,2009-12-14 17:34:00,2009-12-14 17:34:00,1,360.60999999999996,725,1,360.60999999999996,1,2,2,2,Lost,0.0
17014,2011-10-01,2011-10-04 11:36:00,2011-12-01 14:09:00,3,583.4300000000001,8,3,583.4300000000001,5,3,2,2,New & Promising,583.4300000000001
17015,2011-06-01,2011-06-07 13:19:00,2011-11-11 10:45:00,3,1838.6100000000001,28,3,1838.6100000000001,4,3,4,4,Champions,1838.6100000000001
17016,2010-05-01,2010-05-12 12:32:00,2010-05-12 12:32:00,1,552.4,576,1,552.4,1,2,2,2,Lost,0.0
17017,2009-12-01,2009-12-03 13:22:00,2011-12-07 09:32:00,29,12576.990000000002,2,29,12576.990000000002,5,5,5,5,Champions,7160.639999999999
17018,2009-12-01,2009-12-05 10:27:00,2011-10-30 11:42:00,6,2287.7,40,6,2287.7,4,4,4,4,Champions,920.1
17019,2009-12-01,2009-12-02 11:52:00,2011-11-28 13:06:00,11,3586.99,11,11,3586.99,5,5,5,5,Champions,899.26
17020,2010-03-01,2010-03-03 12:27:00,2010-06-15 13:06:00,2,935.6199999999999,542,2,935.6199999999999,1,3,3,3,At Risk,0.0
17021,2010-04-01,2010-04-29 20:05:00,2010-09-23 20:01:00,6,1182.22,442,6,1182.22,1,4,3,4,At Risk – High Value,0.0
17022,2010-10-01,2010-10-03 10:27:00,2011-11-08 17:09:00,2,260.0,31,2,260.0,4,3,1,2,New & Promising,71.0
17023,2010-01-01,2010-01-11 15:09:00,2010-10-18 15:37:00,3,800.18,417,3,800.18,1,3,3,3,At Risk,0.0
17024,2011-07-01,2011-07-05 09:31:00,2011-10-25 13:47:00,3,95.85,45,3,95.85,4,3,1,2,New & Promising,95.85
17025,2010-03-01,2010-03-08 13:37:00,2011-10-10 09:06:00,5,1349.67,60,5,1349.67,3,4,4,4,Loyal,196.8
17026,2010-10-01,2010-10-18 15:22:00,2011-06-07 14:28:00,3,175.83,185,3,175.83,3,3,1,2,Need Attention,121.67999999999999
17027,2009-12-01,2009-12-10 12:10:00,2011-09-22 12:24:00,9,1310.6299999999999,78,9,1310.6299999999999,3,5,4,4,Loyal,877.5599999999998
17028,2009-12-01,2009-12-18 14:28:00,2010-05-07 15:33:00,3,1593.8300000000002,581,3,1593.8300000000002,1,3,4,4,At Risk – High Value,0.0
17029,2010-02-01,2010-02-14 10:19:00,2011-08-21 11:06:00,7,2137.3,110,7,2137.3,3,4,4,4,Loyal,716.0
17030,2011-10-01,2011-10-07 08:49:00,2011-10-07 08:49:00,1,146.87,63,1,146.87,3,2,1,2,Need Attention,146.87
17031,2010-05-01,2010-05-07 14:52:00,2011-11-28 10:23:00,6,2773.85,11,6,2773.85,5,4,4,4,Champions,380.35
17032,2009-12-01,2009-12-10 15:36:00,2010-04-15 14:14:00,5,2896.6899999999996,603,5,2896.6899999999996,1,4,5,4,At Risk – High Value,0.0
17033,2010-11-01,2010-11-07 12:55:00,2011-09-14 14:34:00,4,1332.79,86,4,1332.79,3,4,4,4,Loyal,1030.1399999999999
17034,2010-07-01,2010-07-14 12:55:00,2011-11-23 15:14:00,5,1276.4199999999998,16,5,1276.4199999999998,5,4,4,4,Champions,745.52
17035,2009-12-01,2009-12-03 10:37:00,2011-04-08 11:23:00,4,613.59,245,4,613.59,2,4,3,4,At Risk – High Value,433.53000000000003
17036,2010-11-01,2010-11-21 14:26:00,2010-11-21 14:26:00,1,176.9,383,1,176.9,2,2,1,2,Hibernating,0.0
17037,2011-09-01,2011-09-13 12:49:00,2011-09-13 12:49:00,1,1267.3199999999997,87,1,1267.3199999999997,3,2,4,3,Loyal,1267.3199999999997
17038,2010-10-01,2010-10-20 16:04:00,2011-11-09 13:50:00,2,743.1700000000001,30,2,743.1700000000001,4,3,3,3,Loyal,112.40000000000003
17039,2010-04-01,2010-04-14 12:56:00,2010-04-14 12:56:00,1,1954.99,604,1,1954.99,1,2,4,3,At Risk,0.0
17040,2010-06-01,2010-06-07 15:08:00,2011-07-25 10:19:00,2,463.2499999999999,137,2,463.2499999999999,3,3,2,2,Need Attention,449.7299999999999
17041,2010-04-01,2010-04-18 14:25:00,2011-11-13 11:21:00,6,1655.2,26,6,1655.2,4,4,4,4,Champions,1071.4899999999998
17042,2011-04-01,2011-04-06 14:53:00,2011-12-07 12:26:00,5,1036.58,2,5,1036.58,5,4,3,4,Champions,1036.58
17043,2009-12-01,2009-12-09 15:20:00,2011-11-07 15:33:00,8,2593.6499999999996,32,8,2593.6499999999996,4,5,4,4,Champions,1735.1799999999998
17044,2009-12-01,2009-12-07 12:25:00,2011-11-14 14:28:00,12,11962.300000000001,25,12,11962.300000000001,4,5,5,5,Champions,948.48
17045,2010-10-01,2010-10-06 14:52:00,2011-08-18 17:09:00,5,827.6800000000001,113,5,827.6800000000001,3,4,3,4,Loyal,339.43999999999994
17046,2010-03-01,2010-03-29 13:46:00,2011-07-05 14:24:00,5,1906.07,157,5,1906.07,3,4,4,4,Loyal,642.0199999999999
17047,2009-12-01,2009-12-08 08:48:00,2011-09-15 13:27:00,6,2289.23,85,6,2289.23,3,4,4,4,Loyal,1100.8999999999999
17048,2010-01-01,2010-01-18 13:55:00,2011-08-14 11:49:00,7,2071.6800000000003,117,7,2071.6800000000003,3,4,4,4,Loyal,925.35
17049,2010-03-01,2010-03-04 10:23:00,2011-12-07 10:48:00,19,9942.53,2,19,9942.53,5,5,5,5,Champions,5655.030000000001
17050,2010-01-01,2010-01-26 14:54:00,2011-09-04 13:48:00,10,4348.46,96,10,4348.46,3,5,5,5,Loyal,3185.6399999999994
17051,2010-03-01,2010-03-21 14:55:00,2011-05-29 14:13:00,4,706.4899999999999,194,4,706.4899999999999,2,4,3,4,At Risk – High Value,240.89
17052,2011-11-01,2011-11-11 14:50:00,2011-11-11 14:50:00,1,399.09,28,1,399.09,4,2,2,2,New & Promising,399.09
17053,2011-08-01,2011-08-01 10:23:00,2011-08-01 10:23:00,1,498.47999999999996,130,1,498.47999999999996,3,2,2,2,Need Attention,498.47999999999996
17054,2011-04-01,2011-04-08 13:14:00,2011-11-11 12:56:00,5,1356.33,28,5,1356.33,4,4,4,4,Champions,1356.33
17055,2010-09-01,2010-09-20 12:21:00,2010-09-20 12:21:00,1,232.85000000000002,445,1,232.85000000000002,1,2,1,2,Lost,0.0
17056,2009-12-01,2009-12-01 12:55:00,2009-12-01 12:55:00,1,128.60000000000002,738,1,128.60000000000002,1,2,1,2,Lost,0.0
17057,2010-04-01,2010-04-22 19:21:00,2010-04-22 19:21:00,1,288.79,596,1,288.79,1,2,2,2,Lost,0.0
17058,2011-04-01,2011-04-14 09:18:00,2011-09-19 10:13:00,3,1179.8900000000003,81,3,1179.8900000000003,3,3,3,3,Loyal,1179.89
17059,2010-01-01,2010-01-26 14:43:00,2011-11-10 12:27:00,9,4864.57,29,9,4864.57,4,5,5,5,Champions,2358.0300000000007
17060,2011-03-01,2011-03-18 13:27:00,2011-03-18 13:27:00,1,234.24,266,1,234.24,2,2,1,2,Hibernating,234.24
17061,2011-04-01,2011-04-21 13:29:00,2011-09-27 11:24:00,11,5232.2300000000005,73,11,5232.2300000000005,3,5,5,5,Loyal,5232.2300000000005
17062,2010-09-01,2010-09-26 11:57:00,2011-01-30 11:01:00,6,884.71,313,6,884.71,2,4,3,4,At Risk – High Value,243.94
17063,2009-12-01,2009-12-01 12:36:00,2011-11-18 16:19:00,13,3638.5299999999997,21,13,3638.5299999999997,4,5,5,5,Champions,1461.14
17064,2011-01-01,2011-01-16 16:10:00,2011-10-12 10:18:00,3,855.45,58,3,855.45,4,3,3,3,Loyal,855.45
17065,2010-03-01,2010-03-12 11:40:00,2010-03-12 11:41:00,2,194.7,637,2,194.7,1,3,1,2,Lost,0.0
17066,2009-12-01,2009-12-13 13:24:00,2009-12-13 13:24:00,1,228.34000000000003,726,1,228.34000000000003,1,2,1,2,Lost,0.0
17067,2009-12-01,2009-12-08 12:03:00,2009-12-15 08:39:00,3,454.53999999999996,724,3,454.53999999999996,1,3,2,2,Lost,0.0
17068,2010-03-01,2010-03-28 14:26:00,2011-11-27 13:14:00,47,8980.18,12,47,8980.18,5,5,5,5,Champions,4385.990000000001
17069,2009-12-01,2009-12-03 12:27:00,2011-11-11 17:13:00,14,5517.23,28,14,5517.23,4,5,5,5,Champions,2432.65
17070,2010-10-01,2010-10-25 15:57:00,2011-08-17 17:01:00,2,437.41999999999996,114,2,437.41999999999996,3,3,2,2,Need Attention,304.23999999999995
17071,2010-01-01,2010-01-24 13:05:00,2011-11-11 16:31:00,13,3793.71,28,13,3793.71,4,5,5,5,Champions,2429.03
17072,2010-03-01,2010-03-24 16:33:00,2010-03-24 16:33:00,1,273.34999999999997,625,1,273.34999999999997,1,2,1,2,Lost,0.0
17073,2011-08-01,2011-08-22 14:37:00,2011-11-22 11:47:00,4,1444.8399999999997,17,4,1444.8399999999997,5,4,4,4,Champions,1444.8399999999997
17074,2010-05-01,2010-05-26 12:04:00,2010-05-26 12:04:00,1,203.05,562,1,203.05,1,2,1,2,Lost,0.0
17075,2009-12-01,2009-12-14 11:24:00,2011-11-22 11:58:00,10,2236.63,17,10,2236.63,5,5,4,4,Champions,834.1199999999999
17076,2009-12-01,2009-12-04 12:12:00,2011-11-03 17:53:00,6,1242.75,36,6,1242.75,4,4,4,4,Champions,841.0799999999999
17077,2010-05-01,2010-05-10 16:36:00,2010-05-10 16:36:00,1,306.0,578,1,306.0,1,2,2,2,Lost,0.0
17078,2011-11-01,2011-11-03 18:49:00,2011-11-03 19:17:00,2,375.86000000000007,36,2,375.86000000000007,4,3,2,2,New & Promising,375.86000000000007
17079,2011-09-01,2011-09-22 15:34:00,2011-09-22 15:34:00,1,118.80000000000001,78,1,118.80000000000001,3,2,1,2,Need Attention,118.80000000000001
17080,2010-07-01,2010-07-01 16:03:00,2011-11-17 12:59:00,7,957.53,22,7,957.53,4,4,3,4,Champions,287.62
17081,2010-02-01,2010-02-22 13:19:00,2011-11-14 12:56:00,6,949.3899999999999,25,6,949.3899999999999,4,4,3,4,Champions,288.90999999999997
17082,2009-12-01,2009-12-15 11:25:00,2011-11-06 15:17:00,6,4732.030000000001,33,6,4732.030000000001,4,4,5,4,Champions,2003.85
17083,2010-02-01,2010-02-09 11:46:00,2011-08-22 15:43:00,9,4049.7900000000004,109,9,4049.7900000000004,3,5,5,5,Loyal,1405.7799999999997
17084,2010-11-01,2010-11-08 14:20:00,2011-11-04 14:54:00,3,5001.21,35,3,5001.21,4,3,5,4,Champions,2747.99
17085,2009-12-01,2009-12-06 12:16:00,2011-08-08 14:15:00,28,7839.27,123,28,7839.27,3,5,5,5,Loyal,1562.4
17086,2011-10-01,2011-10-07 11:22:00,2011-12-02 13:54:00,6,2050.08,7,6,2050.08,5,4,4,4,Champions,2050.08
17087,2009-12-01,2009-12-02 10:41:00,2009-12-02 10:41:00,1,221.53,737,1,221.53,1,2,1,2,Lost,0.0
17088,2011-03-01,2011-03-31 09:48:00,2011-11-11 14:23:00,4,1991.0099999999998,28,4,1991.0099999999998,4,4,4,4,Champions,1991.01
17089,2010-11-01,2010-11-18 15:33:00,2010-11-18 15:33:00,1,128.45,386,1,128.45,2,2,1,2,Hibernating,0.0
17090,2010-07-01,2010-07-19 16:02:00,2011-12-05 13:44:00,13,3080.1800000000003,4,13,3080.1800000000003,5,5,5,5,Champions,1974.65
17091,2009-12-01,2009-12-16 15:45:00,2011-12-07 10:43:00,19,7495.75,2,19,7495.75,5,5,5,5,Champions,3534.31
17092,2010-02-01,2010-02-02 16:42:00,2011-10-20 19:51:00,11,5511.41,50,11,5511.41,4,5,5,5,Champions,1774.0299999999997
17093,2010-04-01,2010-04-26 10:22:00,2010-04-26 10:22:00,1,235.88,592,1,235.88,1,2,1,2,Lost,0.0
17094,2010-10-01,2010-10-12 10:48:00,2011-01-21 13:09:00,2,402.19999999999993,322,2,402.19999999999993,2,3,2,2,Hibernating,301.99999999999994
17095,2009-12-01,2009-12-15 12:32:00,2011-11-17 12:21:00,7,2572.2499999999995,22,7,2572.2499999999995,4,4,4,4,Champions,1324.1599999999996
17096,2010-06-01,2010-06-02 14:48:00,2011-11-24 15:01:00,11,3697.9300000000003,15,11,3697.9300000000003,5,5,5,5,Champions,1022.13
17097,2010-10-01,2010-10-05 14:09:00,2011-12-07 17:05:00,9,1143.3600000000001,2,9,1143.3600000000001,5,5,3,4,Champions,779.7000000000002
17098,2010-06-01,2010-06-17 10:30:00,2010-11-23 12:13:00,3,591.0699999999999,381,3,591.0699999999999,2,3,2,2,Hibernating,0.0
17099,2010-06-01,2010-06-24 16:25:00,2010-06-24 16:25:00,1,582.1700000000001,533,1,582.1700000000001,1,2,2,2,Lost,0.0
17100,2011-11-01,2011-11-21 16:36:00,2011-11-21 16:36:00,2,971.74,18,2,971.74,5,3,3,3,Loyal,971.74
17101,2010-06-01,2010-06-07 15:12:00,2011-11-29 13:57:00,7,2507.05,10,7,2507.05,5,4,4,4,Champions,1621.73
17102,2011-03-01,2011-03-23 10:08:00,2011-03-23 10:08:00,1,25.5,261,1,25.5,2,2,1,2,Hibernating,25.5
17103,2009-12-01,2009-12-17 14:08:00,2009-12-17 14:08:00,1,424.29999999999984,722,1,424.29999999999984,1,2,2,2,Lost,0.0
17104,2010-10-01,2010-10-12 12:21:00,2010-10-12 12:21:00,1,474.03000000000003,423,1,474.03000000000003,1,2,2,2,Lost,0.0
17105,2011-02-01,2011-02-06 14:46:00,2011-07-03 15:53:00,2,665.78,159,2,665.78,3,3,3,3,Loyal,665.78
17106,2010-11-01,2010-11-15 14:11:00,2010-11-15 14:11:00,1,481.57999999999987,389,1,481.57999999999987,2,2,2,2,Hibernating,0.0
17107,2010-01-01,2010-01-31 15:47:00,2011-11-06 14:14:00,10,16052.720000000001,33,10,16052.720000000001,4,5,5,5,Champions,10797.480000000001
17108,2010-02-01,2010-02-14 12:22:00,2010-02-14 12:22:00,1,174.95,663,1,174.95,1,2,1,2,Lost,0.0
17109,2010-07-01,2010-07-30 12:42:00,2011-11-10 16:59:00,8,1291.71,29,8,1291.71,4,5,4,4,Champions,881.29
17110,2010-04-01,2010-04-08 13:32:00,2011-06-27 12:58:00,3,499.9,165,3,499.9,3,3,2,2,Need Attention,163.29999999999998
17111,2010-10-01,2010-10-10 15:21:00,2011-10-23 15:59:00,2,459.58000000000004,47,2,459.58000000000004,4,3,2,2,New & Promising,231.60999999999999
17112,2010-07-01,2010-07-25 11:14:00,2010-07-25 11:14:00,1,197.57000000000002,502,1,197.57000000000002,1,2,1,2,Lost,0.0
17113,2010-01-01,2010-01-11 10:14:00,2010-05-14 13:59:00,6,2305.5899999999997,574,6,2305.5899999999997,1,4,4,4,At Risk – High Value,0.0
17114,2011-01-01,2011-01-09 11:39:00,2011-12-04 12:17:00,8,801.1200000000001,5,8,801.1200000000001,5,5,3,4,Champions,801.1200000000001
17115,2009-12-01,2009-12-05 12:13:00,2011-12-01 14:30:00,7,2761.49,8,7,2761.49,5,4,4,4,Champions,837.5000000000002
17116,2010-03-01,2010-03-01 16:29:00,2010-03-01 16:29:00,1,389.78000000000003,648,1,389.78000000000003,1,2,2,2,Lost,0.0
17117,2011-02-01,2011-02-24 13:54:00,2011-02-24 13:54:00,1,116.19999999999997,288,1,116.19999999999997,2,2,1,2,Hibernating,116.19999999999997
17118,2011-01-01,2011-01-26 12:19:00,2011-01-26 12:19:00,1,157.02,317,1,157.02,2,2,1,2,Hibernating,157.02
17119,2011-10-01,2011-10-11 11:03:00,2011-12-06 14:40:00,2,606.91,3,2,606.91,5,3,3,3,Loyal,606.91
17120,2011-04-01,2011-04-20 15:21:00,2011-04-20 15:21:00,1,307.46,233,1,307.46,2,2,2,2,Hibernating,307.46
17121,2010-11-01,2010-11-02 11:47:00,2010-11-02 11:47:00,1,314.74,402,1,314.74,2,2,2,2,Hibernating,0.0
17122,2010-07-01,2010-07-28 09:34:00,2011-08-12 14:33:00,4,570.5,119,4,570.5,3,4,2,3,Loyal,138.32
17123,2010-05-01,2010-05-16 11:52:00,2011-07-01 10:47:00,3,966.67,161,3,966.67,3,3,3,3,Loyal,345.29999999999995
17124,2011-06-01,2011-06-07 14:02:00,2011-06-07 14:02:00,1,294.24,185,1,294.24,3,2,2,2,Need Attention,294.24
17125,2011-10-01,2011-10-20 14:41:00,2011-10-20 14:41:00,1,230.49999999999997,50,1,230.49999999999997,4,2,1,2,New & Promising,230.49999999999997
17126,2010-08-01,2010-08-31 13:41:00,2011-07-10 13:52:00,9,2008.9299999999998,152,9,2008.9299999999998,3,5,4,4,Loyal,989.45
17127,2009-12-01,2009-12-04 15:18:00,2010-10-07 09:54:00,5,1155.03,428,5,1155.03,1,4,3,4,At Risk – High Value,0.0
17128,2011-01-01,2011-01-09 12:02:00,2011-01-09 12:02:00,1,157.09,334,1,157.09,2,2,1,2,Hibernating,157.09
17129,2010-07-01,2010-07-07 13:46:00,2010-07-07 13:46:00,1,31.85,520,1,31.85,1,2,1,2,Lost,0.0
17131,2011-09-01,2011-09-25 12:42:00,2011-12-04 12:52:00,5,2463.17,5,5,2463.17,5,4,4,4,Champions,2463.17
17132,2010-08-01,2010-08-08 13:49:00,2010-09-13 16:31:00,2,1220.91,452,2,1220.91,1,3,4,4,At Risk – High Value,0.0
17133,2010-03-01,2010-03-21 12:31:00,2011-11-24 12:27:00,12,14622.330000000002,15,12,14622.330000000002,5,5,5,5,Champions,4892.24
17134,2010-09-01,2010-09-23 18:32:00,2011-08-25 09:53:00,3,625.3,106,3,625.3,3,3,3,3,Loyal,413.19999999999993
17135,2010-05-01,2010-05-09 16:03:00,2011-11-23 16:48:00,10,1716.38,16,10,1716.38,5,5,4,4,Champions,924.1500000000001
17136,2010-02-01,2010-02-15 13:13:00,2010-02-15 13:13:00,1,231.67999999999998,662,1,231.67999999999998,1,2,1,2,Lost,0.0
17137,2010-01-01,2010-01-31 12:27:00,2010-10-19 14:51:00,6,1099.81,416,6,1099.81,1,4,3,4,At Risk – High Value,0.0
17138,2010-02-01,2010-02-04 14:19:00,2011-03-09 11:54:00,7,4417.27,275,7,4417.27,2,4,5,4,At Risk – High Value,380.5
17139,2010-01-01,2010-01-11 11:31:00,2011-11-24 10:12:00,25,19566.760000000002,15,25,19566.760000000002,5,5,5,5,Champions,10650.770000000002
17140,2011-04-01,2011-04-06 13:33:00,2011-04-06 13:33:00,1,454.12,247,1,454.12,2,2,2,2,Hibernating,454.12
17141,2010-01-01,2010-01-24 14:19:00,2010-10-17 14:54:00,4,727.5799999999999,418,4,727.5799999999999,1,4,3,4,At Risk – High Value,0.0
17142,2010-01-01,2010-01-24 15:23:00,2011-04-14 18:22:00,4,1275.25,239,4,1275.25,2,4,4,4,At Risk – High Value,579.0
17143,2010-07-01,2010-07-12 13:26:00,2010-10-18 15:27:00,2,880.9699999999999,417,2,880.9699999999999,1,3,3,3,At Risk,0.0
17144,2011-09-01,2011-09-16 12:50:00,2011-12-08 17:57:00,2,984.5699999999999,1,2,984.5699999999999,5,3,3,3,Loyal,984.5699999999999
17145,2010-02-01,2010-02-19 12:07:00,2010-07-15 09:02:00,4,3120.9100000000017,512,4,3120.9100000000017,1,4,5,4,At Risk – High Value,0.0
17146,2010-02-01,2010-02-02 09:39:00,2011-08-26 12:44:00,13,5852.639999999999,105,13,5852.639999999999,3,5,5,5,Loyal,749.7800000000001
17147,2010-01-01,2010-01-11 09:38:00,2011-11-17 12:32:00,9,3199.95,22,9,3199.95,4,5,5,5,Champions,1714.59
17148,2011-10-01,2011-10-19 09:59:00,2011-10-19 09:59:00,1,124.88,51,1,124.88,4,2,1,2,New & Promising,124.88
17149,2010-09-01,2010-09-14 14:56:00,2010-09-14 14:56:00,1,143.1,451,1,143.1,1,2,1,2,Lost,0.0
17150,2009-12-01,2009-12-06 10:51:00,2010-11-28 11:27:00,6,1357.95,376,6,1357.95,2,4,4,4,At Risk – High Value,0.0
17151,2009-12-01,2009-12-04 14:56:00,2009-12-04 14:56:00,1,231.9,735,1,231.9,1,2,1,2,Lost,0.0
17152,2010-10-01,2010-10-10 12:40:00,2011-05-29 12:19:00,4,2016.5,194,4,2016.5,2,4,4,4,At Risk – High Value,1689.5
17153,2011-11-01,2011-11-15 13:42:00,2011-11-15 13:42:00,1,213.77999999999997,24,1,213.77999999999997,4,2,1,2,New & Promising,213.77999999999997
17154,2011-09-01,2011-09-25 13:42:00,2011-09-25 13:42:00,1,329.34000000000003,75,1,329.34000000000003,3,2,2,2,Need Attention,329.34000000000003
17155,2009-12-01,2009-12-03 11:34:00,2011-11-22 12:38:00,7,892.46,17,7,892.46,5,4,3,4,Champions,251.7
17156,2010-08-01,2010-08-05 11:30:00,2010-08-05 11:30:00,1,591.8700000000001,491,1,591.8700000000001,1,2,2,2,Lost,0.0
17157,2009-12-01,2009-12-04 13:00:00,2011-12-02 09:10:00,19,5151.9,7,19,5151.9,5,5,5,5,Champions,319.0
17158,2010-03-01,2010-03-07 15:50:00,2011-11-07 15:15:00,5,1980.0,32,5,1980.0,4,4,4,4,Champions,1266.97
17159,2010-03-01,2010-03-04 14:53:00,2011-11-18 10:52:00,5,2099.59,21,5,2099.59,4,4,4,4,Champions,1538.88
17160,2009-12-01,2009-12-04 10:57:00,2011-11-08 14:05:00,17,10209.160000000002,31,17,10209.160000000002,4,5,5,5,Champions,3518.0300000000007
17161,2010-09-01,2010-09-21 16:44:00,2010-09-21 16:44:00,1,856.0100000000001,444,1,856.0100000000001,1,2,3,2,Lost,0.0
17162,2011-02-01,2011-02-07 12:27:00,2011-11-11 11:34:00,10,1715.4600000000003,28,10,1715.4600000000003,4,5,4,4,Champions,1715.46
17163,2010-02-01,2010-02-02 10:39:00,2011-11-18 08:57:00,4,699.78,21,4,699.78,4,4,3,4,Champions,293.1
17164,2011-03-01,2011-03-11 14:26:00,2011-11-07 09:14:00,7,2467.35,32,7,2467.35,4,4,4,4,Champions,2467.35
17165,2009-12-01,2009-12-11 09:18:00,2011-02-28 16:39:00,6,1794.32,284,6,1794.32,2,4,4,4,At Risk – High Value,158.68
17166,2011-05-01,2011-05-20 08:18:00,2011-11-01 09:46:00,2,206.33999999999997,38,2,206.33999999999997,4,3,1,2,New & Promising,206.33999999999997
17167,2010-09-01,2010-09-20 14:02:00,2010-11-25 10:05:00,3,867.11,379,3,867.11,2,3,3,3,At Risk,0.0
17168,2010-07-01,2010-07-29 12:33:00,2010-07-29 12:33:00,1,400.2,498,1,400.2,1,2,2,2,Lost,0.0
17169,2010-05-01,2010-05-10 13:00:00,2011-10-13 10:25:00,3,1156.73,57,3,1156.73,4,3,3,3,Loyal,835.78
17170,2010-11-01,2010-11-15 16:23:00,2010-11-30 15:55:00,2,178.68,374,2,178.68,2,3,1,2,Hibernating,0.0
17171,2010-02-01,2010-02-16 12:02:00,2011-02-23 16:37:00,2,384.59,289,2,384.59,2,3,2,2,Hibernating,224.90999999999997
17172,2009-12-01,2009-12-13 11:46:00,2011-09-22 09:36:00,3,956.57,78,3,956.57,3,3,3,3,Loyal,317.76
17173,2011-07-01,2011-07-31 15:26:00,2011-12-04 14:40:00,8,3766.6000000000004,5,8,3766.6000000000004,5,5,5,5,Champions,3766.6000000000004
17174,2011-05-01,2011-05-06 11:47:00,2011-05-06 11:47:00,1,59.9,217,1,59.9,2,2,1,2,Hibernating,59.9
17175,2011-02-01,2011-02-16 14:56:00,2011-10-26 15:31:00,4,1443.69,44,4,1443.69,4,4,4,4,Champions,1443.69
17176,2010-01-01,2010-01-31 15:49:00,2011-05-22 12:41:00,3,902.32,201,3,902.32,2,3,3,3,At Risk,306.13
17177,2010-07-01,2010-07-22 14:53:00,2010-07-22 14:53:00,1,119.50000000000003,505,1,119.50000000000003,1,2,1,2,Lost,0.0
17178,2009-12-01,2009-12-08 16:20:00,2009-12-08 16:20:00,1,432.9599999999998,731,1,432.9599999999998,1,2,2,2,Lost,0.0
17179,2010-05-01,2010-05-26 11:22:00,2011-06-14 16:48:00,6,1507.26,178,6,1507.26,3,4,4,4,Loyal,711.79
17180,2010-01-01,2010-01-21 17:43:00,2011-10-14 15:46:00,11,2236.7699999999995,56,11,2236.7699999999995,4,5,4,4,Champions,783.97
17181,2010-04-01,2010-04-23 11:21:00,2011-10-13 14:48:00,3,309.85,57,3,309.85,4,3,2,2,New & Promising,84.39999999999998
17182,2009-12-01,2009-12-21 15:22:00,2010-10-13 10:09:00,2,321.3,422,2,321.3,1,3,2,2,Lost,0.0
17183,2011-08-01,2011-08-26 15:25:00,2011-12-02 10:07:00,6,3347.3100000000004,7,6,3347.3100000000004,5,4,5,4,Champions,3347.31
17184,2009-12-01,2009-12-09 14:17:00,2010-05-19 14:24:00,2,198.41000000000003,569,2,198.41000000000003,1,3,1,2,Lost,0.0
17185,2010-04-01,2010-04-20 13:49:00,2010-04-27 12:15:00,3,229.45999999999998,591,3,229.45999999999998,1,3,1,2,Lost,0.0
17186,2011-10-01,2011-10-10 12:52:00,2011-10-24 10:20:00,2,144.0,46,2,144.0,4,3,1,2,New & Promising,144.0
17187,2010-07-01,2010-07-01 14:38:00,2011-04-27 12:39:00,2,467.71,226,2,467.71,2,3,2,2,Hibernating,203.95
17188,2009-12-01,2009-12-08 19:16:00,2011-11-28 13:53:00,13,4592.93,11,13,4592.93,5,5,5,5,Champions,2474.23
17189,2009-12-01,2009-12-02 11:45:00,2011-08-25 19:39:00,5,953.63,106,5,953.63,3,4,3,4,Loyal,383.74999999999994
17190,2010-03-01,2010-03-05 13:21:00,2011-10-12 11:33:00,7,1724.7299999999998,58,7,1724.7299999999998,4,4,4,4,Champions,444.74
17191,2009-12-01,2009-12-01 16:34:00,2011-11-11 16:58:00,15,4310.34,28,15,4310.34,4,5,5,5,Champions,1583.57
17192,2010-06-01,2010-06-21 16:07:00,2010-06-21 16:07:00,1,75.28,536,1,75.28,1,2,1,2,Lost,0.0
17193,2009-12-01,2009-12-02 10:02:00,2011-11-04 12:47:00,9,2310.04,35,9,2310.04,4,5,4,4,Champions,1699.3
17194,2010-06-01,2010-06-27 13:16:00,2010-12-14 12:06:00,2,776.6599999999999,360,2,776.6599999999999,2,3,3,3,At Risk,226.78000000000003
17195,2010-02-01,2010-02-22 13:05:00,2010-02-22 13:05:00,1,562.9799999999998,655,1,562.9799999999998,1,2,2,2,Lost,0.0
17196,2010-10-01,2010-10-08 11:31:00,2010-10-08 11:31:00,1,327.75,427,1,327.75,1,2,2,2,Lost,0.0
17197,2011-11-01,2011-11-10 10:32:00,2011-11-10 10:32:00,1,1013.01,29,1,1013.01,4,2,3,2,New & Promising,1013.01
17198,2010-12-01,2010-12-03 14:54:00,2011-11-16 10:39:00,3,692.2199999999999,23,3,692.2199999999999,4,3,3,3,Loyal,170.55999999999997
17199,2010-05-01,2010-05-06 13:53:00,2010-05-06 13:53:00,1,135.04000000000002,582,1,135.04000000000002,1,2,1,2,Lost,0.0
17200,2010-02-01,2010-02-25 13:23:00,2010-11-17 13:04:00,4,356.71,387,4,356.71,2,4,2,3,At Risk,0.0
17201,2010-02-01,2010-02-10 12:26:00,2011-10-17 11:55:00,4,1132.6,53,4,1132.6,4,4,3,4,Champions,289.78000000000003
17202,2010-10-01,2010-10-15 11:25:00,2010-10-15 11:25:00,1,160.65,420,1,160.65,1,2,1,2,Lost,0.0
17203,2010-11-01,2010-11-16 12:52:00,2011-11-04 12:27:00,10,5564.09,35,10,5564.09,4,5,5,5,Champions,3560.08
17204,2010-06-01,2010-06-10 11:37:00,2011-06-17 14:46:00,9,5504.6900000000005,175,9,5504.6900000000005,3,5,5,5,Loyal,1564.56
17205,2010-05-01,2010-05-24 15:36:00,2011-10-17 12:46:00,3,999.3499999999999,53,3,999.3499999999999,4,3,3,3,Loyal,384.08
17206,2011-10-01,2011-10-17 13:25:00,2011-10-17 13:25:00,1,204.24,53,1,204.24,4,2,1,2,New & Promising,204.24
17207,2010-02-01,2010-02-25 19:08:00,2010-02-25 19:08:00,1,291.77000000000004,652,1,291.77000000000004,1,2,2,2,Lost,0.0
17208,2010-11-01,2010-11-09 12:50:00,2010-11-09 12:50:00,1,111.15,395,1,111.15,2,2,1,2,Hibernating,0.0
17209,2009-12-01,2009-12-03 11:10:00,2010-02-28 16:01:00,3,595.7,649,3,595.7,1,3,2,2,Lost,0.0
17210,2010-11-01,2010-11-12 12:15:00,2010-11-12 12:15:00,1,251.72000000000003,392,1,251.72000000000003,2,2,1,2,Hibernating,0.0
17211,2009-12-01,2009-12-13 13:17:00,2011-11-13 12:03:00,13,3773.35,26,13,3773.35,4,5,5,5,Champions,2043.92
17212,2010-08-01,2010-08-10 09:22:00,2011-03-31 19:42:00,3,794.4100000000001,253,3,794.4100000000001,2,3,3,3,At Risk,226.85
17213,2009-12-01,2009-12-15 10:28:00,2011-10-30 14:53:00,13,4869.4,40,13,4869.4,4,5,5,5,Champions,2468.33
17214,2010-12-01,2010-12-15 15:14:00,2011-10-10 13:17:00,6,1059.1200000000001,60,6,1059.1200000000001,3,4,3,4,Loyal,1059.1200000000001
17215,2010-09-01,2010-09-01 13:39:00,2010-09-01 13:39:00,1,186.15,464,1,186.15,1,2,1,2,Lost,0.0
17216,2010-06-01,2010-06-03 13:03:00,2010-06-03 13:03:00,1,63.6,554,1,63.6,1,2,1,2,Lost,0.0
17217,2010-03-01,2010-03-30 13:35:00,2011-04-19 17:19:00,2,210.1,234,2,210.1,2,3,1,2,Hibernating,113.5
17218,2010-01-01,2010-01-25 16:12:00,2011-12-05 13:52:00,18,3889.39,4,18,3889.39,5,5,5,5,Champions,1664.43
17219,2010-10-01,2010-10-19 11:29:00,2011-11-08 11:25:00,2,259.13,31,2,259.13,4,3,1,2,New & Promising,114.23
17220,2010-01-01,2010-01-20 11:57:00,2011-11-15 13:47:00,21,4451.41,24,21,4451.41,4,5,5,5,Champions,3187.55
17221,2010-04-01,2010-04-11 15:34:00,2011-12-02 13:35:00,5,976.62,7,5,976.62,5,4,3,4,Champions,334.48
17222,2010-01-01,2010-01-10 15:24:00,2011-10-05 13:58:00,6,1563.6100000000001,65,6,1563.6100000000001,3,4,4,4,Loyal,328.65
17223,2010-11-01,2010-11-29 17:19:00,2011-02-02 15:57:00,3,523.04,310,3,523.04,2,3,2,2,Hibernating,124.04999999999998
17224,2010-07-01,2010-07-26 13:30:00,2010-07-26 13:30:00,1,100.86000000000001,501,1,100.86000000000001,1,2,1,2,Lost,0.0
17225,2010-05-01,2010-05-07 11:38:00,2010-05-07 11:38:00,1,131.15,581,1,131.15,1,2,1,2,Lost,0.0
17226,2010-02-01,2010-02-12 14:31:00,2011-02-04 11:52:00,3,895.4699999999999,308,3,895.4699999999999,2,3,3,3,At Risk,393.48999999999995
17227,2010-01-01,2010-01-15 15:05:00,2011-11-21 10:51:00,12,1878.93,18,12,1878.93,5,5,4,4,Champions,797.0699999999999
17228,2010-03-01,2010-03-12 11:54:00,2011-11-24 10:24:00,13,2820.0299999999997,15,13,2820.0299999999997,5,5,4,4,Champions,1550.1399999999996
17229,2011-07-01,2011-07-20 12:38:00,2011-09-04 13:56:00,2,318.76,96,2,318.76,3,3,2,2,Need Attention,318.76
17230,2009-12-01,2009-12-08 13:41:00,2011-03-20 16:12:00,18,9388.49,264,18,9388.49,2,5,5,5,At Risk – High Value,3638.41
17231,2009-12-01,2009-12-07 16:38:00,2011-11-27 15:18:00,25,7064.799999999999,12,25,7064.799999999999,5,5,5,5,Champions,3124.72
17232,2011-11-01,2011-11-25 12:24:00,2011-12-07 12:21:00,2,417.77000000000004,2,2,417.77000000000004,5,3,2,2,New & Promising,417.77000000000004
17233,2009-12-01,2009-12-15 12:03:00,2011-11-04 14:06:00,3,560.86,35,3,560.86,4,3,2,2,New & Promising,190.88
17234,2011-06-01,2011-06-10 11:20:00,2011-06-10 11:20:00,1,149.89,182,1,149.89,3,2,1,2,Need Attention,149.89
17235,2010-06-01,2010-06-04 17:01:00,2011-11-14 15:51:00,8,1562.98,25,8,1562.98,4,5,4,4,Champions,208.15999999999997
17236,2010-03-01,2010-03-07 13:00:00,2011-11-27 12:00:00,12,1929.26,12,12,1929.26,5,5,4,4,Champions,916.1299999999999
17237,2010-11-01,2010-11-23 11:45:00,2011-11-28 15:02:00,4,994.1300000000001,11,4,994.1300000000001,5,4,3,4,Champions,314.69
17238,2009-12-01,2009-12-01 10:59:00,2011-12-07 11:35:00,32,7331.17,2,32,7331.17,5,5,5,5,Champions,3349.01
17239,2010-07-01,2010-07-01 10:53:00,2011-01-31 09:41:00,4,1189.45,312,4,1189.45,2,4,3,4,At Risk – High Value,382.50000000000006
17240,2010-04-01,2010-04-22 15:44:00,2010-04-22 15:44:00,1,130.6,596,1,130.6,1,2,1,2,Lost,0.0
17241,2010-02-01,2010-02-15 14:47:00,2010-11-19 13:01:00,12,2736.64,385,12,2736.64,2,5,4,4,At Risk – High Value,0.0
17242,2010-01-01,2010-01-24 10:27:00,2011-08-23 14:55:00,5,2889.2799999999997,108,5,2889.2799999999997,3,4,5,4,Loyal,1135.04
17243,2009-12-01,2009-12-01 15:36:00,2011-12-08 13:26:00,69,20184.68,1,69,20184.68,5,5,5,5,Champions,8274.75
17244,2009-12-01,2009-12-06 11:27:00,2011-10-17 15:19:00,5,1826.0399999999997,53,5,1826.0399999999997,4,4,4,4,Champions,954.8999999999997
17245,2010-01-01,2010-01-19 15:39:00,2011-05-19 10:43:00,2,371.63,204,2,371.63,2,3,2,2,Hibernating,171.45
17246,2009-12-01,2009-12-01 17:45:00,2010-06-11 12:36:00,2,38.92,546,2,38.92,1,3,1,2,Lost,0.0
17247,2011-11-01,2011-11-24 15:21:00,2011-11-24 15:21:00,1,280.09,15,1,280.09,5,2,1,2,New & Promising,280.09
17248,2010-08-01,2010-08-15 11:55:00,2011-08-11 13:34:00,2,500.5400000000001,120,2,500.5400000000001,3,3,2,2,Need Attention,318.65000000000003
17249,2010-10-01,2010-10-07 11:33:00,2010-10-07 11:33:00,1,68.02999999999999,428,1,68.02999999999999,1,2,1,2,Lost,0.0
17250,2011-03-01,2011-03-23 16:45:00,2011-12-06 12:15:00,2,381.97,3,2,381.97,5,3,2,2,New & Promising,381.97
17251,2009-12-01,2009-12-15 10:36:00,2010-12-12 11:06:00,3,798.98,362,3,798.98,2,3,3,3,At Risk,269.83000000000004
17252,2011-06-01,2011-06-06 16:41:00,2011-08-15 09:45:00,2,348.9099999999999,116,2,348.9099999999999,3,3,2,2,Need Attention,348.9099999999999
17253,2011-11-01,2011-11-21 12:59:00,2011-11-21 12:59:00,1,178.26,18,1,178.26,5,2,1,2,New & Promising,178.26
17254,2010-11-01,2010-11-03 14:00:00,2011-12-05 12:46:00,3,469.48,4,3,469.48,5,3,2,2,New & Promising,271.19000000000005
17255,2010-09-01,2010-09-19 15:53:00,2011-10-30 12:18:00,4,781.7,40,4,781.7,4,4,3,4,Champions,291.48
17256,2010-04-01,2010-04-18 13:40:00,2011-08-24 13:30:00,5,498.92999999999995,107,5,498.92999999999995,3,4,2,3,Loyal,240.0
17257,2010-09-01,2010-09-29 12:49:00,2010-09-29 12:51:00,2,189.78,436,2,189.78,1,3,1,2,Lost,0.0
17258,2010-02-01,2010-02-12 15:51:00,2010-11-08 12:37:00,2,417.30000000000007,396,2,417.30000000000007,2,3,2,2,Hibernating,0.0
17259,2010-02-01,2010-02-22 13:38:00,2011-07-14 15:01:00,6,1452.3899999999999,148,6,1452.3899999999999,3,4,4,4,Loyal,213.28000000000003
17260,2010-10-01,2010-10-24 13:21:00,2010-10-24 13:21:00,1,120.95,411,1,120.95,1,2,1,2,Lost,0.0
17261,2010-07-01,2010-07-18 11:49:00,2010-07-18 11:49:00,1,221.5899999999999,509,1,221.5899999999999,1,2,1,2,Lost,0.0
17262,2009-12-01,2009-12-15 11:26:00,2011-10-18 12:56:00,11,2488.76,52,11,2488.76,4,5,4,4,Champions,984.5
17263,2011-05-01,2011-05-15 14:32:00,2011-05-15 14:32:00,1,63.440000000000005,208,1,63.440000000000005,2,2,1,2,Hibernating,63.440000000000005
17264,2010-10-01,2010-10-11 12:52:00,2010-10-11 12:52:00,1,268.28,424,1,268.28,1,2,1,2,Lost,0.0
17265,2011-06-01,2011-06-12 12:00:00,2011-07-24 10:49:00,2,550.0099999999999,138,2,550.0099999999999,3,3,2,2,Need Attention,550.0099999999999
17266,2010-03-01,2010-03-09 10:42:00,2011-12-07 14:12:00,5,501.7200000000001,2,5,501.7200000000001,5,4,2,3,Loyal,296.58000000000004
17267,2011-08-01,2011-08-04 17:19:00,2011-08-04 17:22:00,2,317.19999999999993,127,2,317.19999999999993,3,3,2,2,Need Attention,317.19999999999993
17268,2009-12-01,2009-12-08 11:46:00,2011-08-24 10:06:00,11,1733.8899999999999,107,11,1733.8899999999999,3,5,4,4,Loyal,763.64
17269,2010-11-01,2010-11-19 11:12:00,2010-11-19 11:12:00,1,491.8099999999999,385,1,491.8099999999999,2,2,2,2,Hibernating,0.0
17270,2009-12-01,2009-12-07 17:18:00,2010-08-27 14:09:00,2,601.45,469,2,601.45,1,3,2,2,Lost,0.0
17271,2009-12-01,2009-12-03 13:49:00,2009-12-03 13:49:00,1,204.29999999999995,736,1,204.29999999999995,1,2,1,2,Lost,0.0
17272,2011-03-01,2011-03-22 12:05:00,2011-10-28 16:37:00,4,2148.629999999999,42,4,2148.629999999999,4,4,4,4,Champions,2148.6299999999997
17273,2010-10-01,2010-10-11 15:57:00,2010-10-11 15:57:00,1,141.12,424,1,141.12,1,2,1,2,Lost,0.0
17274,2010-11-01,2010-11-09 12:06:00,2011-11-04 13:16:00,2,573.22,35,2,573.22,4,3,2,2,New & Promising,107.82000000000002
17275,2010-11-01,2010-11-21 13:26:00,2010-11-21 13:26:00,1,114.10000000000002,383,1,114.10000000000002,2,2,1,2,Hibernating,0.0
17276,2010-11-01,2010-11-02 16:20:00,2010-11-02 16:20:00,1,501.2399999999999,402,1,501.2399999999999,2,2,2,2,Hibernating,0.0
17277,2011-01-01,2011-01-21 12:37:00,2011-04-26 12:47:00,2,1065.3500000000001,227,2,1065.3500000000001,2,3,3,3,At Risk,1065.3500000000001
17278,2010-05-01,2010-05-23 13:49:00,2011-04-12 13:10:00,2,271.24000000000007,241,2,271.24000000000007,2,3,1,2,Hibernating,246.04000000000008
17279,2011-10-01,2011-10-13 11:58:00,2011-10-13 11:58:00,1,187.82999999999998,57,1,187.82999999999998,4,2,1,2,New & Promising,187.82999999999998
17280,2010-09-01,2010-09-27 16:46:00,2010-09-27 16:46:00,1,118.85999999999999,438,1,118.85999999999999,1,2,1,2,Lost,0.0
17281,2010-02-01,2010-02-04 13:00:00,2010-11-30 18:05:00,6,797.8499999999999,374,6,797.8499999999999,2,4,3,4,At Risk – High Value,0.0
17282,2010-06-01,2010-06-09 12:07:00,2011-08-01 14:29:00,5,2308.54,130,5,2308.54,3,4,4,4,Loyal,1685.46
17283,2010-11-01,2010-11-26 11:53:00,2010-11-26 11:53:00,1,188.46,378,1,188.46,2,2,1,2,Hibernating,0.0
17284,2010-11-01,2010-11-15 17:14:00,2011-10-10 14:38:00,7,2558.6000000000004,60,7,2558.6000000000004,3,4,4,4,Loyal,1647.48
17285,2010-02-01,2010-02-14 14:10:00,2010-03-21 13:38:00,2,400.44,628,2,400.44,1,3,2,2,Lost,0.0
17286,2010-11-01,2010-11-04 13:43:00,2011-11-18 12:47:00,3,389.18000000000006,21,3,389.18000000000006,4,3,2,2,New & Promising,151.37000000000006
17287,2009-12-01,2009-12-03 12:45:00,2011-11-13 13:27:00,21,3826.8599999999997,26,21,3826.8599999999997,4,5,5,5,Champions,826.3599999999999
17288,2010-11-01,2010-11-10 14:44:00,2011-11-30 16:09:00,11,2468.4299999999994,9,11,2468.4299999999994,5,5,4,4,Champions,1417.63
17289,2010-03-01,2010-03-08 12:52:00,2011-11-08 12:01:00,9,2041.8,31,9,2041.8,4,5,4,4,Champions,931.02
17290,2009-12-01,2009-12-13 13:28:00,2011-12-06 12:38:00,8,1427.48,3,8,1427.48,5,5,4,4,Champions,513.01
17291,2011-02-01,2011-02-04 13:04:00,2011-02-04 13:04:00,1,550.8000000000001,308,1,550.8000000000001,2,2,2,2,Hibernating,550.8000000000001
17292,2010-05-01,2010-05-09 14:52:00,2010-08-24 17:14:00,2,271.75,472,2,271.75,1,3,1,2,Lost,0.0
17293,2009-12-01,2009-12-03 15:09:00,2011-12-01 14:37:00,17,3750.630000000001,8,17,3750.630000000001,5,5,5,5,Champions,1854.06
17294,2010-02-01,2010-02-08 14:21:00,2010-02-08 16:12:00,2,467.79,669,2,467.79,1,3,2,2,Lost,0.0
17295,2011-10-01,2011-10-06 12:22:00,2011-11-11 10:49:00,3,547.0,28,3,547.0,4,3,2,2,New & Promising,546.9999999999999
17296,2009-12-01,2009-12-09 14:01:00,2009-12-09 14:01:00,1,338.13,730,1,338.13,1,2,2,2,Lost,0.0
17297,2011-11-01,2011-11-22 14:43:00,2011-11-22 14:43:00,1,128.18000000000004,17,1,128.18000000000004,5,2,1,2,New & Promising,128.18000000000004
17298,2010-03-01,2010-03-08 08:56:00,2011-08-30 16:43:00,5,938.3599999999999,101,5,938.3599999999999,3,4,3,4,Loyal,498.4200000000001
17299,2010-08-01,2010-08-15 16:00:00,2011-11-28 12:01:00,6,993.2299999999999,11,6,993.2299999999999,5,4,3,4,Champions,656.61
17300,2010-08-01,2010-08-15 11:02:00,2010-11-14 10:56:00,2,393.64,390,2,393.64,2,3,2,2,Hibernating,0.0
17301,2010-03-01,2010-03-25 13:16:00,2011-11-18 13:43:00,2,294.39000000000004,21,2,294.39000000000004,4,3,2,2,New & Promising,163.24000000000007
17302,2011-02-01,2011-02-07 10:14:00,2011-11-25 09:36:00,5,1135.63,14,5,1135.63,5,4,3,4,Champions,1135.63
17303,2010-12-01,2010-12-13 13:32:00,2010-12-13 13:32:00,1,250.03999999999994,361,1,250.03999999999994,2,2,1,2,Hibernating,250.03999999999994
17304,2010-06-01,2010-06-23 16:23:00,2010-06-23 16:23:00,1,111.50000000000001,534,1,111.50000000000001,1,2,1,2,Lost,0.0
17305,2010-03-01,2010-03-01 12:47:00,2010-03-01 12:47:00,1,2135.46,648,1,2135.46,1,2,4,3,At Risk,0.0
17306,2010-11-01,2010-11-01 11:38:00,2011-11-29 12:14:00,21,9782.35,10,21,9782.35,5,5,5,5,Champions,8631.31
17307,2010-01-01,2010-01-19 16:38:00,2010-11-09 13:40:00,11,3999.8900000000003,395,11,3999.8900000000003,2,5,5,5,At Risk – High Value,0.0
17308,2010-09-01,2010-09-13 09:35:00,2010-11-11 13:19:00,2,4511.76,393,2,4511.76,2,3,5,4,At Risk – High Value,0.0
17309,2010-02-01,2010-02-04 15:49:00,2011-09-05 15:20:00,3,320.39,95,3,320.39,3,3,2,2,Need Attention,82.75
17310,2010-06-01,2010-06-23 11:38:00,2010-11-17 16:00:00,2,1025.1,387,2,1025.1,2,3,3,3,At Risk,0.0
17311,2010-02-01,2010-02-03 12:38:00,2011-09-22 14:11:00,6,3566.5600000000004,78,6,3566.5600000000004,3,4,5,4,Loyal,1384.85
17312,2011-07-01,2011-07-03 13:12:00,2011-07-24 11:52:00,3,644.3,138,3,644.3,3,3,3,3,Loyal,644.3
17313,2011-11-01,2011-11-08 15:45:00,2011-11-08 15:45:00,1,2328.8399999999997,31,1,2328.8399999999997,4,2,4,3,Loyal,2328.8399999999997
17314,2009-12-01,2009-12-03 11:25:00,2011-11-15 09:41:00,17,4904.43,24,17,4904.43,4,5,5,5,Champions,2527.9199999999996
17315,2010-09-01,2010-09-27 12:45:00,2011-12-08 12:15:00,41,9559.5,1,41,9559.5,5,5,5,5,Champions,6241.150000000001
17316,2010-10-01,2010-10-15 14:35:00,2010-10-15 14:35:00,1,124.45000000000006,420,1,124.45000000000006,1,2,1,2,Lost,0.0
17317,2011-09-01,2011-09-11 12:45:00,2011-10-24 17:19:00,3,2600.34,46,3,2600.34,4,3,4,4,Champions,2600.34
17318,2009-12-01,2009-12-14 13:11:00,2009-12-14 13:11:00,1,157.32999999999998,725,1,157.32999999999998,1,2,1,2,Lost,0.0
17319,2010-02-01,2010-02-08 15:47:00,2010-02-08 15:47:00,1,29.1,669,1,29.1,1,2,1,2,Lost,0.0
17320,2010-01-01,2010-01-21 16:29:00,2011-08-31 13:31:00,6,2444.85,100,6,2444.85,3,4,4,4,Loyal,749.7
17321,2010-05-01,2010-05-11 12:10:00,2011-12-01 13:41:00,6,1665.2099999999998,8,6,1665.2099999999998,5,4,4,4,Champions,657.1599999999999
17322,2009-12-01,2009-12-03 11:46:00,2010-11-28 14:41:00,5,922.59,376,5,922.59,2,4,3,4,At Risk – High Value,0.0
17323,2010-01-01,2010-01-10 11:58:00,2011-11-24 17:29:00,12,1547.64,15,12,1547.64,5,5,4,4,Champions,903.1200000000001
17324,2009-12-01,2009-12-18 15:29:00,2011-11-22 10:34:00,12,2171.07,17,12,2171.07,5,5,4,4,Champions,859.43
17325,2010-03-01,2010-03-08 11:31:00,2011-03-04 13:09:00,3,609.5699999999999,280,3,609.5699999999999,2,3,3,3,At Risk,96.8
17326,2010-06-01,2010-06-28 14:05:00,2010-10-27 15:38:00,2,312.3499999999999,408,2,312.3499999999999,2,3,2,2,Hibernating,0.0
17327,2010-05-01,2010-05-26 11:20:00,2010-10-26 09:54:00,2,152.35,409,2,152.35,1,3,1,2,Lost,0.0
17328,2010-02-01,2010-02-04 17:11:00,2010-02-04 17:11:00,1,104.7,673,1,104.7,1,2,1,2,Lost,0.0
17329,2009-12-01,2009-12-03 16:09:00,2011-11-25 14:24:00,5,998.53,14,5,998.53,5,4,3,4,Champions,523.11
17330,2010-03-01,2010-03-02 09:20:00,2011-11-17 08:56:00,4,423.79999999999995,22,4,423.79999999999995,4,4,2,3,Loyal,363.9
17331,2011-08-01,2011-08-08 11:55:00,2011-08-08 11:55:00,1,175.2,123,1,175.2,3,2,1,2,Need Attention,175.2
17332,2010-02-01,2010-02-21 14:41:00,2010-06-29 16:10:00,5,827.77,528,5,827.77,1,4,3,4,At Risk – High Value,0.0
17333,2011-09-01,2011-09-15 10:11:00,2011-09-15 10:11:00,1,494.24999999999994,85,1,494.24999999999994,3,2,2,2,Need Attention,494.24999999999994
17334,2010-10-01,2010-10-29 12:16:00,2011-02-10 14:59:00,3,635.1500000000001,302,3,635.1500000000001,2,3,3,3,At Risk,307.02000000000004
17335,2010-01-01,2010-01-24 11:15:00,2010-11-21 10:17:00,2,497.03999999999996,383,2,497.03999999999996,2,3,2,2,Hibernating,0.0
17336,2010-08-01,2010-08-24 15:37:00,2010-08-24 15:37:00,1,81.12,472,1,81.12,1,2,1,2,Lost,0.0
17337,2011-02-01,2011-02-02 17:06:00,2011-07-11 14:55:00,4,1979.6100000000006,151,4,1979.6100000000006,3,4,4,4,Loyal,1979.6100000000006
17338,2010-03-01,2010-03-10 16:09:00,2011-11-22 14:23:00,17,11880.54,17,17,11880.54,5,5,5,5,Champions,6484.750000000001
17339,2010-07-01,2010-07-18 13:08:00,2011-09-06 13:29:00,3,302.36,94,3,302.36,3,3,2,2,Need Attention,183.36
17340,2010-02-01,2010-02-14 14:54:00,2011-11-10 10:45:00,18,19617.95,29,18,19617.95,4,5,5,5,Champions,9682.019999999999
17341,2010-06-01,2010-06-17 18:17:00,2011-07-06 12:33:00,5,1272.21,156,5,1272.21,3,4,4,4,Loyal,265.68
17342,2010-02-01,2010-02-08 09:16:00,2010-11-25 11:07:00,4,1227.54,379,4,1227.54,2,4,4,4,At Risk – High Value,0.0
17343,2009-12-01,2009-12-03 18:30:00,2010-12-19 15:07:00,6,1259.94,355,6,1259.94,2,4,4,4,At Risk – High Value,193.63999999999996
17344,2009-12-01,2009-12-11 12:31:00,2011-10-24 12:56:00,2,457.3599999999999,46,2,457.3599999999999,4,3,2,2,New & Promising,157.61999999999995
17345,2009-12-01,2009-12-01 16:17:00,2011-11-24 15:02:00,10,1586.6299999999999,15,10,1586.6299999999999,5,5,4,4,Champions,519.69
17346,2010-04-01,2010-04-18 12:18:00,2011-12-06 12:18:00,26,4991.410000000001,3,26,4991.410000000001,5,5,5,5,Champions,2488.77
17347,2011-09-01,2011-09-14 13:12:00,2011-09-14 13:12:00,1,228.96,86,1,228.96,3,2,1,2,Need Attention,228.96
17348,2010-03-01,2010-03-10 12:13:00,2011-11-25 11:25:00,9,2430.99,14,9,2430.99,5,5,4,4,Champions,1156.6000000000001
17349,2010-03-01,2010-03-18 14:26:00,2011-06-13 14:29:00,5,772.41,179,5,772.41,3,4,3,4,Loyal,98.25
17350,2010-02-01,2010-02-01 15:38:00,2011-12-01 15:47:00,7,1893.6999999999998,8,7,1893.6999999999998,5,4,4,4,Champions,1281.32
17351,2009-12-01,2009-12-10 18:43:00,2011-11-03 18:45:00,12,1964.3799999999997,36,12,1964.3799999999997,4,5,4,4,Champions,587.15
17352,2010-01-01,2010-01-12 16:13:00,2010-01-12 16:13:00,1,36.25,696,1,36.25,1,2,1,2,Lost,0.0
17353,2010-03-01,2010-03-25 12:52:00,2011-08-02 17:19:00,4,3242.0,129,4,3242.0,3,4,5,4,Loyal,1740.0
17354,2010-10-01,2010-10-07 13:22:00,2011-10-20 10:34:00,4,3133.96,50,4,3133.96,4,4,5,4,Champions,1393.06
17355,2010-11-01,2010-11-18 13:18:00,2010-11-18 13:18:00,1,273.31,386,1,273.31,2,2,1,2,Hibernating,0.0
17356,2010-01-01,2010-01-20 12:14:00,2011-02-01 11:07:00,5,946.4699999999999,311,5,946.4699999999999,2,4,3,4,At Risk – High Value,178.21999999999997
17357,2011-11-01,2011-11-15 16:29:00,2011-11-15 16:30:00,2,384.3899999999999,24,2,384.3899999999999,4,3,2,2,New & Promising,384.3899999999999
17358,2010-02-01,2010-02-24 16:42:00,2011-02-09 16:57:00,5,861.0099999999999,303,5,861.0099999999999,2,4,3,4,At Risk – High Value,360.81
17359,2010-03-01,2010-03-01 14:48:00,2011-11-28 14:37:00,2,284.46,11,2,284.46,5,3,1,2,New & Promising,127.85999999999999
17360,2010-10-01,2010-10-01 12:07:00,2011-11-22 13:11:00,6,1200.5100000000002,17,6,1200.5100000000002,5,4,3,4,Champions,568.2400000000001
17361,2010-02-01,2010-02-01 14:30:00,2011-10-21 15:43:00,5,871.79,49,5,871.79,4,4,3,4,Champions,488.20000000000005
17362,2010-01-01,2010-01-06 10:53:00,2011-04-14 14:43:00,7,1024.04,239,7,1024.04,2,4,3,4,At Risk – High Value,312.23
17363,2010-11-01,2010-11-02 17:25:00,2010-11-09 17:11:00,3,920.4599999999998,395,3,920.4599999999998,2,3,3,3,At Risk,0.0
17364,2009-12-01,2009-12-07 15:28:00,2011-12-09 09:00:00,27,11614.45,0,27,11614.45,5,5,5,5,Champions,4462.68
17365,2010-02-01,2010-02-01 11:56:00,2011-11-27 12:13:00,15,8179.45,12,15,8179.45,5,5,5,5,Champions,4762.32
17366,2010-09-01,2010-09-09 19:46:00,2010-10-03 16:04:00,2,1077.24,432,2,1077.24,1,3,3,3,At Risk,0.0
17367,2011-04-01,2011-04-15 14:21:00,2011-04-15 14:21:00,1,167.55,238,1,167.55,2,2,1,2,Hibernating,167.55
17368,2009-12-01,2009-12-15 17:45:00,2011-11-16 15:26:00,14,2758.29,23,14,2758.29,4,5,4,4,Champions,1878.8700000000001
17369,2010-09-01,2010-09-10 09:49:00,2010-09-10 09:49:00,1,979.1999999999999,455,1,979.1999999999999,1,2,3,2,Lost,0.0
17370,2011-06-01,2011-06-23 11:50:00,2011-09-28 10:14:00,4,446.17999999999995,72,4,446.17999999999995,3,4,2,3,Loyal,446.17999999999995
17371,2009-12-01,2009-12-08 12:25:00,2011-11-22 13:30:00,6,651.37,17,6,651.37,5,4,3,4,Champions,418.4
17372,2009-12-01,2009-12-03 18:41:00,2011-10-30 11:37:00,27,4316.460000000001,40,27,4316.460000000001,4,5,5,5,Champions,1337.18
17373,2010-02-01,2010-02-28 14:17:00,2011-10-30 15:28:00,7,1167.5,40,7,1167.5,4,4,3,4,Champions,646.92
17374,2010-11-01,2010-11-09 17:14:00,2011-05-05 09:05:00,3,727.11,218,3,727.11,2,3,3,3,At Risk,495.77000000000004
17375,2010-10-01,2010-10-04 09:14:00,2011-05-24 15:45:00,4,660.55,199,4,660.55,2,4,3,4,At Risk – High Value,400.09999999999997
17376,2010-07-01,2010-07-05 11:11:00,2011-09-30 12:36:00,4,453.64,70,4,453.64,3,4,2,3,Loyal,203.2
17377,2009-12-01,2009-12-02 12:39:00,2011-11-16 11:17:00,78,17639.23,23,78,17639.23,4,5,5,5,Champions,3470.02
17378,2010-11-01,2010-11-30 18:46:00,2010-11-30 18:46:00,1,10.95,374,1,10.95,2,2,1,2,Hibernating,0.0
17379,2011-11-01,2011-11-28 13:56:00,2011-11-28 13:56:00,1,389.72,11,1,389.72,5,2,2,2,New & Promising,389.72
17380,2010-06-01,2010-06-23 11:24:00,2010-10-01 16:42:00,3,645.0,434,3,645.0,1,3,3,3,At Risk,0.0
17381,2010-06-01,2010-06-09 12:55:00,2011-12-01 11:59:00,38,36398.649999999994,8,38,36398.649999999994,5,5,5,5,Champions,16671.89
17382,2010-05-01,2010-05-19 11:33:00,2011-10-05 13:05:00,8,902.28,65,8,902.28,3,5,3,4,Loyal,65.4
17383,2010-09-01,2010-09-12 14:54:00,2011-12-05 17:36:00,2,304.09000000000003,4,2,304.09000000000003,5,3,2,2,New & Promising,193.39000000000001
17384,2010-08-01,2010-08-29 16:01:00,2011-11-20 15:48:00,3,507.54999999999995,19,3,507.54999999999995,5,3,2,2,New & Promising,336.4
17385,2011-11-01,2011-11-25 11:02:00,2011-11-25 11:02:00,1,256.11000000000007,14,1,256.11000000000007,5,2,1,2,New & Promising,256.11000000000007
17386,2010-11-01,2010-11-19 13:40:00,2011-12-02 11:28:00,7,2812.7700000000004,7,7,2812.7700000000004,5,4,4,4,Champions,2686.42
17387,2011-11-01,2011-11-06 11:25:00,2011-11-20 11:00:00,2,746.8100000000001,19,2,746.8100000000001,5,3,3,3,Loyal,746.8100000000001
17388,2009-12-01,2009-12-10 11:45:00,2011-09-23 10:31:00,11,2675.37,77,11,2675.37,3,5,4,4,Loyal,1259.5600000000002
17389,2009-12-01,2009-12-04 12:06:00,2011-12-09 09:38:00,61,57215.33,0,61,57215.33,5,5,5,5,Champions,31833.68
17390,2010-10-01,2010-10-15 11:29:00,2010-10-15 11:29:00,1,149.3,420,1,149.3,1,2,1,2,Lost,0.0
17391,2011-06-01,2011-06-28 12:21:00,2011-06-29 09:58:00,2,508.8,163,2,508.8,3,3,2,2,Need Attention,508.8
17392,2010-09-01,2010-09-15 16:17:00,2011-02-06 12:48:00,3,579.9200000000001,306,3,579.9200000000001,2,3,2,2,Hibernating,411.27000000000004
17393,2010-08-01,2010-08-08 15:53:00,2010-10-25 11:10:00,2,381.15000000000003,410,2,381.15000000000003,1,3,2,2,Lost,0.0
17394,2011-05-01,2011-05-04 13:22:00,2011-05-04 13:22:00,1,203.86999999999995,219,1,203.86999999999995,2,2,1,2,Hibernating,203.86999999999995
17395,2010-07-01,2010-07-19 15:34:00,2010-07-19 15:34:00,1,97.5,508,1,97.5,1,2,1,2,Lost,0.0
17396,2010-09-01,2010-09-24 13:04:00,2011-10-31 14:12:00,13,8391.6,39,13,8391.6,4,5,5,5,Champions,6915.3
17397,2010-10-01,2010-10-19 13:20:00,2011-11-17 14:08:00,3,1198.28,22,3,1198.28,4,3,3,3,Loyal,681.4099999999999
17398,2011-03-01,2011-03-29 13:04:00,2011-08-17 09:48:00,3,653.3800000000001,114,3,653.3800000000001,3,3,3,3,Loyal,653.3800000000001
17400,2009-12-01,2009-12-17 15:41:00,2011-08-05 15:38:00,8,4623.28,126,8,4623.28,3,5,5,5,Loyal,2097.8399999999992
17401,2010-06-01,2010-06-16 16:54:00,2010-06-16 16:54:00,1,114.84999999999998,541,1,114.84999999999998,1,2,1,2,Lost,0.0
17402,2009-12-01,2009-12-16 17:40:00,2011-12-05 10:15:00,22,4600.56,4,22,4600.56,5,5,5,5,Champions,2138.88
17403,2010-09-01,2010-09-15 12:29:00,2011-11-03 15:18:00,2,382.87000000000006,36,2,382.87000000000006,4,3,2,2,New & Promising,263.92
17404,2010-01-01,2010-01-07 11:31:00,2011-12-05 16:26:00,21,47638.119999999995,4,21,47638.119999999995,5,5,5,5,Champions,31781.82
17405,2011-07-01,2011-07-12 14:17:00,2011-12-08 17:12:00,3,1031.41,1,3,1031.41,5,3,3,3,Loyal,1031.41
17406,2009-12-01,2009-12-06 13:45:00,2011-01-10 15:07:00,13,4186.949999999999,333,13,4186.949999999999,2,5,5,5,At Risk – High Value,1482.3199999999995
17407,2010-10-01,2010-10-24 11:57:00,2010-10-24 11:57:00,1,552.8999999999999,411,1,552.8999999999999,1,2,2,2,Lost,0.0
17408,2010-07-01,2010-07-13 14:02:00,2011-06-29 12:53:00,3,316.09000000000003,163,3,316.09000000000003,3,3,2,2,Need Attention,32.65
17409,2009-12-01,2009-12-11 12:17:00,2011-06-08 10:36:00,10,7793.51,184,10,7793.51,3,5,5,5,Loyal,771.8500000000001
17410,2011-05-01,2011-05-08 15:21:00,2011-11-23 15:46:00,5,1214.7200000000003,16,5,1214.7200000000003,5,4,4,4,Champions,1214.72
17411,2009-12-01,2009-12-03 12:02:00,2011-11-27 14:25:00,5,1425.3799999999999,12,5,1425.3799999999999,5,4,4,4,Champions,778.94
17412,2009-12-01,2009-12-02 13:51:00,2011-12-07 11:36:00,16,4220.220000000001,2,16,4220.220000000001,5,5,5,5,Champions,1060.76
17413,2010-05-01,2010-05-19 11:11:00,2010-10-31 12:33:00,2,560.14,404,2,560.14,2,3,2,2,Hibernating,0.0
17414,2009-12-01,2009-12-03 16:49:00,2011-10-27 12:13:00,6,2249.52,43,6,2249.52,4,4,4,4,Champions,778.0
17415,2011-09-01,2011-09-21 12:50:00,2011-09-21 12:50:00,1,507.8399999999999,79,1,507.8399999999999,3,2,2,2,Need Attention,507.8399999999999
17416,2009-12-01,2009-12-14 16:29:00,2011-11-10 12:47:00,22,17298.449999999997,29,22,17298.449999999997,4,5,5,5,Champions,6893.420000000001
17417,2010-06-01,2010-06-09 10:00:00,2010-06-09 10:00:00,1,164.18,548,1,164.18,1,2,1,2,Lost,0.0
17418,2010-11-01,2010-11-17 13:42:00,2011-10-28 13:00:00,3,670.06,42,3,670.06,4,3,3,3,Loyal,463.46000000000004
17419,2010-01-01,2010-01-25 13:19:00,2011-11-28 13:47:00,18,6126.25,11,18,6126.25,5,5,5,5,Champions,3852.2999999999997
17420,2010-11-01,2010-11-03 13:09:00,2011-10-20 14:52:00,6,953.58,50,6,953.58,4,4,3,4,Champions,467.98
17421,2009-12-01,2009-12-04 15:43:00,2010-11-18 16:57:00,3,1059.41,386,3,1059.41,2,3,3,3,At Risk,0.0
17422,2010-06-01,2010-06-23 10:19:00,2011-11-23 13:27:00,11,3594.7599999999993,16,11,3594.7599999999993,5,5,5,5,Champions,1979.37
17423,2010-11-01,2010-11-11 12:26:00,2011-10-24 13:36:00,3,1118.95,46,3,1118.95,4,3,3,3,Loyal,698.4100000000001
17425,2011-10-01,2011-10-10 11:37:00,2011-11-20 15:30:00,2,759.1699999999995,19,2,759.1699999999995,5,3,3,3,Loyal,759.1699999999995
17426,2010-02-01,2010-02-17 13:39:00,2011-12-01 18:07:00,13,8077.769999999999,8,13,8077.769999999999,5,5,5,5,Champions,5037.259999999999
17427,2011-09-01,2011-09-29 11:29:00,2011-09-29 11:29:00,1,100.8,71,1,100.8,3,2,1,2,Need Attention,100.8
17428,2009-12-01,2009-12-01 17:28:00,2011-12-09 09:45:00,45,31466.760000000002,0,45,31466.760000000002,5,5,5,5,Champions,16903.85
17429,2010-10-01,2010-10-06 12:30:00,2011-08-03 13:22:00,5,1357.46,128,5,1357.46,3,4,4,4,Loyal,524.92
17430,2010-08-01,2010-08-17 11:52:00,2011-11-07 09:24:00,4,622.57,32,4,622.57,4,4,3,4,Champions,153.16
17431,2011-01-01,2011-01-30 14:36:00,2011-01-30 14:36:00,1,403.30000000000007,313,1,403.30000000000007,2,2,2,2,Hibernating,403.30000000000007
17432,2009-12-01,2009-12-03 19:13:00,2011-11-21 17:33:00,9,1728.9899999999998,18,9,1728.9899999999998,5,5,4,4,Champions,365.76
17433,2010-11-01,2010-11-19 13:37:00,2011-09-12 14:24:00,2,569.96,88,2,569.96,3,3,2,2,Need Attention,303.16
17434,2011-09-01,2011-09-15 13:54:00,2011-12-07 13:16:00,7,2373.8199999999997,2,7,2373.8199999999997,5,4,4,4,Champions,2373.8199999999997
17435,2010-10-01,2010-10-24 13:55:00,2010-10-24 13:55:00,1,331.3500000000001,411,1,331.3500000000001,1,2,2,2,Lost,0.0
17436,2009-12-01,2009-12-07 12:31:00,2011-12-08 12:30:00,5,534.06,1,5,534.06,5,4,2,3,Loyal,216.29999999999998
17437,2010-06-01,2010-06-28 11:11:00,2010-06-28 11:11:00,1,369.6799999999999,529,1,369.6799999999999,1,2,2,2,Lost,0.0
17438,2010-03-01,2010-03-08 16:53:00,2011-03-31 10:26:00,5,1422.77,253,5,1422.77,2,4,4,4,At Risk – High Value,388.45000000000005
17439,2010-02-01,2010-02-22 12:48:00,2010-02-22 12:48:00,1,325.74,655,1,325.74,1,2,2,2,Lost,0.0
17440,2010-06-01,2010-06-08 14:40:00,2011-07-06 11:54:00,4,323.58,156,4,323.58,3,4,2,3,Loyal,186.42
17441,2009-12-01,2009-12-07 13:32:00,2009-12-07 13:32:00,1,293.35,732,1,293.35,1,2,2,2,Lost,0.0
17442,2010-02-01,2010-02-15 15:54:00,2011-11-03 09:17:00,15,4620.3,36,15,4620.3,4,5,5,5,Champions,2248.56
17443,2011-05-01,2011-05-04 10:47:00,2011-05-04 10:47:00,1,534.24,219,1,534.24,2,2,2,2,Hibernating,534.24
17444,2011-06-01,2011-06-20 09:04:00,2011-07-11 10:33:00,2,2389.1000000000004,151,2,2389.1000000000004,3,3,4,4,Loyal,2389.1000000000004
17446,2011-02-01,2011-02-02 14:40:00,2011-06-16 10:42:00,2,120.9,176,2,120.9,3,3,1,2,Need Attention,120.9
17447,2011-09-01,2011-09-29 10:10:00,2011-10-30 14:18:00,2,541.53,40,2,541.53,4,3,2,2,New & Promising,541.53
17448,2010-03-01,2010-03-04 17:29:00,2010-06-28 13:58:00,41,14448.669999999998,529,41,14448.669999999998,1,5,5,5,At Risk – High Value,0.0
17449,2009-12-01,2009-12-09 14:16:00,2011-12-07 16:56:00,13,4865.15,2,13,4865.15,5,5,5,5,Champions,2516.21
17450,2010-09-01,2010-09-27 16:59:00,2011-12-01 13:29:00,51,244784.24999999994,8,51,244784.24999999994,5,5,5,5,Champions,192361.94999999998
17451,2011-08-01,2011-08-26 11:54:00,2011-12-08 15:02:00,7,1721.3999999999999,1,7,1721.3999999999999,5,4,4,4,Champions,1721.3999999999999
17453,2011-10-01,2011-10-06 17:02:00,2011-11-22 09:42:00,2,486.71999999999997,17,2,486.71999999999997,5,3,2,2,New & Promising,486.71999999999997
17454,2010-01-01,2010-01-15 15:40:00,2011-05-31 13:58:00,10,1547.94,192,10,1547.94,2,5,4,4,At Risk – High Value,517.53
17455,2011-05-01,2011-05-20 12:31:00,2011-05-20 12:31:00,1,131.7,203,1,131.7,2,2,1,2,Hibernating,131.7
17456,2010-09-01,2010-09-09 15:28:00,2010-12-09 15:23:00,2,975.56,365,2,975.56,2,3,3,3,At Risk,0.0
17457,2009-12-01,2009-12-07 14:52:00,2011-08-05 12:48:00,14,5984.81,126,14,5984.81,3,5,5,5,Loyal,1737.6999999999998
17458,2010-11-01,2010-11-23 11:43:00,2011-11-24 13:01:00,2,529.5799999999999,15,2,529.5799999999999,5,3,2,2,New & Promising,316.49999999999994
17459,2011-10-01,2011-10-10 17:00:00,2011-10-27 13:25:00,2,657.3,43,2,657.3,4,3,3,3,Loyal,657.3
17460,2010-01-01,2010-01-22 13:25:00,2011-09-06 15:04:00,16,2157.9700000000003,94,16,2157.9700000000003,3,5,4,4,Loyal,552.13
17461,2011-11-01,2011-11-10 12:01:00,2011-11-17 10:21:00,3,735.8199999999997,22,3,735.8199999999997,4,3,3,3,Loyal,735.8199999999998
17462,2011-02-01,2011-02-28 17:01:00,2011-10-10 13:56:00,2,675.69,60,2,675.69,3,3,3,3,Loyal,675.69
17463,2010-04-01,2010-04-29 17:57:00,2011-11-23 13:40:00,7,2535.2599999999993,16,7,2535.2599999999993,5,4,4,4,Champions,1875.86
17464,2010-03-01,2010-03-30 13:15:00,2011-07-04 13:19:00,3,907.1400000000001,158,3,907.1400000000001,3,3,3,3,Loyal,289.96000000000004
17465,2009-12-01,2009-12-03 13:25:00,2010-10-10 11:56:00,7,2542.790000000001,425,7,2542.790000000001,1,4,4,4,At Risk – High Value,0.0
17466,2011-09-01,2011-09-22 09:16:00,2011-11-29 13:15:00,2,763.28,10,2,763.28,5,3,3,3,Loyal,763.28
17467,2010-11-01,2010-11-09 12:58:00,2010-11-09 12:58:00,1,102.6,395,1,102.6,2,2,1,2,Hibernating,0.0
17468,2010-11-01,2010-11-29 17:25:00,2011-11-29 15:33:00,3,194.8,10,3,194.8,5,3,1,2,New & Promising,137.0
17469,2009-12-01,2009-12-16 15:06:00,2011-11-23 13:15:00,17,5051.25,16,17,5051.25,5,5,5,5,Champions,1870.9700000000003
17470,2010-07-01,2010-07-19 16:16:00,2011-10-26 12:42:00,11,2626.47,44,11,2626.47,4,5,4,4,Champions,946.67
17471,2010-08-01,2010-08-22 11:53:00,2010-08-22 11:53:00,1,321.65,474,1,321.65,1,2,2,2,Lost,0.0
17472,2010-03-01,2010-03-21 13:27:00,2011-06-01 14:57:00,4,922.3499999999999,191,4,922.3499999999999,2,4,3,4,At Risk – High Value,697.54
17473,2010-09-01,2010-09-09 19:03:00,2010-10-27 11:45:00,2,607.0,408,2,607.0,2,3,3,3,At Risk,0.0
17474,2010-04-01,2010-04-19 10:43:00,2010-04-19 10:43:00,1,1047.0,599,1,1047.0,1,2,3,2,Lost,0.0
17475,2011-09-01,2011-09-21 14:55:00,2011-09-21 14:55:00,1,194.36999999999995,79,1,194.36999999999995,3,2,1,2,Need Attention,194.36999999999995
17476,2009-12-01,2009-12-02 12:09:00,2010-11-09 10:21:00,2,489.86,395,2,489.86,2,3,2,2,Hibernating,0.0
17477,2010-03-01,2010-03-02 11:53:00,2010-04-06 10:06:00,2,1144.3,612,2,1144.3,1,3,3,3,At Risk,0.0
17478,2010-03-01,2010-03-16 14:19:00,2010-10-27 15:01:00,2,1272.8,408,2,1272.8,2,3,4,4,At Risk – High Value,0.0
17479,2010-03-01,2010-03-17 09:26:00,2010-03-17 09:26:00,1,389.25999999999993,632,1,389.25999999999993,1,2,2,2,Lost,0.0
17480,2010-09-01,2010-09-21 12:31:00,2011-09-23 11:39:00,2,882.23,77,2,882.23,3,3,3,3,Loyal,511.82
17481,2011-09-01,2011-09-07 09:57:00,2011-12-06 12:28:00,4,1255.5900000000001,3,4,1255.5900000000001,5,4,4,4,Champions,1255.59
17482,2010-05-01,2010-05-10 14:10:00,2010-08-09 15:33:00,2,775.6400000000001,487,2,775.6400000000001,1,3,3,3,At Risk,0.0
17483,2010-10-01,2010-10-21 12:43:00,2011-10-05 13:10:00,4,591.73,65,4,591.73,3,4,2,3,Loyal,414.0400000000001
17484,2010-03-01,2010-03-25 16:17:00,2010-05-12 15:41:00,2,209.57000000000002,576,2,209.57000000000002,1,3,1,2,Lost,0.0
17486,2011-03-01,2011-03-23 14:00:00,2011-03-23 14:00:00,1,396.87000000000006,261,1,396.87000000000006,2,2,2,2,Hibernating,396.87000000000006
17487,2009-12-01,2009-12-11 15:06:00,2009-12-11 15:06:00,1,160.54999999999998,728,1,160.54999999999998,1,2,1,2,Lost,0.0
17488,2010-03-01,2010-03-08 14:07:00,2010-03-08 14:07:00,1,336.50000000000006,641,1,336.50000000000006,1,2,2,2,Lost,0.0
17489,2011-05-01,2011-05-11 11:34:00,2011-10-12 08:56:00,2,376.64000000000004,58,2,376.64000000000004,4,3,2,2,New & Promising,376.64000000000004
17490,2010-05-01,2010-05-19 12:40:00,2011-12-09 09:08:00,9,2750.5,0,9,2750.5,5,5,4,4,Champions,2092.32
17491,2010-04-01,2010-04-28 11:57:00,2011-12-08 16:18:00,17,5653.67,1,17,5653.67,5,5,5,5,Champions,3231.4700000000003
17492,2010-07-01,2010-07-09 13:27:00,2011-04-05 15:21:00,3,1122.42,248,3,1122.42,2,3,3,3,At Risk,374.57
17493,2010-11-01,2010-11-19 16:57:00,2010-11-19 16:57:00,1,100.91,385,1,100.91,2,2,1,2,Hibernating,0.0
17494,2010-07-01,2010-07-26 10:06:00,2010-07-26 10:06:00,1,54.699999999999996,501,1,54.699999999999996,1,2,1,2,Lost,0.0
17495,2010-11-01,2010-11-14 11:50:00,2011-12-02 12:08:00,3,806.72,7,3,806.72,5,3,3,3,Loyal,497.56000000000006
17496,2010-01-01,2010-01-14 13:36:00,2010-12-16 08:39:00,4,1412.89,358,4,1412.89,2,4,4,4,At Risk – High Value,271.04999999999995
17497,2010-04-01,2010-04-08 08:01:00,2010-11-14 14:17:00,2,287.25,390,2,287.25,2,3,2,2,Hibernating,0.0
17498,2011-09-01,2011-09-25 12:25:00,2011-09-25 12:25:00,1,272.21999999999997,75,1,272.21999999999997,3,2,1,2,Need Attention,272.21999999999997
17499,2010-05-01,2010-05-27 09:59:00,2011-02-23 09:14:00,2,1341.3899999999999,289,2,1341.3899999999999,2,3,4,4,At Risk – High Value,622.88
17500,2011-11-01,2011-11-10 09:08:00,2011-11-22 14:25:00,3,1138.0,17,3,1138.0,5,3,3,3,Loyal,1138.0
17501,2011-05-01,2011-05-03 09:46:00,2011-05-03 09:47:00,2,288.6,220,2,288.6,2,3,2,2,Hibernating,288.6
17502,2011-11-01,2011-11-10 16:39:00,2011-11-30 13:13:00,4,689.1000000000001,9,4,689.1000000000001,5,4,3,4,Champions,689.1000000000001
17503,2011-11-01,2011-11-01 11:12:00,2011-12-07 09:18:00,2,558.96,2,2,558.96,5,3,2,2,New & Promising,558.96
17504,2010-02-01,2010-02-08 09:22:00,2011-05-17 12:59:00,18,9490.170000000002,206,18,9490.170000000002,2,5,5,5,At Risk – High Value,2997.0300000000007
17505,2010-04-01,2010-04-13 16:33:00,2011-07-01 12:50:00,5,2435.48,161,5,2435.48,3,4,4,4,Loyal,1145.8400000000001
17506,2011-09-01,2011-09-25 11:39:00,2011-09-25 11:39:00,1,302.2,75,1,302.2,3,2,2,2,Need Attention,302.2
17507,2011-02-01,2011-02-03 18:08:00,2011-03-23 11:48:00,2,605.5799999999999,261,2,605.5799999999999,2,3,3,3,At Risk,605.5799999999999
17508,2009-12-01,2009-12-07 11:46:00,2011-03-04 08:10:00,8,4579.23,280,8,4579.23,2,5,5,5,At Risk – High Value,387.31
17509,2011-10-01,2011-10-07 13:14:00,2011-10-13 10:26:00,8,6083.640000000001,57,8,6083.640000000001,4,5,5,5,Champions,6083.64
17510,2010-10-01,2010-10-15 10:20:00,2011-11-15 10:00:00,2,514.5600000000001,24,2,514.5600000000001,4,3,2,2,New & Promising,308.48
17511,2009-12-01,2009-12-02 10:52:00,2011-12-07 10:12:00,60,172132.87,2,60,172132.87,5,5,5,5,Champions,87591.7
17512,2009-12-01,2009-12-10 19:35:00,2011-11-11 12:11:00,18,5467.82,28,18,5467.82,4,5,5,5,Champions,2924.99
17513,2010-08-01,2010-08-17 15:08:00,2011-09-28 16:42:00,3,1158.8000000000002,72,3,1158.8000000000002,3,3,3,3,Loyal,513.2
17514,2010-02-01,2010-02-08 14:00:00,2011-08-03 15:45:00,2,522.0,128,2,522.0,3,3,2,2,Need Attention,208.65
17515,2010-06-01,2010-06-07 13:29:00,2011-11-08 14:04:00,9,1602.51,31,9,1602.51,4,5,4,4,Champions,639.02
17516,2010-11-01,2010-11-26 12:50:00,2011-11-24 16:51:00,6,947.5000000000001,15,6,947.5000000000001,5,4,3,4,Champions,764.8800000000001
17517,2011-02-01,2011-02-04 11:48:00,2011-02-04 11:48:00,1,153.94,308,1,153.94,2,2,1,2,Hibernating,153.94
17518,2010-03-01,2010-03-28 13:31:00,2010-10-10 12:40:00,2,329.41999999999996,425,2,329.41999999999996,1,3,2,2,Lost,0.0
17519,2009-12-01,2009-12-01 09:57:00,2011-11-22 16:43:00,15,4774.17,17,15,4774.17,5,5,5,5,Champions,1508.7199999999998
17520,2011-10-01,2011-10-17 12:04:00,2011-10-17 12:04:00,1,546.8100000000001,53,1,546.8100000000001,4,2,2,2,New & Promising,546.8100000000001
17521,2010-10-01,2010-10-01 11:49:00,2011-11-10 11:22:00,5,1278.06,29,5,1278.06,4,4,4,4,Champions,723.2099999999999
17522,2011-05-01,2011-05-05 16:31:00,2011-12-08 12:31:00,5,1066.15,1,5,1066.15,5,4,3,4,Champions,1066.15
17523,2011-11-01,2011-11-20 13:40:00,2011-11-28 13:20:00,4,652.74,11,4,652.74,5,4,3,4,Champions,652.74
17524,2010-09-01,2010-09-27 16:20:00,2010-12-13 14:32:00,3,539.1400000000001,361,3,539.1400000000001,2,3,2,2,Hibernating,145.0
17525,2010-10-01,2010-10-07 09:12:00,2010-12-15 12:05:00,3,1161.9,359,3,1161.9,2,3,3,3,At Risk,422.70000000000005
17526,2009-12-01,2009-12-17 16:18:00,2011-12-05 11:05:00,12,3939.24,4,12,3939.24,5,5,5,5,Champions,969.1
17527,2011-05-01,2011-05-05 13:43:00,2011-10-17 12:32:00,4,939.37,53,4,939.37,4,4,3,4,Champions,939.3699999999999
17528,2011-09-01,2011-09-29 13:04:00,2011-12-08 13:27:00,8,3628.4999999999995,1,8,3628.4999999999995,5,5,5,5,Champions,3628.5
17529,2010-01-01,2010-01-11 12:29:00,2010-04-08 17:51:00,2,1240.25,610,2,1240.25,1,3,4,4,At Risk – High Value,0.0
17530,2009-12-01,2009-12-06 16:17:00,2011-12-08 18:42:00,12,2787.0999999999995,1,12,2787.0999999999995,5,5,4,4,Champions,2061.8899999999994
17531,2010-03-01,2010-03-31 12:57:00,2011-06-02 19:17:00,3,1266.8200000000002,190,3,1266.8200000000002,2,3,4,4,At Risk – High Value,296.70000000000005
17532,2010-11-01,2010-11-19 08:13:00,2010-11-19 08:13:00,1,65.34,385,1,65.34,2,2,1,2,Hibernating,0.0
17533,2010-10-01,2010-10-01 09:14:00,2010-10-01 09:14:00,1,34.8,434,1,34.8,1,2,1,2,Lost,0.0
17534,2010-02-01,2010-02-25 16:55:00,2011-10-17 12:47:00,5,1668.83,53,5,1668.83,4,4,4,4,Champions,223.36
17535,2011-03-01,2011-03-04 15:20:00,2011-03-04 15:20:00,1,164.39999999999998,280,1,164.39999999999998,2,2,1,2,Hibernating,164.39999999999998
17536,2010-01-01,2010-01-26 12:00:00,2011-06-15 13:23:00,3,364.8299999999999,177,3,364.8299999999999,3,3,2,2,Need Attention,76.5
17537,2011-02-01,2011-02-09 13:37:00,2011-11-10 10:56:00,2,887.6700000000003,29,2,887.6700000000003,4,3,3,3,Loyal,887.6700000000003
17538,2011-11-01,2011-11-14 12:12:00,2011-11-14 12:12:00,1,98.42000000000002,25,1,98.42000000000002,4,2,1,2,New & Promising,98.42000000000002
17539,2009-12-01,2009-12-13 12:36:00,2010-03-21 15:23:00,3,1161.8400000000001,628,3,1161.8400000000001,1,3,3,3,At Risk,0.0
17540,2010-04-01,2010-04-19 09:47:00,2011-11-15 11:56:00,6,1590.6,24,6,1590.6,4,4,4,4,Champions,578.9
17541,2010-07-01,2010-07-18 11:36:00,2010-07-18 11:36:00,1,119.86000000000004,509,1,119.86000000000004,1,2,1,2,Lost,0.0
17542,2010-03-01,2010-03-08 12:08:00,2011-03-15 11:45:00,3,340.84999999999997,269,3,340.84999999999997,2,3,2,2,Hibernating,170.75
17543,2010-06-01,2010-06-08 12:41:00,2010-06-08 12:41:00,1,120.04999999999998,549,1,120.04999999999998,1,2,1,2,Lost,0.0
17544,2010-11-01,2010-11-14 14:47:00,2010-11-14 15:08:00,3,944.82,390,3,944.82,2,3,3,3,At Risk,0.0
17545,2010-05-01,2010-05-11 10:04:00,2011-10-27 14:04:00,6,1409.8600000000001,43,6,1409.8600000000001,4,4,4,4,Champions,642.3199999999999
17547,2010-02-01,2010-02-12 14:34:00,2010-11-29 09:41:00,2,727.8499999999999,375,2,727.8499999999999,2,3,3,3,At Risk,0.0
17548,2010-11-01,2010-11-08 16:19:00,2011-04-20 12:01:00,4,731.26,233,4,731.26,2,4,3,4,At Risk – High Value,103.3
17549,2011-10-01,2011-10-19 10:05:00,2011-11-16 09:59:00,2,148.85999999999999,23,2,148.85999999999999,4,3,1,2,New & Promising,148.85999999999999
17550,2010-02-01,2010-02-07 15:07:00,2011-05-26 14:09:00,9,2506.6400000000003,197,9,2506.6400000000003,2,5,4,4,At Risk – High Value,267.15999999999997
17551,2010-12-01,2010-12-15 14:12:00,2010-12-15 14:12:00,1,290.34,359,1,290.34,2,2,2,2,Hibernating,290.34
17552,2010-03-01,2010-03-22 09:19:00,2011-10-10 17:00:00,12,2786.77,60,12,2786.77,3,5,4,4,Loyal,631.8900000000001
17553,2010-04-01,2010-04-08 09:44:00,2011-08-02 10:00:00,4,3757.6,129,4,3757.6,3,4,5,4,Loyal,1487.6
17554,2011-07-01,2011-07-14 20:01:00,2011-12-08 14:15:00,5,1952.4499999999998,1,5,1952.4499999999998,5,4,4,4,Champions,1952.4499999999998
17555,2010-05-01,2010-05-02 16:02:00,2011-11-20 12:22:00,5,1045.7399999999998,19,5,1045.7399999999998,5,4,3,4,Champions,480.30999999999995
17556,2010-11-01,2010-11-25 17:00:00,2011-05-18 10:48:00,2,300.67,205,2,300.67,2,3,2,2,Hibernating,157.9
17557,2009-12-01,2009-12-07 10:15:00,2011-11-25 12:57:00,4,575.46,14,4,575.46,5,4,2,3,Loyal,541.46
17558,2010-11-01,2010-11-11 14:36:00,2010-11-11 14:36:00,1,259.17,393,1,259.17,2,2,1,2,Hibernating,0.0
17559,2010-07-01,2010-07-15 12:02:00,2010-07-15 12:02:00,1,167.62,512,1,167.62,1,2,1,2,Lost,0.0
17560,2010-02-01,2010-02-17 12:11:00,2011-09-06 09:18:00,8,1895.8,94,8,1895.8,3,5,4,4,Loyal,854.95
17561,2009-12-01,2009-12-06 13:29:00,2011-11-20 12:53:00,4,703.0200000000001,19,4,703.0200000000001,5,4,3,4,Champions,165.11999999999998
17562,2011-06-01,2011-06-19 13:06:00,2011-11-25 14:21:00,7,1122.38,14,7,1122.38,5,4,3,4,Champions,1122.38
17563,2010-04-01,2010-04-07 10:02:00,2010-05-10 14:54:00,2,392.38,578,2,392.38,1,3,2,2,Lost,0.0
17564,2011-09-01,2011-09-20 14:00:00,2011-11-15 13:27:00,3,454.01000000000005,24,3,454.01000000000005,4,3,2,2,New & Promising,454.01000000000005
17565,2010-05-01,2010-05-02 11:54:00,2010-05-02 11:54:00,1,131.83,586,1,131.83,1,2,1,2,Lost,0.0
17566,2011-11-01,2011-11-14 13:42:00,2011-12-01 19:54:00,2,869.7699999999998,8,2,869.7699999999998,5,3,3,3,Loyal,869.7699999999998
17567,2010-09-01,2010-09-24 10:48:00,2011-12-02 15:48:00,9,4838.08,7,9,4838.08,5,5,5,5,Champions,3813.53
17568,2010-03-01,2010-03-16 16:45:00,2010-03-16 16:45:00,1,374.44999999999976,633,1,374.44999999999976,1,2,2,2,Lost,0.0
17569,2011-01-01,2011-01-11 14:15:00,2011-01-11 14:15:00,1,344.13999999999993,332,1,344.13999999999993,2,2,2,2,Hibernating,344.13999999999993
17571,2010-06-01,2010-06-15 12:50:00,2011-10-20 15:57:00,5,1629.6599999999999,50,5,1629.6599999999999,4,4,4,4,Champions,1424.4199999999998
17572,2009-12-01,2009-12-15 10:00:00,2011-09-29 17:53:00,10,652.21,71,10,652.21,3,5,3,4,Loyal,155.95
17573,2011-09-01,2011-09-07 10:36:00,2011-11-10 13:01:00,3,380.59999999999997,29,3,380.59999999999997,4,3,2,2,New & Promising,380.59999999999997
17574,2011-04-01,2011-04-11 09:47:00,2011-04-11 09:47:00,1,185.64999999999998,242,1,185.64999999999998,2,2,1,2,Hibernating,185.64999999999998
17575,2010-02-01,2010-02-10 13:48:00,2010-02-10 13:48:00,1,171.7,667,1,171.7,1,2,1,2,Lost,0.0
17576,2009-12-01,2009-12-03 16:54:00,2011-12-01 17:56:00,41,8705.599999999999,8,41,8705.599999999999,5,5,5,5,Champions,3445.1800000000003
17577,2010-02-01,2010-02-09 10:10:00,2010-03-04 13:01:00,2,348.75,645,2,348.75,1,3,2,2,Lost,0.0
17578,2010-06-01,2010-06-28 11:55:00,2011-05-05 18:38:00,7,1047.3300000000002,218,7,1047.3300000000002,2,4,3,4,At Risk – High Value,143.45999999999998
17579,2010-05-01,2010-05-10 14:28:00,2011-12-05 12:28:00,4,753.28,4,4,753.28,5,4,3,4,Champions,448.9
17580,2010-10-01,2010-10-13 14:28:00,2011-04-01 12:41:00,5,538.07,252,5,538.07,2,4,2,3,At Risk,212.77000000000004
17581,2009-12-01,2009-12-03 12:34:00,2011-12-09 12:21:00,43,17951.17,0,43,17951.17,5,5,5,5,Champions,10238.460000000001
17582,2010-03-01,2010-03-26 12:23:00,2011-04-17 13:18:00,5,1446.9499999999998,236,5,1446.9499999999998,2,4,4,4,At Risk – High Value,175.27
17583,2010-05-01,2010-05-28 14:24:00,2010-05-28 14:24:00,1,135.95,560,1,135.95,1,2,1,2,Lost,0.0
17584,2010-01-01,2010-01-25 08:17:00,2011-12-02 17:12:00,6,5309.42,7,6,5309.42,5,4,5,4,Champions,1242.2999999999997
17585,2010-08-01,2010-08-18 16:39:00,2011-08-22 13:30:00,7,2064.71,109,7,2064.71,3,4,4,4,Loyal,1116.68
17586,2010-03-01,2010-03-30 13:12:00,2010-03-30 13:12:00,1,167.4,619,1,167.4,1,2,1,2,Lost,0.0
17587,2010-03-01,2010-03-21 14:16:00,2010-03-21 14:16:00,1,173.76000000000002,628,1,173.76000000000002,1,2,1,2,Lost,0.0
17588,2010-03-01,2010-03-12 12:34:00,2011-08-31 13:37:00,7,2939.55,100,7,2939.55,3,4,5,4,Loyal,1240.2
17589,2010-03-01,2010-03-07 13:48:00,2011-10-10 16:58:00,18,13806.27,60,18,13806.27,3,5,5,5,Loyal,2402.92
17590,2011-10-01,2011-10-30 14:05:00,2011-12-07 12:55:00,3,1466.7699999999995,2,3,1466.7699999999995,5,3,4,4,Champions,1466.7699999999995
17591,2010-01-01,2010-01-17 16:09:00,2011-09-27 13:42:00,8,2339.32,73,8,2339.32,3,5,4,4,Loyal,1819.3700000000001
17592,2009-12-01,2009-12-01 10:49:00,2009-12-01 10:49:00,1,148.3,738,1,148.3,1,2,1,2,Lost,0.0
17593,2009-12-01,2009-12-04 14:35:00,2011-12-06 10:30:00,11,8092.32,3,11,8092.32,5,5,5,5,Champions,3923.8599999999997
17594,2010-04-01,2010-04-14 08:53:00,2011-09-15 16:34:00,4,2497.88,85,4,2497.88,3,4,4,4,Loyal,993.1800000000001
17595,2011-11-01,2011-11-02 16:19:00,2011-11-27 16:08:00,2,386.68999999999994,12,2,386.68999999999994,5,3,2,2,New & Promising,386.68999999999994
17596,2009-12-01,2009-12-15 13:21:00,2011-11-16 14:11:00,13,4491.459999999999,23,13,4491.459999999999,4,5,5,5,Champions,2415.72
17597,2010-05-01,2010-05-05 15:33:00,2011-05-10 11:54:00,5,3484.09,213,5,3484.09,2,4,5,4,At Risk – High Value,2044.3700000000003
17598,2010-11-01,2010-11-23 17:43:00,2010-11-23 17:43:00,1,409.98,381,1,409.98,2,2,2,2,Hibernating,0.0
17599,2010-08-01,2010-08-19 12:50:00,2010-08-19 12:50:00,1,52.05,477,1,52.05,1,2,1,2,Lost,0.0
17600,2011-11-01,2011-11-22 09:43:00,2011-11-22 09:43:00,1,161.67000000000002,17,1,161.67000000000002,5,2,1,2,New & Promising,161.67000000000002
17601,2010-11-01,2010-11-24 14:29:00,2011-04-14 18:02:00,2,412.65999999999985,239,2,412.65999999999985,2,3,2,2,Hibernating,116.01
17602,2010-03-01,2010-03-30 17:25:00,2011-12-07 13:53:00,14,7354.4299999999985,2,14,7354.4299999999985,5,5,5,5,Champions,5054.419999999999
17603,2009-12-01,2009-12-10 09:44:00,2011-09-22 14:18:00,4,1788.38,78,4,1788.38,3,4,4,4,Loyal,394.72
17604,2010-01-01,2010-01-27 12:19:00,2011-05-06 13:43:00,6,942.38,217,6,942.38,2,4,3,4,At Risk – High Value,309.36
17605,2010-04-01,2010-04-28 14:45:00,2010-04-28 14:45:00,1,160.75,590,1,160.75,1,2,1,2,Lost,0.0
17606,2009-12-01,2009-12-02 13:32:00,2009-12-02 13:32:00,1,87.30000000000001,737,1,87.30000000000001,1,2,1,2,Lost,0.0
17607,2010-11-01,2010-11-28 13:11:00,2010-11-28 13:11:00,1,333.81000000000006,376,1,333.81000000000006,2,2,2,2,Hibernating,0.0
17608,2010-04-01,2010-04-11 13:37:00,2011-11-06 13:06:00,4,488.0600000000002,33,4,488.0600000000002,4,4,2,3,Loyal,191.9900000000001
17609,2010-04-01,2010-04-09 16:54:00,2011-10-30 12:28:00,11,1875.36,40,11,1875.36,4,5,4,4,Champions,1098.2799999999997
17610,2009-12-01,2009-12-06 16:07:00,2010-06-17 16:34:00,5,1511.9399999999998,540,5,1511.9399999999998,1,4,4,4,At Risk – High Value,0.0
17611,2009-12-01,2009-12-01 13:29:00,2011-12-02 13:29:00,28,8287.529999999999,7,28,8287.529999999999,5,5,5,5,Champions,3961.12
17612,2009-12-01,2009-12-17 11:59:00,2011-10-17 14:59:00,18,5394.860000000001,53,18,5394.860000000001,4,5,5,5,Champions,2048.4500000000003
17613,2011-02-01,2011-02-07 11:20:00,2011-11-17 10:51:00,14,4544.55,22,14,4544.55,4,5,5,5,Champions,4544.55
17614,2011-10-01,2011-10-13 16:01:00,2011-10-13 16:01:00,1,386.3199999999999,57,1,386.3199999999999,4,2,2,2,New & Promising,386.3199999999999
17615,2010-08-01,2010-08-11 12:54:00,2011-08-01 14:06:00,6,721.8,130,6,721.8,3,4,3,4,Loyal,329.6
17616,2010-09-01,2010-09-14 10:43:00,2011-06-19 10:11:00,4,734.4,173,4,734.4,3,4,3,4,Loyal,244.79999999999998
17617,2010-05-01,2010-05-30 12:48:00,2010-05-30 12:48:00,1,385.18999999999994,558,1,385.18999999999994,1,2,2,2,Lost,0.0
17618,2010-01-01,2010-01-24 11:03:00,2011-12-04 11:50:00,11,4001.64,5,11,4001.64,5,5,5,5,Champions,930.28
17619,2011-01-01,2011-01-31 14:18:00,2011-01-31 14:18:00,1,214.37000000000003,312,1,214.37000000000003,2,2,1,2,Hibernating,214.37000000000003
17620,2011-10-01,2011-10-11 12:08:00,2011-10-11 12:08:00,1,81.44,59,1,81.44,3,2,1,2,Need Attention,81.44
17621,2010-10-01,2010-10-04 09:37:00,2011-11-18 17:11:00,6,3175.12,21,6,3175.12,4,4,5,4,Champions,1379.9
17622,2010-04-01,2010-04-20 13:38:00,2010-04-21 12:36:00,2,1130.2099999999998,597,2,1130.2099999999998,1,3,3,3,At Risk,0.0
17623,2009-12-01,2009-12-14 14:36:00,2011-11-07 11:32:00,7,2365.77,32,7,2365.77,4,4,4,4,Champions,527.05
17624,2009-12-01,2009-12-20 12:35:00,2011-11-25 10:52:00,4,1568.6299999999999,14,4,1568.6299999999999,5,4,4,4,Champions,843.48
17625,2009-12-01,2009-12-15 11:49:00,2011-11-21 13:36:00,8,5978.899999999998,18,8,5978.899999999998,5,5,5,5,Champions,2020.3999999999996
17626,2010-04-01,2010-04-16 12:15:00,2010-04-16 12:15:00,1,254.0,602,1,254.0,1,2,1,2,Lost,0.0
17627,2010-08-01,2010-08-18 11:27:00,2010-08-18 11:27:00,1,296.36000000000007,478,1,296.36000000000007,1,2,2,2,Lost,0.0
17628,2011-09-01,2011-09-19 15:21:00,2011-09-19 15:21:00,1,75.75000000000001,81,1,75.75000000000001,3,2,1,2,Need Attention,75.75000000000001
17629,2010-10-01,2010-10-14 13:35:00,2011-12-04 10:56:00,10,2455.52,5,10,2455.52,5,5,4,4,Champions,1814.12
17630,2011-04-01,2011-04-21 14:03:00,2011-06-23 11:58:00,2,503.5999999999999,169,2,503.5999999999999,3,3,2,2,Need Attention,503.5999999999999
17631,2009-12-01,2009-12-09 14:15:00,2011-12-08 09:47:00,7,998.49,1,7,998.49,5,4,3,4,Champions,528.33
17633,2010-11-01,2010-11-15 14:55:00,2011-11-08 13:25:00,7,2057.39,31,7,2057.39,4,4,4,4,Champions,1324.8400000000001
17634,2011-01-01,2011-01-06 12:45:00,2011-11-03 13:09:00,9,2358.59,36,9,2358.59,4,5,4,4,Champions,2358.5900000000006
17635,2010-04-01,2010-04-28 10:51:00,2010-10-11 15:12:00,3,1265.5800000000002,424,3,1265.5800000000002,1,3,4,4,At Risk – High Value,0.0
17636,2011-11-01,2011-11-20 14:40:00,2011-11-20 14:40:00,1,285.56,19,1,285.56,5,2,2,2,New & Promising,285.56
17637,2011-08-01,2011-08-16 13:25:00,2011-11-08 12:51:00,2,547.0599999999998,31,2,547.0599999999998,4,3,2,2,New & Promising,547.0599999999998
17638,2009-12-01,2009-12-18 09:58:00,2010-03-02 14:32:00,2,842.4,647,2,842.4,1,3,3,3,At Risk,0.0
17639,2010-08-01,2010-08-13 11:59:00,2011-03-08 15:22:00,6,615.1699999999998,276,6,615.1699999999998,2,4,3,4,At Risk – High Value,108.5
17640,2010-03-01,2010-03-23 09:15:00,2011-09-14 09:13:00,6,3168.9399999999996,86,6,3168.9399999999996,3,4,5,4,Loyal,621.6600000000001
17642,2009-12-01,2009-12-05 16:01:00,2011-08-12 09:11:00,5,1824.4900000000002,119,5,1824.4900000000002,3,4,4,4,Loyal,712.2900000000001
17643,2010-07-01,2010-07-22 13:07:00,2010-12-01 14:38:00,2,439.7,373,2,439.7,2,3,2,2,Hibernating,0.0
17644,2010-02-01,2010-02-16 08:44:00,2011-12-08 13:43:00,20,6028.6,1,20,6028.6,5,5,5,5,Champions,2895.6400000000003
17646,2009-12-01,2009-12-16 09:37:00,2011-05-04 13:17:00,12,3898.79,219,12,3898.79,2,5,5,5,At Risk – High Value,757.3900000000001
17647,2010-02-01,2010-02-08 14:39:00,2011-10-05 15:38:00,3,331.65999999999997,65,3,331.65999999999997,3,3,2,2,Need Attention,133.06
17648,2010-11-01,2010-11-19 16:41:00,2011-10-10 09:41:00,5,2216.3700000000003,60,5,2216.3700000000003,3,4,4,4,Loyal,1797.5
17649,2010-08-01,2010-08-24 13:01:00,2011-07-24 15:53:00,3,1578.89,138,3,1578.89,3,3,4,4,Loyal,868.49
17650,2011-11-01,2011-11-18 14:52:00,2011-11-18 14:52:00,1,166.07999999999998,21,1,166.07999999999998,4,2,1,2,New & Promising,166.07999999999998
17651,2010-07-01,2010-07-01 12:17:00,2011-11-28 10:29:00,16,5703.52,11,16,5703.52,5,5,5,5,Champions,3945.0000000000005
17652,2011-03-01,2011-03-03 14:05:00,2011-11-14 12:55:00,12,4867.72,25,12,4867.72,4,5,5,5,Champions,4867.72
17653,2011-08-01,2011-08-11 15:24:00,2011-11-03 12:46:00,4,1207.56,36,4,1207.56,4,4,4,4,Champions,1207.56
17654,2011-03-01,2011-03-07 13:17:00,2011-03-07 13:17:00,1,117.54999999999998,277,1,117.54999999999998,2,2,1,2,Hibernating,117.54999999999998
17655,2010-10-01,2010-10-19 10:20:00,2011-11-29 11:34:00,9,2976.38,10,9,2976.38,5,5,5,5,Champions,1962.8400000000001
17656,2011-08-01,2011-08-03 10:45:00,2011-09-27 13:04:00,5,1674.69,73,5,1674.69,3,4,4,4,Loyal,1674.69
17657,2010-10-01,2010-10-05 14:52:00,2010-10-05 14:52:00,1,126.0,430,1,126.0,1,2,1,2,Lost,0.0
17658,2011-05-01,2011-05-12 15:23:00,2011-11-14 12:07:00,2,595.42,25,2,595.42,4,3,2,2,New & Promising,595.42
17659,2010-11-01,2010-11-18 14:20:00,2011-11-22 13:29:00,14,3586.99,17,14,3586.99,5,5,5,5,Champions,2751.66
17660,2009-12-01,2009-12-02 16:02:00,2011-07-21 13:37:00,2,342.22,141,2,342.22,3,3,2,2,Need Attention,178.75000000000003
17662,2009-12-01,2009-12-17 09:54:00,2010-02-16 09:38:00,2,412.92,661,2,412.92,1,3,2,2,Lost,0.0
17663,2010-03-01,2010-03-04 11:42:00,2011-11-14 08:56:00,17,5175.83,25,17,5175.83,4,5,5,5,Champions,1802.91
17664,2010-03-01,2010-03-29 17:17:00,2011-11-21 11:29:00,4,1166.23,18,4,1166.23,5,4,3,4,Champions,604.6400000000001
17665,2010-08-01,2010-08-03 13:12:00,2010-08-03 13:12:00,1,563.1,493,1,563.1,1,2,2,2,Lost,0.0
17666,2010-06-01,2010-06-30 12:03:00,2011-12-06 09:06:00,5,2047.7999999999997,3,5,2047.7999999999997,5,4,4,4,Champions,728.16
17667,2010-02-01,2010-02-23 09:57:00,2011-10-04 14:32:00,9,3950.7,66,9,3950.7,3,5,5,5,Loyal,2055.51
17668,2011-11-01,2011-11-01 14:45:00,2011-12-08 13:25:00,2,347.75,1,2,347.75,5,3,2,2,New & Promising,347.75
17669,2010-04-01,2010-04-01 18:48:00,2011-10-28 08:53:00,10,6142.35,42,10,6142.35,4,5,5,5,Champions,3406.72
17670,2011-04-01,2011-04-26 09:12:00,2011-04-26 09:12:00,1,205.7,227,1,205.7,2,2,1,2,Hibernating,205.7
17671,2010-11-01,2010-11-29 11:53:00,2011-11-24 12:21:00,5,2009.16,15,5,2009.16,5,4,4,4,Champions,1178.53
17672,2010-03-01,2010-03-08 13:17:00,2011-10-20 14:18:00,6,5663.74,50,6,5663.74,4,4,5,4,Champions,3178.17
17673,2010-03-01,2010-03-19 14:02:00,2011-12-08 12:50:00,13,4173.88,1,13,4173.88,5,5,5,5,Champions,1594.9700000000003
17674,2010-12-01,2010-12-06 10:20:00,2011-09-26 13:35:00,2,551.0400000000001,74,2,551.0400000000001,3,3,2,2,Need Attention,250.38000000000002
17675,2009-12-01,2009-12-10 16:10:00,2011-12-08 18:03:00,70,37642.48,1,70,37642.48,5,5,5,5,Champions,19757.16
17676,2010-03-01,2010-03-30 10:49:00,2011-12-05 15:16:00,10,2448.64,4,10,2448.64,5,5,4,4,Champions,1070.48
17677,2009-12-01,2009-12-16 11:23:00,2011-12-08 09:56:00,54,35058.46000000001,1,54,35058.46000000001,5,5,5,5,Champions,14728.78
17678,2010-04-01,2010-04-15 13:54:00,2011-03-21 11:52:00,2,599.76,263,2,599.76,2,3,2,2,Hibernating,298.10999999999996
17679,2009-12-01,2009-12-03 17:32:00,2011-10-18 07:43:00,7,3577.6100000000006,52,7,3577.6100000000006,4,4,5,4,Champions,1992.1100000000006
17680,2010-07-01,2010-07-16 16:07:00,2011-11-16 12:42:00,3,497.44999999999993,23,3,497.44999999999993,4,3,2,2,New & Promising,184.39999999999998
17681,2010-01-01,2010-01-15 11:53:00,2010-04-21 17:22:00,5,731.2,597,5,731.2,1,4,3,4,At Risk – High Value,0.0
17682,2010-03-01,2010-03-08 09:49:00,2011-11-29 15:59:00,11,4065.2799999999997,10,11,4065.2799999999997,5,5,5,5,Champions,2082.83
17683,2010-06-01,2010-06-03 17:15:00,2010-11-19 10:11:00,3,819.01,385,3,819.01,2,3,3,3,At Risk,0.0
17684,2011-10-01,2011-10-27 11:10:00,2011-10-27 11:10:00,1,239.41,43,1,239.41,4,2,1,2,New & Promising,239.41
17685,2010-02-01,2010-02-11 13:44:00,2011-11-23 11:36:00,12,5454.950000000001,16,12,5454.950000000001,5,5,5,5,Champions,2703.31
17686,2010-06-01,2010-06-24 09:49:00,2011-12-02 15:39:00,9,8296.810000000001,7,9,8296.810000000001,5,5,5,5,Champions,5739.460000000001
17687,2010-10-01,2010-10-15 12:30:00,2010-10-15 12:30:00,1,432.67999999999995,420,1,432.67999999999995,1,2,2,2,Lost,0.0
17688,2010-11-01,2010-11-11 10:41:00,2010-11-11 10:41:00,1,304.20000000000005,393,1,304.20000000000005,2,2,2,2,Hibernating,0.0
17689,2010-08-01,2010-08-22 13:54:00,2010-11-16 13:22:00,2,317.08000000000004,388,2,317.08000000000004,2,3,2,2,Hibernating,0.0
17690,2010-02-01,2010-02-03 14:26:00,2011-11-09 15:17:00,20,6963.800000000001,30,20,6963.800000000001,4,5,5,5,Champions,4278.599999999999
17691,2010-06-01,2010-06-11 11:50:00,2010-12-16 17:20:00,4,637.55,358,4,637.55,2,4,3,4,At Risk – High Value,147.89999999999998
17692,2010-06-01,2010-06-17 11:14:00,2011-08-04 14:01:00,12,2960.4400000000005,127,12,2960.4400000000005,3,5,5,5,Loyal,725.58
17693,2011-07-01,2011-07-25 15:48:00,2011-07-25 15:48:00,1,200.47,137,1,200.47,3,2,1,2,Need Attention,200.47
17694,2010-05-01,2010-05-26 08:27:00,2011-07-21 12:00:00,3,1695.97,141,3,1695.97,3,3,4,4,Loyal,283.12000000000006
17695,2010-01-01,2010-01-28 09:27:00,2011-07-31 10:40:00,5,1746.0400000000002,131,5,1746.0400000000002,3,4,4,4,Loyal,765.3399999999999
17696,2009-12-01,2009-12-10 17:09:00,2011-11-01 13:43:00,27,7679.59,38,27,7679.59,4,5,5,5,Champions,2285.71
17697,2011-04-01,2011-04-17 15:40:00,2011-04-17 15:40:00,1,338.95000000000005,236,1,338.95000000000005,2,2,2,2,Hibernating,338.95000000000005
17698,2011-03-01,2011-03-24 11:34:00,2011-03-24 11:34:00,1,154.95000000000002,260,1,154.95000000000002,2,2,1,2,Hibernating,154.95000000000002
17699,2010-05-01,2010-05-27 11:53:00,2010-08-20 09:39:00,2,442.0,476,2,442.0,1,3,2,2,Lost,0.0
17700,2009-12-01,2009-12-01 11:37:00,2011-11-23 11:51:00,14,6679.969999999999,16,14,6679.969999999999,5,5,5,5,Champions,2534.64
17701,2011-04-01,2011-04-01 12:25:00,2011-04-01 12:25:00,1,417.95000000000005,252,1,417.95000000000005,2,2,2,2,Hibernating,417.95000000000005
17702,2010-11-01,2010-11-04 12:09:00,2011-11-09 16:03:00,6,3144.04,30,6,3144.04,4,4,5,4,Champions,1824.37
17703,2010-10-01,2010-10-17 16:16:00,2011-11-04 15:51:00,4,1094.84,35,4,1094.84,4,4,3,4,Champions,798.74
17704,2011-04-01,2011-04-14 09:28:00,2011-06-24 09:40:00,2,885.19,168,2,885.19,3,3,3,3,Loyal,885.19
17705,2010-05-01,2010-05-12 09:47:00,2011-12-06 13:45:00,11,2083.9,3,11,2083.9,5,5,4,4,Champions,1823.52
17706,2010-01-01,2010-01-19 12:13:00,2011-12-05 13:34:00,31,20272.15,4,31,20272.15,5,5,5,5,Champions,10026.66
17707,2009-12-01,2009-12-07 12:19:00,2011-06-07 15:03:00,8,609.3,185,8,609.3,3,5,3,4,Loyal,152.4
17708,2010-10-01,2010-10-12 12:13:00,2011-06-05 10:12:00,4,884.1800000000001,187,4,884.1800000000001,2,4,3,4,At Risk – High Value,263.33
17709,2010-04-01,2010-04-15 14:48:00,2011-06-23 11:55:00,5,671.01,169,5,671.01,3,4,3,4,Loyal,137.45
17710,2010-10-01,2010-10-12 07:49:00,2010-10-12 07:49:00,1,293.49999999999994,423,1,293.49999999999994,1,2,2,2,Lost,0.0
17711,2011-02-01,2011-02-23 11:32:00,2011-11-29 11:40:00,2,385.1,10,2,385.1,5,3,2,2,New & Promising,385.1
17712,2011-10-01,2011-10-26 12:28:00,2011-10-26 12:28:00,1,522.91,44,1,522.91,4,2,2,2,New & Promising,522.91
17713,2010-06-01,2010-06-09 09:33:00,2010-11-22 16:50:00,4,1198.09,382,4,1198.09,2,4,3,4,At Risk – High Value,0.0
17714,2010-07-01,2010-07-14 10:41:00,2011-01-23 10:32:00,5,1410.1799999999998,320,5,1410.1799999999998,2,4,4,4,At Risk – High Value,153.0
17715,2010-04-01,2010-04-26 12:17:00,2011-05-23 12:32:00,2,489.59999999999997,200,2,489.59999999999997,2,3,2,2,Hibernating,326.4
17716,2009-12-01,2009-12-02 17:18:00,2011-11-17 12:00:00,24,15956.970000000001,22,24,15956.970000000001,4,5,5,5,Champions,5655.990000000001
17717,2010-10-01,2010-10-14 12:54:00,2010-10-14 12:54:00,1,376.9199999999999,421,1,376.9199999999999,1,2,2,2,Lost,0.0
17718,2010-03-01,2010-03-05 08:01:00,2011-04-21 13:39:00,2,439.17999999999995,232,2,439.17999999999995,2,3,2,2,Hibernating,139.35
17719,2011-03-01,2011-03-29 11:29:00,2011-11-02 10:36:00,15,5396.04,37,15,5396.04,4,5,5,5,Champions,5396.04
17720,2010-05-01,2010-05-10 09:58:00,2011-11-13 15:04:00,10,2666.91,26,10,2666.91,4,5,4,4,Champions,1093.9399999999998
17721,2010-02-01,2010-02-18 15:18:00,2010-02-18 15:18:00,1,307.21000000000004,659,1,307.21000000000004,1,2,2,2,Lost,0.0
17722,2010-11-01,2010-11-29 09:44:00,2011-09-04 15:22:00,5,3520.22,96,5,3520.22,3,4,5,4,Loyal,1513.8999999999999
17723,2010-11-01,2010-11-29 10:35:00,2011-08-04 18:37:00,7,3378.4000000000005,127,7,3378.4000000000005,3,4,5,4,Loyal,3276.4000000000005
17724,2011-07-01,2011-07-24 13:26:00,2011-09-29 15:26:00,3,1033.0,71,3,1033.0,3,3,3,3,Loyal,1033.0
17725,2011-03-01,2011-03-17 19:47:00,2011-11-23 16:34:00,11,3439.0800000000004,16,11,3439.0800000000004,5,5,5,5,Champions,3439.08
17726,2010-01-01,2010-01-26 14:58:00,2010-11-09 13:37:00,7,1092.06,395,7,1092.06,2,4,3,4,At Risk – High Value,0.0
17727,2011-11-01,2011-11-24 17:06:00,2011-11-24 17:06:00,1,1060.25,15,1,1060.25,5,2,3,2,New & Promising,1060.25
17728,2010-09-01,2010-09-12 14:58:00,2011-12-06 08:52:00,5,4238.760000000002,3,5,4238.760000000002,5,4,5,4,Champions,2876.010000000001
17729,2010-04-01,2010-04-22 15:03:00,2010-04-22 15:03:00,1,438.6500000000001,596,1,438.6500000000001,1,2,2,2,Lost,0.0
17730,2010-04-01,2010-04-29 11:48:00,2011-12-06 15:43:00,20,7773.8,3,20,7773.8,5,5,5,5,Champions,5298.4800000000005
17731,2010-02-01,2010-02-09 12:37:00,2011-09-21 15:02:00,6,1708.99,79,6,1708.99,3,4,4,4,Loyal,1240.1100000000001
17732,2010-08-01,2010-08-09 08:41:00,2010-12-02 09:29:00,8,2166.42,372,8,2166.42,2,5,4,4,At Risk – High Value,0.0
17733,2011-03-01,2011-03-23 09:54:00,2011-11-01 08:16:00,2,692.19,38,2,692.19,4,3,3,3,Loyal,692.19
17734,2010-03-01,2010-03-07 13:55:00,2011-10-17 12:33:00,6,1442.32,53,6,1442.32,4,4,4,4,Champions,700.63
17735,2010-07-01,2010-07-30 13:25:00,2011-12-07 16:47:00,26,16790.33,2,26,16790.33,5,5,5,5,Champions,12655.42
17736,2011-08-01,2011-08-18 14:33:00,2011-11-30 15:36:00,3,377.4399999999999,9,3,377.4399999999999,5,3,2,2,New & Promising,377.4399999999999
17737,2011-10-01,2011-10-12 14:42:00,2011-11-30 15:16:00,2,168.24,9,2,168.24,5,3,1,2,New & Promising,168.24
17738,2010-03-01,2010-03-19 10:07:00,2011-11-20 15:05:00,13,4183.5599999999995,19,13,4183.5599999999995,5,5,5,5,Champions,1879.0499999999997
17739,2009-12-01,2009-12-07 10:48:00,2011-11-28 09:12:00,18,7730.59,11,18,7730.59,5,5,5,5,Champions,2791.3500000000004
17740,2010-01-01,2010-01-11 13:11:00,2010-11-15 16:33:00,6,426.90000000000003,389,6,426.90000000000003,2,4,2,3,At Risk,0.0
17741,2010-05-01,2010-05-28 12:11:00,2010-10-29 11:59:00,2,101.10000000000001,406,2,101.10000000000001,2,3,1,2,Hibernating,0.0
17742,2009-12-01,2009-12-01 13:16:00,2011-08-18 15:28:00,11,2098.48,113,11,2098.48,3,5,4,4,Loyal,355.11
17743,2010-09-01,2010-09-17 14:54:00,2010-09-17 14:54:00,1,229.2,448,1,229.2,1,2,1,2,Lost,0.0
17744,2010-11-01,2010-11-24 09:34:00,2011-12-06 12:11:00,7,2649.14,3,7,2649.14,5,4,4,4,Champions,2322.4
17745,2010-06-01,2010-06-02 09:03:00,2010-08-19 12:30:00,2,600.34,477,2,600.34,1,3,2,2,Lost,0.0
17746,2010-04-01,2010-04-08 12:54:00,2011-04-13 14:31:00,4,904.1800000000001,240,4,904.1800000000001,2,4,3,4,At Risk – High Value,110.25000000000001
17747,2011-08-01,2011-08-19 08:13:00,2011-08-19 08:13:00,1,71.4,112,1,71.4,3,2,1,2,Need Attention,71.4
17748,2010-06-01,2010-06-30 13:49:00,2010-06-30 13:49:00,1,358.15000000000003,527,1,358.15000000000003,1,2,2,2,Lost,0.0
17749,2010-06-01,2010-06-11 14:56:00,2011-06-14 15:45:00,3,1026.18,178,3,1026.18,3,3,3,3,Loyal,674.52
17750,2011-06-01,2011-06-28 15:44:00,2011-12-04 14:09:00,9,1694.16,5,9,1694.16,5,5,4,4,Champions,1694.16
17751,2010-10-01,2010-10-14 13:57:00,2010-10-14 13:57:00,1,157.85999999999999,421,1,157.85999999999999,1,2,1,2,Lost,0.0
17752,2010-12-01,2010-12-15 16:19:00,2010-12-15 16:19:00,1,80.64,359,1,80.64,2,2,1,2,Hibernating,80.64
17753,2010-01-01,2010-01-06 14:20:00,2010-09-01 15:49:00,4,382.05999999999995,464,4,382.05999999999995,1,4,2,3,At Risk,0.0
17754,2009-12-01,2009-12-11 15:52:00,2011-12-09 11:20:00,13,4451.22,0,13,4451.22,5,5,5,5,Champions,1664.65
17756,2010-11-01,2010-11-10 12:54:00,2010-11-29 12:20:00,3,728.75,375,3,728.75,2,3,3,3,At Risk,0.0
17757,2010-01-01,2010-01-13 15:56:00,2011-12-08 15:31:00,56,9070.100000000002,1,56,9070.100000000002,5,5,5,5,Champions,5296.99
17758,2010-05-01,2010-05-20 13:18:00,2011-11-20 14:45:00,12,4964.030000000001,19,12,4964.030000000001,5,5,5,5,Champions,3408.2000000000007
17759,2010-05-01,2010-05-05 11:40:00,2011-11-22 16:02:00,5,1260.6299999999999,17,5,1260.6299999999999,5,4,4,4,Champions,818.7099999999999
17760,2010-02-01,2010-02-28 12:15:00,2011-11-18 10:56:00,6,746.3899999999999,21,6,746.3899999999999,4,4,3,4,Champions,115.05000000000001
17761,2011-11-01,2011-11-07 10:23:00,2011-11-07 10:23:00,1,712.78,32,1,712.78,4,2,3,2,New & Promising,712.78
17762,2010-09-01,2010-09-09 17:40:00,2010-09-09 17:40:00,1,129.75,456,1,129.75,1,2,1,2,Lost,0.0
17763,2010-02-01,2010-02-18 14:32:00,2011-03-21 14:25:00,4,86.15,263,4,86.15,2,4,1,2,Hibernating,15.0
17764,2009-12-01,2009-12-03 14:28:00,2011-10-20 11:03:00,5,1513.57,50,5,1513.57,4,4,4,4,Champions,772.55
17765,2010-09-01,2010-09-17 12:45:00,2011-07-04 12:41:00,4,524.0000000000001,158,4,524.0000000000001,3,4,2,3,Loyal,367.63000000000005
17766,2010-11-01,2010-11-23 14:17:00,2010-11-23 14:29:00,2,299.61,381,2,299.61,2,3,2,2,Hibernating,0.0
17767,2010-10-01,2010-10-25 16:22:00,2011-11-24 14:42:00,2,413.05000000000007,15,2,413.05000000000007,5,3,2,2,New & Promising,271.20000000000005
17768,2009-12-01,2009-12-02 12:26:00,2011-12-01 13:22:00,7,3292.7299999999996,8,7,3292.7299999999996,5,4,5,4,Champions,2081.9
17769,2010-01-01,2010-01-19 11:33:00,2011-11-27 11:18:00,17,7053.380000000001,12,17,7053.380000000001,5,5,5,5,Champions,3957.43
17770,2011-03-01,2011-03-02 13:35:00,2011-05-25 12:34:00,5,1143.2699999999998,198,5,1143.2699999999998,2,4,3,4,At Risk – High Value,1143.27
17771,2010-04-01,2010-04-29 13:21:00,2011-10-14 11:43:00,4,386.93000000000006,56,4,386.93000000000006,4,4,2,3,Loyal,245.33
17772,2010-11-01,2010-11-12 11:31:00,2011-11-29 11:05:00,3,360.7499999999999,10,3,360.7499999999999,5,3,2,2,New & Promising,173.45
17773,2010-01-01,2010-01-18 14:32:00,2010-07-13 14:07:00,2,575.37,514,2,575.37,1,3,2,2,Lost,0.0
17774,2010-02-01,2010-02-08 16:06:00,2011-09-04 12:49:00,9,3272.83,96,9,3272.83,3,5,5,5,Loyal,1213.73
17775,2011-03-01,2011-03-30 10:50:00,2011-03-30 10:50:00,1,56.4,254,1,56.4,2,2,1,2,Hibernating,56.4
17776,2009-12-01,2009-12-16 14:59:00,2010-11-18 12:14:00,2,329.3,386,2,329.3,2,3,2,2,Hibernating,0.0
17777,2011-08-01,2011-08-31 14:35:00,2011-11-15 12:02:00,3,647.5600000000001,24,3,647.5600000000001,4,3,3,3,Loyal,647.5600000000001
17778,2010-02-01,2010-02-16 12:44:00,2010-02-16 12:44:00,1,197.7,661,1,197.7,1,2,1,2,Lost,0.0
17779,2011-07-01,2011-07-19 12:19:00,2011-11-18 14:15:00,3,650.3199999999999,21,3,650.3199999999999,4,3,3,3,Loyal,650.3199999999999
17780,2010-01-01,2010-01-24 11:21:00,2010-02-10 13:43:00,3,346.55999999999995,667,3,346.55999999999995,1,3,2,2,Lost,0.0
17781,2011-03-01,2011-03-31 19:54:00,2011-07-03 16:00:00,2,188.01999999999998,159,2,188.01999999999998,3,3,1,2,Need Attention,188.01999999999998
17782,2010-11-01,2010-11-22 10:03:00,2010-11-22 11:15:00,2,679.02,382,2,679.02,2,3,3,3,At Risk,0.0
17783,2010-07-01,2010-07-15 12:50:00,2011-09-28 16:07:00,3,376.9600000000001,72,3,376.9600000000001,3,3,2,2,Need Attention,283.47
17784,2010-06-01,2010-06-07 16:08:00,2010-06-07 16:08:00,1,112.85999999999997,550,1,112.85999999999997,1,2,1,2,Lost,0.0
17785,2010-05-01,2010-05-23 13:01:00,2011-10-17 13:43:00,3,403.38000000000005,53,3,403.38000000000005,4,3,2,2,New & Promising,131.94000000000003
17786,2011-01-01,2011-01-26 14:35:00,2011-09-15 12:51:00,2,266.85,85,2,266.85,3,3,1,2,Need Attention,266.85
17787,2010-12-01,2010-12-03 13:43:00,2011-07-10 11:24:00,4,1817.5399999999997,152,4,1817.5399999999997,3,4,4,4,Loyal,1081.26
17788,2011-08-01,2011-08-02 10:38:00,2011-09-27 10:09:00,2,1112.95,73,2,1112.95,3,3,3,3,Loyal,1112.95
17789,2010-02-01,2010-02-16 13:16:00,2011-03-03 13:14:00,2,397.15,281,2,397.15,2,3,2,2,Hibernating,225.9
17790,2010-06-01,2010-06-13 13:30:00,2011-11-13 11:30:00,20,2779.4100000000003,26,20,2779.4100000000003,4,5,4,4,Champions,1964.3000000000002
17791,2011-11-01,2011-11-10 12:09:00,2011-11-10 12:09:00,1,106.1,29,1,106.1,4,2,1,2,New & Promising,106.1
17792,2010-08-01,2010-08-18 13:08:00,2010-08-29 14:30:00,2,368.35,467,2,368.35,1,3,2,2,Lost,0.0
17793,2011-11-01,2011-11-14 14:24:00,2011-11-14 14:24:00,1,300.3399999999999,25,1,300.3399999999999,4,2,2,2,New & Promising,300.3399999999999
17794,2010-01-01,2010-01-20 12:17:00,2010-01-22 10:18:00,2,147.3,686,2,147.3,1,3,1,2,Lost,0.0
17795,2011-03-01,2011-03-20 12:02:00,2011-06-13 12:36:00,2,342.83000000000004,179,2,342.83000000000004,3,3,2,2,Need Attention,342.83000000000004
17796,2010-10-01,2010-10-14 13:37:00,2011-10-30 15:38:00,7,1236.3899999999999,40,7,1236.3899999999999,4,4,4,4,Champions,575.35
17797,2009-12-01,2009-12-15 14:30:00,2011-11-17 13:21:00,8,1971.8700000000003,22,8,1971.8700000000003,4,5,4,4,Champions,780.4300000000002
17798,2010-05-01,2010-05-07 11:42:00,2010-05-07 11:42:00,1,172.17,581,1,172.17,1,2,1,2,Lost,0.0
17799,2009-12-01,2009-12-13 16:03:00,2011-11-17 15:16:00,20,6246.93,22,20,6246.93,4,5,5,5,Champions,3039.17
17800,2011-01-01,2011-01-09 13:50:00,2011-11-02 12:57:00,9,1186.21,37,9,1186.21,4,5,3,4,Champions,1186.21
17801,2010-01-01,2010-01-17 11:31:00,2010-09-14 14:32:00,3,770.03,451,3,770.03,1,3,3,3,At Risk,0.0
17802,2009-12-01,2009-12-13 13:39:00,2011-09-18 14:56:00,10,4946.220000000001,82,10,4946.220000000001,3,5,5,5,Loyal,1184.8400000000006
17803,2010-11-01,2010-11-12 13:53:00,2010-11-12 13:53:00,1,184.65999999999997,392,1,184.65999999999997,2,2,1,2,Hibernating,0.0
17804,2009-12-01,2009-12-01 12:22:00,2010-11-28 14:01:00,3,383.78,376,3,383.78,2,3,2,2,Hibernating,0.0
17805,2010-04-01,2010-04-08 14:36:00,2011-09-27 11:49:00,2,927.03,73,2,927.03,3,3,3,3,Loyal,512.31
17806,2011-11-01,2011-11-28 14:12:00,2011-11-28 14:12:00,1,546.0399999999998,11,1,546.0399999999998,5,2,2,2,New & Promising,546.0399999999998
17807,2010-01-01,2010-01-04 14:00:00,2010-11-09 16:21:00,3,437.87,395,3,437.87,2,3,2,2,Hibernating,0.0
17808,2010-05-01,2010-05-07 16:26:00,2010-06-09 10:44:00,4,262.64000000000004,548,4,262.64000000000004,1,4,1,2,Lost,0.0
17809,2009-12-01,2009-12-02 14:52:00,2011-11-23 12:59:00,20,10085.89,16,20,10085.89,5,5,5,5,Champions,4160.41
17810,2010-01-01,2010-01-25 10:26:00,2010-02-09 10:47:00,2,343.20999999999987,668,2,343.20999999999987,1,3,2,2,Lost,0.0
17811,2010-09-01,2010-09-20 11:24:00,2011-12-05 13:46:00,47,9513.099999999999,4,47,9513.099999999999,5,5,5,5,Champions,7755.12
17812,2010-06-01,2010-06-27 13:34:00,2011-11-27 11:47:00,7,911.99,12,7,911.99,5,4,3,4,Champions,506.5099999999999
17813,2011-09-01,2011-09-29 15:57:00,2011-11-25 16:13:00,5,1698.07,14,5,1698.07,5,4,4,4,Champions,1698.07
17814,2010-10-01,2010-10-13 14:03:00,2010-11-29 14:21:00,2,1609.3699999999997,375,2,1609.3699999999997,2,3,4,4,At Risk – High Value,0.0
17815,2010-11-01,2010-11-11 14:39:00,2010-11-11 14:39:00,1,591.96,393,1,591.96,2,2,2,2,Hibernating,0.0
17816,2009-12-01,2009-12-15 15:27:00,2011-11-03 11:34:00,6,96.11,36,6,96.11,4,4,1,2,New & Promising,20.35
17817,2010-10-01,2010-10-13 15:07:00,2011-12-05 14:39:00,6,788.1500000000001,4,6,788.1500000000001,5,4,3,4,Champions,387.67999999999995
17818,2009-12-01,2009-12-02 11:34:00,2009-12-02 11:34:00,1,124.78,737,1,124.78,1,2,1,2,Lost,0.0
17819,2009-12-01,2009-12-13 15:24:00,2011-09-29 10:52:00,12,6021.05,71,12,6021.05,3,5,5,5,Loyal,3113.4
17820,2010-11-01,2010-11-30 17:43:00,2010-11-30 17:43:00,1,180.60999999999999,374,1,180.60999999999999,2,2,1,2,Hibernating,0.0
17821,2010-10-01,2010-10-29 13:20:00,2010-10-29 13:20:00,1,334.62,406,1,334.62,2,2,2,2,Hibernating,0.0
17822,2010-05-01,2010-05-28 12:15:00,2010-10-15 13:47:00,5,2154.0800000000004,420,5,2154.0800000000004,1,4,4,4,At Risk – High Value,0.0
17823,2010-10-01,2010-10-14 16:14:00,2010-10-14 16:24:00,2,449.2500000000001,421,2,449.2500000000001,1,3,2,2,Lost,0.0
17824,2011-10-01,2011-10-19 14:14:00,2011-10-19 14:14:00,1,298.4,51,1,298.4,4,2,2,2,New & Promising,298.4
17825,2009-12-01,2009-12-14 12:09:00,2010-04-20 12:01:00,4,701.96,598,4,701.96,1,4,3,4,At Risk – High Value,0.0
17826,2010-11-01,2010-11-30 13:23:00,2010-11-30 13:23:00,1,133.34000000000003,374,1,133.34000000000003,2,2,1,2,Hibernating,0.0
17827,2010-03-01,2010-03-28 12:20:00,2011-12-04 15:00:00,6,2376.17,5,6,2376.17,5,4,4,4,Champions,1987.3300000000002
17828,2011-06-01,2011-06-08 08:31:00,2011-11-17 08:41:00,4,1165.0900000000001,22,4,1165.0900000000001,4,4,3,4,Champions,1165.0900000000001
17829,2010-02-01,2010-02-22 15:39:00,2011-02-14 12:46:00,5,4756.7400000000025,298,5,4756.7400000000025,2,4,5,4,At Risk – High Value,889.24
17830,2011-02-01,2011-02-24 10:15:00,2011-12-08 12:28:00,3,398.70000000000005,1,3,398.70000000000005,5,3,2,2,New & Promising,398.7
17831,2011-11-01,2011-11-06 15:09:00,2011-11-06 15:09:00,1,35.400000000000006,33,1,35.400000000000006,4,2,1,2,New & Promising,35.400000000000006
17832,2011-10-01,2011-10-21 11:43:00,2011-10-21 11:43:00,1,155.3700000000001,49,1,155.3700000000001,4,2,1,2,New & Promising,155.3700000000001
17833,2009-12-01,2009-12-16 13:40:00,2009-12-16 13:40:00,1,338.46000000000004,723,1,338.46000000000004,1,2,2,2,Lost,0.0
17834,2010-09-01,2010-09-20 15:32:00,2010-10-21 12:09:00,2,689.6700000000001,414,2,689.6700000000001,1,3,3,3,At Risk,0.0
17835,2011-11-01,2011-11-16 16:30:00,2011-12-07 11:48:00,3,342.24,2,3,342.24,5,3,2,2,New & Promising,342.24
17836,2011-10-01,2011-10-23 16:13:00,2011-10-23 16:13:00,1,109.83,47,1,109.83,4,2,1,2,New & Promising,109.83
17837,2011-06-01,2011-06-29 16:44:00,2011-10-28 16:13:00,8,1535.3300000000002,42,8,1535.3300000000002,4,5,4,4,Champions,1535.33
17838,2010-03-01,2010-03-19 09:53:00,2011-11-13 11:20:00,13,5604.639999999999,26,13,5604.639999999999,4,5,5,5,Champions,1817.94
17839,2011-10-01,2011-10-28 17:27:00,2011-10-28 17:27:00,1,318.15000000000003,42,1,318.15000000000003,4,2,2,2,New & Promising,318.15000000000003
17840,2010-09-01,2010-09-22 12:24:00,2010-09-22 12:24:00,1,175.90000000000003,443,1,175.90000000000003,1,2,1,2,Lost,0.0
17841,2009-12-01,2009-12-02 15:41:00,2011-12-08 12:07:00,211,68519.95000000001,1,211,68519.95000000001,5,5,5,5,Champions,38959.38
17842,2010-04-01,2010-04-16 14:23:00,2010-04-16 14:23:00,1,430.69000000000005,602,1,430.69000000000005,1,2,2,2,Lost,0.0
17843,2010-10-01,2010-10-24 10:56:00,2011-02-09 15:33:00,2,312.65000000000003,303,2,312.65000000000003,2,3,2,2,Hibernating,197.73000000000002
17844,2011-08-01,2011-08-25 11:27:00,2011-08-25 11:27:00,1,51.56,106,1,51.56,3,2,1,2,Need Attention,51.56
17845,2010-05-01,2010-05-12 13:04:00,2010-06-02 15:20:00,4,596.09,555,4,596.09,1,4,2,3,At Risk,0.0
17847,2010-03-01,2010-03-04 12:57:00,2010-07-12 10:00:00,2,125.74000000000001,515,2,125.74000000000001,1,3,1,2,Lost,0.0
17848,2009-12-01,2009-12-06 13:19:00,2011-09-19 16:49:00,30,3538.4599999999996,81,30,3538.4599999999996,3,5,5,5,Loyal,901.2
17849,2010-03-01,2010-03-14 15:17:00,2011-05-05 13:46:00,8,1063.7600000000002,218,8,1063.7600000000002,2,5,3,4,At Risk – High Value,605.8
17850,2009-12-01,2009-12-05 12:28:00,2010-12-02 15:27:00,155,51208.870000000024,372,155,51208.870000000024,2,5,5,5,At Risk – High Value,0.0
17851,2009-12-01,2009-12-03 17:46:00,2010-10-13 15:13:00,6,1552.35,422,6,1552.35,1,4,4,4,At Risk – High Value,0.0
17852,2009-12-01,2009-12-08 12:51:00,2011-11-28 12:36:00,5,657.81,11,5,657.81,5,4,3,4,Champions,114.34
17853,2009-12-01,2009-12-03 15:09:00,2010-10-28 15:29:00,3,1596.29,407,3,1596.29,2,3,4,4,At Risk – High Value,0.0
17854,2009-12-01,2009-12-08 11:13:00,2011-06-07 16:21:00,6,1068.5,185,6,1068.5,3,4,3,4,Loyal,311.26
17855,2010-12-01,2010-12-02 09:44:00,2010-12-02 09:44:00,1,208.96999999999997,372,1,208.96999999999997,2,2,1,2,Hibernating,0.0
17856,2011-03-01,2011-03-03 11:40:00,2011-12-08 09:40:00,4,1418.0300000000002,1,4,1418.0300000000002,5,4,4,4,Champions,1418.03
17857,2010-03-01,2010-03-08 12:09:00,2011-12-05 13:13:00,23,25769.54,4,23,25769.54,5,5,5,5,Champions,23966.34
17858,2009-12-01,2009-12-06 15:41:00,2011-12-04 11:56:00,30,12518.650000000001,5,30,12518.650000000001,5,5,5,5,Champions,4904.41
17859,2011-02-01,2011-02-08 10:32:00,2011-02-08 10:32:00,1,141.92000000000002,304,1,141.92000000000002,2,2,1,2,Hibernating,141.92000000000002
17860,2009-12-01,2009-12-11 16:48:00,2010-12-06 12:41:00,4,717.39,368,4,717.39,2,4,3,4,At Risk – High Value,0.0
17861,2009-12-01,2009-12-10 11:27:00,2011-12-06 16:21:00,18,5088.290000000001,3,18,5088.290000000001,5,5,5,5,Champions,2097.88
17862,2010-05-01,2010-05-25 17:22:00,2011-01-20 12:23:00,4,1254.8899999999999,323,4,1254.8899999999999,2,4,4,4,At Risk – High Value,330.9
17863,2010-02-01,2010-02-25 12:01:00,2011-10-11 13:45:00,12,5360.48,59,12,5360.48,3,5,5,5,Loyal,2775.2799999999997
17864,2010-10-01,2010-10-08 11:49:00,2011-11-27 11:15:00,5,876.5699999999999,12,5,876.5699999999999,5,4,3,4,Champions,554.85
17865,2009-12-01,2009-12-01 10:49:00,2011-11-09 12:08:00,46,26310.09,30,46,26310.09,4,5,5,5,Champions,10524.220000000001
17866,2009-12-01,2009-12-14 16:01:00,2011-07-20 11:07:00,3,1134.9499999999998,142,3,1134.9499999999998,3,3,3,3,Loyal,329.65
17867,2009-12-01,2009-12-02 13:39:00,2011-11-09 14:15:00,14,1560.7200000000003,30,14,1560.7200000000003,4,5,4,4,Champions,1157.8700000000001
17868,2010-11-01,2010-11-18 18:55:00,2010-11-18 18:55:00,1,227.14999999999998,386,1,227.14999999999998,2,2,1,2,Hibernating,0.0
17869,2010-06-01,2010-06-10 13:47:00,2011-08-24 16:16:00,7,813.64,107,7,813.64,3,4,3,4,Loyal,213.86
17870,2010-11-01,2010-11-23 11:39:00,2011-12-07 15:07:00,13,2753.2899999999995,2,13,2753.2899999999995,5,5,4,4,Champions,1539.49
17871,2010-01-01,2010-01-15 14:48:00,2011-05-19 11:32:00,5,1068.95,204,5,1068.95,2,4,3,4,At Risk – High Value,155.89999999999998
17872,2010-11-01,2010-11-23 12:02:00,2010-11-23 12:02:00,1,235.87,381,1,235.87,2,2,1,2,Hibernating,0.0
17873,2009-12-01,2009-12-16 15:11:00,2011-09-20 16:41:00,18,6135.950000000001,80,18,6135.950000000001,3,5,5,5,Loyal,1514.63
17874,2011-03-01,2011-03-29 11:25:00,2011-06-07 12:54:00,6,683.46,185,6,683.46,3,4,3,4,Loyal,683.46
17875,2010-01-01,2010-01-20 15:30:00,2010-01-20 15:30:00,1,167.1,688,1,167.1,1,2,1,2,Lost,0.0
17876,2010-02-01,2010-02-02 13:00:00,2010-11-05 10:52:00,3,3424.02,399,3,3424.02,2,3,5,4,At Risk – High Value,0.0
17877,2011-06-01,2011-06-22 13:00:00,2011-06-22 13:00:00,1,237.61,170,1,237.61,3,2,1,2,Need Attention,237.61
17878,2010-11-01,2010-11-09 13:50:00,2011-10-27 11:24:00,3,1378.93,43,3,1378.93,4,3,4,4,Champions,379.45000000000005
17879,2011-06-01,2011-06-19 12:36:00,2011-06-19 12:36:00,1,178.51999999999998,173,1,178.51999999999998,3,2,1,2,Need Attention,178.51999999999998
17880,2009-12-01,2009-12-09 16:13:00,2010-12-10 10:21:00,3,824.9199999999998,364,3,824.9199999999998,2,3,3,3,At Risk,458.91999999999985
17881,2011-02-01,2011-02-08 17:16:00,2011-02-08 17:16:00,1,133.35000000000002,304,1,133.35000000000002,2,2,1,2,Hibernating,133.35000000000002
17882,2010-11-01,2010-11-25 14:35:00,2010-11-25 14:40:00,2,291.56000000000006,379,2,291.56000000000006,2,3,2,2,Hibernating,0.0
17883,2010-02-01,2010-02-25 20:07:00,2011-12-06 17:49:00,7,988.4199999999998,3,7,988.4199999999998,5,4,3,4,Champions,664.3399999999999
17884,2009-12-01,2009-12-04 16:23:00,2011-12-06 11:33:00,20,2693.47,3,20,2693.47,5,5,4,4,Champions,372.54999999999995
17885,2011-11-01,2011-11-27 14:40:00,2011-11-27 14:40:00,1,156.34,12,1,156.34,5,2,1,2,New & Promising,156.34
17886,2010-04-01,2010-04-29 11:10:00,2011-11-08 10:09:00,6,1572.55,31,6,1572.55,4,4,4,4,Champions,869.28
17887,2011-08-01,2011-08-02 17:29:00,2011-08-02 17:29:00,1,111.35,129,1,111.35,3,2,1,2,Need Attention,111.35
17888,2009-12-01,2009-12-21 16:34:00,2011-11-18 13:45:00,25,1807.4399999999996,21,25,1807.4399999999996,4,5,4,4,Champions,716.0
17889,2010-03-01,2010-03-31 10:54:00,2011-05-11 16:26:00,7,746.4200000000001,212,7,746.4200000000001,2,4,3,4,At Risk – High Value,201.37
17890,2010-12-01,2010-12-13 15:12:00,2011-01-21 11:19:00,2,586.8900000000001,322,2,586.8900000000001,2,3,2,2,Hibernating,586.8900000000001
17891,2011-06-01,2011-06-30 20:08:00,2011-06-30 20:08:00,1,203.85999999999993,162,1,203.85999999999993,3,2,1,2,Need Attention,203.85999999999993
17892,2011-07-01,2011-07-07 12:56:00,2011-10-14 16:49:00,3,244.10000000000002,56,3,244.10000000000002,4,3,1,2,New & Promising,244.10000000000002
17893,2011-04-01,2011-04-28 13:50:00,2011-04-28 13:50:00,1,107.21000000000004,225,1,107.21000000000004,2,2,1,2,Hibernating,107.21000000000004
17894,2010-08-01,2010-08-27 14:13:00,2011-09-29 09:23:00,18,2304.16,71,18,2304.16,3,5,4,4,Loyal,1011.7700000000002
17895,2011-10-01,2011-10-26 17:00:00,2011-10-26 17:00:00,1,95.44999999999999,44,1,95.44999999999999,4,2,1,2,New & Promising,95.44999999999999
17896,2011-11-01,2011-11-16 13:59:00,2011-11-16 13:59:00,1,256.32,23,1,256.32,4,2,1,2,New & Promising,256.32
17897,2010-05-01,2010-05-12 16:03:00,2011-06-20 11:23:00,9,2053.04,172,9,2053.04,3,5,4,4,Loyal,131.14000000000001
17898,2010-05-01,2010-05-21 17:22:00,2011-09-15 14:56:00,4,299.18,85,4,299.18,3,4,2,3,Loyal,152.05999999999997
17899,2011-07-01,2011-07-03 14:58:00,2011-07-03 14:58:00,1,154.54999999999998,159,1,154.54999999999998,3,2,1,2,Need Attention,154.54999999999998
17900,2011-06-01,2011-06-02 14:28:00,2011-06-02 14:38:00,2,112.19999999999999,190,2,112.19999999999999,2,3,1,2,Hibernating,112.19999999999999
17901,2010-07-01,2010-07-06 10:54:00,2011-11-10 17:29:00,3,260.08,29,3,260.08,4,3,1,2,New & Promising,110.38000000000001
17902,2010-06-01,2010-06-11 12:25:00,2010-06-11 12:25:00,1,216.4,546,1,216.4,1,2,1,2,Lost,0.0
17903,2010-11-01,2010-11-10 15:39:00,2010-11-10 15:39:00,1,381.09000000000003,394,1,381.09000000000003,2,2,2,2,Hibernating,0.0
17904,2011-11-01,2011-11-18 12:57:00,2011-11-18 12:57:00,1,181.06999999999996,21,1,181.06999999999996,4,2,1,2,New & Promising,181.06999999999996
17905,2010-01-01,2010-01-28 17:54:00,2011-09-29 17:33:00,13,2168.37,71,13,2168.37,3,5,4,4,Loyal,598.49
17906,2011-04-01,2011-04-06 17:25:00,2011-04-06 17:25:00,1,72.9,247,1,72.9,2,2,1,2,Hibernating,72.9
17907,2010-03-01,2010-03-09 12:33:00,2010-03-09 12:33:00,1,291.76,640,1,291.76,1,2,2,2,Lost,0.0
17908,2009-12-01,2009-12-14 12:24:00,2010-12-01 11:45:00,5,1142.4699999999998,373,5,1142.4699999999998,2,4,3,4,At Risk – High Value,0.0
17909,2009-12-01,2009-12-02 13:10:00,2009-12-02 13:10:00,1,110.05000000000001,737,1,110.05000000000001,1,2,1,2,Lost,0.0
17910,2009-12-01,2009-12-13 16:04:00,2009-12-13 16:04:00,1,261.7,726,1,261.7,1,2,1,2,Lost,0.0
17911,2011-11-01,2011-11-30 14:52:00,2011-11-30 14:52:00,1,366.23,9,1,366.23,5,2,2,2,New & Promising,366.23
17912,2010-11-01,2010-11-29 13:53:00,2011-02-02 14:25:00,6,371.6000000000001,310,6,371.6000000000001,2,4,2,3,At Risk,310.06000000000006
17913,2009-12-01,2009-12-03 13:02:00,2011-10-12 10:45:00,14,3425.0899999999997,58,14,3425.0899999999997,4,5,5,5,Champions,408.65
17914,2011-12-01,2011-12-06 11:58:00,2011-12-06 11:58:00,1,329.3599999999999,3,1,329.3599999999999,5,2,2,2,New & Promising,329.3599999999999
17915,2010-06-01,2010-06-06 13:22:00,2010-06-06 13:22:00,1,225.77999999999997,551,1,225.77999999999997,1,2,1,2,Lost,0.0
17916,2009-12-01,2009-12-06 14:10:00,2010-03-21 12:26:00,2,43.870000000000005,628,2,43.870000000000005,1,3,1,2,Lost,0.0
17917,2010-12-01,2010-12-12 12:08:00,2011-10-25 13:20:00,3,335.03000000000003,45,3,335.03000000000003,4,3,2,2,New & Promising,335.03
17918,2010-07-01,2010-07-22 14:20:00,2010-07-27 11:51:00,3,388.44,500,3,388.44,1,3,2,2,Lost,0.0
17919,2010-09-01,2010-09-27 10:40:00,2011-09-12 13:41:00,2,1840.3199999999997,88,2,1840.3199999999997,3,3,4,4,Loyal,1304.04
17920,2009-12-01,2009-12-06 10:37:00,2011-12-05 14:29:00,54,23569.880000000005,4,54,23569.880000000005,5,5,5,5,Champions,3444.54
17921,2010-07-01,2010-07-15 20:05:00,2011-10-06 18:56:00,10,2394.3599999999997,64,10,2394.3599999999997,3,5,4,4,Loyal,820.2299999999999
17922,2010-06-01,2010-06-14 16:32:00,2010-06-14 16:32:00,1,170.4,543,1,170.4,1,2,1,2,Lost,0.0
17923,2010-06-01,2010-06-13 13:58:00,2011-03-02 15:15:00,3,497.0,282,3,497.0,2,3,2,2,Hibernating,207.50000000000003
17924,2010-10-01,2010-10-21 12:17:00,2011-11-28 09:11:00,8,3257.7000000000003,11,8,3257.7000000000003,5,5,5,5,Champions,2683.5
17925,2010-12-01,2010-12-02 10:10:00,2010-12-02 10:10:00,1,244.08,372,1,244.08,2,2,1,2,Hibernating,0.0
17926,2010-05-01,2010-05-09 14:07:00,2011-07-29 14:39:00,5,1035.49,133,5,1035.49,3,4,3,4,Loyal,397.29
17927,2009-12-01,2009-12-18 11:03:00,2009-12-18 11:03:00,1,294.0,721,1,294.0,1,2,2,2,Lost,0.0
17928,2010-05-01,2010-05-17 15:30:00,2011-10-25 13:52:00,3,313.15999999999997,45,3,313.15999999999997,4,3,2,2,New & Promising,184.46
17929,2009-12-01,2009-12-09 11:40:00,2011-11-28 16:01:00,12,3082.1,11,12,3082.1,5,5,5,5,Champions,843.0
17930,2010-03-01,2010-03-04 10:41:00,2011-11-04 10:23:00,13,4275.219999999999,35,13,4275.219999999999,4,5,5,5,Champions,1740.48
17931,2010-02-01,2010-02-16 15:47:00,2011-07-28 18:33:00,14,3402.24,134,14,3402.24,3,5,5,5,Loyal,408.36
17932,2011-05-01,2011-05-12 13:58:00,2011-11-10 19:49:00,3,1331.5699999999997,29,3,1331.5699999999997,4,3,4,4,Champions,1331.5699999999997
17933,2010-03-01,2010-03-17 15:11:00,2010-03-17 15:11:00,1,105.99000000000001,632,1,105.99000000000001,1,2,1,2,Lost,0.0
17934,2010-10-01,2010-10-29 12:23:00,2011-10-19 11:16:00,3,1049.15,51,3,1049.15,4,3,3,3,Loyal,704.25
17935,2009-12-01,2009-12-04 14:33:00,2011-07-24 13:18:00,7,683.24,138,7,683.24,3,4,3,4,Loyal,142.89
17936,2011-12-01,2011-12-04 13:32:00,2011-12-04 13:32:00,1,380.12999999999994,5,1,380.12999999999994,5,2,2,2,New & Promising,380.12999999999994
17937,2010-12-01,2010-12-12 14:43:00,2011-12-01 11:45:00,7,4301.22,8,7,4301.22,5,4,5,4,Champions,4301.22
17938,2010-10-01,2010-10-15 14:27:00,2010-10-15 14:27:00,1,144.29000000000005,420,1,144.29000000000005,1,2,1,2,Lost,0.0
17939,2011-07-01,2011-07-03 12:27:00,2011-07-03 12:27:00,1,99.14000000000003,159,1,99.14000000000003,3,2,1,2,Need Attention,99.14000000000003
17940,2009-12-01,2009-12-03 12:31:00,2011-10-21 13:27:00,14,28389.579999999998,49,14,28389.579999999998,4,5,5,5,Champions,2152.1800000000003
17941,2010-01-01,2010-01-06 15:37:00,2011-08-01 08:30:00,4,1433.28,130,4,1433.28,3,4,4,4,Loyal,304.56
17942,2011-12-01,2011-12-02 10:45:00,2011-12-02 10:45:00,1,77.50000000000001,7,1,77.50000000000001,5,2,1,2,New & Promising,77.50000000000001
17944,2010-10-01,2010-10-12 16:25:00,2010-10-12 16:25:00,1,74.99000000000001,423,1,74.99000000000001,1,2,1,2,Lost,0.0
17945,2010-01-01,2010-01-12 11:33:00,2010-01-12 11:40:00,3,359.5,696,3,359.5,1,3,2,2,Lost,0.0
17946,2011-03-01,2011-03-25 14:34:00,2011-04-20 17:00:00,2,149.57999999999998,233,2,149.57999999999998,2,3,1,2,Hibernating,149.57999999999998
17947,2011-11-01,2011-11-02 13:05:00,2011-11-02 13:05:00,1,176.68,37,1,176.68,4,2,1,2,New & Promising,176.68
17948,2011-07-01,2011-07-15 12:58:00,2011-07-15 12:58:00,1,358.56000000000006,147,1,358.56000000000006,3,2,2,2,Need Attention,358.56000000000006
17949,2009-12-01,2009-12-02 11:07:00,2011-12-08 18:46:00,116,107833.47999999998,1,116,107833.47999999998,5,5,5,5,Champions,56716.48
17950,2010-01-01,2010-01-04 17:39:00,2011-09-28 15:18:00,7,1166.29,72,7,1166.29,3,4,3,4,Loyal,219.03
17951,2010-10-01,2010-10-31 15:15:00,2011-10-31 12:30:00,4,1340.5800000000002,39,4,1340.5800000000002,4,4,4,4,Champions,713.0400000000001
17952,2010-06-01,2010-06-16 11:54:00,2010-11-26 13:54:00,4,788.46,378,4,788.46,2,4,3,4,At Risk – High Value,0.0
17953,2010-06-01,2010-06-17 15:08:00,2010-06-17 15:08:00,1,148.67000000000002,540,1,148.67000000000002,1,2,1,2,Lost,0.0
17954,2009-12-01,2009-12-09 13:22:00,2011-12-04 14:15:00,19,3801.829999999999,5,19,3801.829999999999,5,5,5,5,Champions,2185.45
17955,2010-02-01,2010-02-12 16:27:00,2011-05-25 12:00:00,6,949.8999999999999,198,6,949.8999999999999,2,4,3,4,At Risk – High Value,557.3
17956,2011-04-01,2011-04-04 13:47:00,2011-04-04 13:47:00,1,12.75,249,1,12.75,2,2,1,2,Hibernating,12.75
17957,2011-10-01,2011-10-04 14:58:00,2011-10-04 14:58:00,1,110.71999999999998,66,1,110.71999999999998,3,2,1,2,Need Attention,110.71999999999998
17958,2009-12-01,2009-12-11 15:37:00,2011-08-15 12:19:00,2,973.8799999999999,116,2,973.8799999999999,3,3,3,3,Loyal,508.4599999999999
17959,2010-04-01,2010-04-26 14:12:00,2010-04-26 14:12:00,1,140.75,592,1,140.75,1,2,1,2,Lost,0.0
17960,2010-03-01,2010-03-08 12:22:00,2011-06-21 14:15:00,3,135.08,171,3,135.08,3,3,1,2,Need Attention,73.78
17961,2009-12-01,2009-12-01 14:48:00,2011-11-18 16:55:00,100,2866.7400000000002,21,100,2866.7400000000002,4,5,4,4,Champions,1168.8899999999999
17962,2010-01-01,2010-01-13 15:24:00,2011-07-20 14:16:00,4,665.91,142,4,665.91,3,4,3,4,Loyal,102.40999999999998
17963,2010-01-01,2010-01-19 17:25:00,2010-08-25 15:58:00,4,643.1600000000001,471,4,643.1600000000001,1,4,3,4,At Risk – High Value,0.0
17964,2010-12-01,2010-12-02 13:32:00,2011-11-08 10:44:00,2,463.21000000000004,31,2,463.21000000000004,4,3,2,2,New & Promising,201.45000000000002
17965,2009-12-01,2009-12-14 13:19:00,2011-11-02 09:31:00,29,7002.9,37,29,7002.9,4,5,5,5,Champions,2448.64
17966,2010-01-01,2010-01-18 13:24:00,2011-11-02 10:26:00,10,1963.9199999999998,37,10,1963.9199999999998,4,5,4,4,Champions,1098.4299999999998
17967,2010-10-01,2010-10-19 13:19:00,2010-12-03 11:19:00,2,223.42000000000002,371,2,223.42000000000002,2,3,1,2,Hibernating,0.0
17968,2010-07-01,2010-07-15 15:01:00,2010-12-01 12:23:00,4,590.44,373,4,590.44,2,4,2,3,At Risk,0.0
17969,2009-12-01,2009-12-06 13:53:00,2011-06-26 13:00:00,20,2354.29,166,20,2354.29,3,5,4,4,Loyal,228.2
17970,2011-05-01,2011-05-12 20:03:00,2011-05-12 20:03:00,1,562.79,211,1,562.79,2,2,2,2,Hibernating,562.79
17971,2010-06-01,2010-06-09 14:04:00,2010-06-09 14:04:00,1,161.94000000000005,548,1,161.94000000000005,1,2,1,2,Lost,0.0
17972,2011-04-01,2011-04-12 12:16:00,2011-04-12 12:16:00,1,135.19,241,1,135.19,2,2,1,2,Hibernating,135.19
17973,2011-10-01,2011-10-19 10:34:00,2011-10-19 10:34:00,1,337.04,51,1,337.04,4,2,2,2,New & Promising,337.04
17974,2010-10-01,2010-10-28 20:03:00,2011-11-15 11:37:00,6,1739.0900000000001,24,6,1739.0900000000001,4,4,4,4,Champions,703.99
17975,2010-08-01,2010-08-06 11:24:00,2011-11-24 13:27:00,24,6693.03,15,24,6693.03,5,5,5,5,Champions,4165.86
17976,2010-12-01,2010-12-02 13:49:00,2010-12-02 13:49:00,1,321.7899999999999,372,1,321.7899999999999,2,2,2,2,Hibernating,0.0
17977,2010-11-01,2010-11-04 14:26:00,2011-11-10 13:28:00,2,1511.4500000000003,29,2,1511.4500000000003,4,3,4,4,Champions,288.14
17978,2009-12-01,2009-12-08 13:27:00,2010-12-09 14:05:00,4,1159.99,365,4,1159.99,2,4,3,4,At Risk – High Value,0.0
17979,2011-03-01,2011-03-25 11:34:00,2011-11-04 12:05:00,4,729.01,35,4,729.01,4,4,3,4,Champions,729.01
17980,2010-11-01,2010-11-11 14:42:00,2011-06-27 12:01:00,4,1012.72,165,4,1012.72,3,4,3,4,Loyal,811.4499999999999
17981,2010-10-01,2010-10-25 10:40:00,2010-10-25 10:40:00,1,239.11999999999995,410,1,239.11999999999995,1,2,1,2,Lost,0.0
17982,2010-01-01,2010-01-28 09:38:00,2010-01-28 09:38:00,1,138.18,680,1,138.18,1,2,1,2,Lost,0.0
17983,2010-11-01,2010-11-09 13:23:00,2010-11-09 13:23:00,1,171.71,395,1,171.71,2,2,1,2,Hibernating,0.0
17984,2009-12-01,2009-12-01 11:51:00,2011-07-17 15:59:00,5,1148.69,145,5,1148.69,3,4,3,4,Loyal,152.68000000000006
17985,2011-11-01,2011-11-17 14:24:00,2011-11-17 14:24:00,1,631.3499999999999,22,1,631.3499999999999,4,2,3,2,New & Promising,631.3499999999999
17986,2011-10-01,2011-10-14 14:22:00,2011-10-14 14:22:00,1,20.8,56,1,20.8,4,2,1,2,New & Promising,20.8
17987,2010-06-01,2010-06-07 11:23:00,2011-06-07 14:22:00,5,965.4399999999999,185,5,965.4399999999999,3,4,3,4,Loyal,198.57
17988,2009-12-01,2009-12-07 13:35:00,2011-11-28 11:00:00,13,485.69,11,13,485.69,5,5,2,4,Champions,201.12
17989,2010-11-01,2010-11-25 13:49:00,2010-11-25 13:49:00,1,207.33,379,1,207.33,2,2,1,2,Hibernating,0.0
17990,2009-12-01,2009-12-07 15:19:00,2011-04-17 11:44:00,6,1527.6100000000001,236,6,1527.6100000000001,2,4,4,4,At Risk – High Value,630.84
17991,2010-04-01,2010-04-27 12:46:00,2011-04-28 15:58:00,3,298.65,225,3,298.65,2,3,2,2,Hibernating,93.35000000000001
17992,2010-11-01,2010-11-15 13:04:00,2010-11-15 13:04:00,1,252.88000000000002,389,1,252.88000000000002,2,2,1,2,Hibernating,0.0
17993,2010-04-01,2010-04-01 14:23:00,2010-04-01 14:23:00,1,225.98999999999998,617,1,225.98999999999998,1,2,1,2,Lost,0.0
17994,2010-03-01,2010-03-29 10:37:00,2011-08-10 11:41:00,11,2264.0299999999997,121,11,2264.0299999999997,3,5,4,4,Loyal,674.8899999999999
17995,2010-11-01,2010-11-17 17:01:00,2011-03-03 12:30:00,3,495.48,281,3,495.48,2,3,2,2,Hibernating,76.1
17996,2010-06-01,2010-06-11 11:48:00,2010-11-25 11:00:00,3,469.72999999999996,379,3,469.72999999999996,2,3,2,2,Hibernating,0.0
17997,2011-06-01,2011-06-28 17:28:00,2011-09-26 16:13:00,8,1962.46,74,8,1962.46,3,5,4,4,Loyal,1962.46
17998,2009-12-01,2009-12-01 13:07:00,2010-11-24 15:31:00,3,639.24,380,3,639.24,2,3,3,3,At Risk,0.0
17999,2010-11-01,2010-11-26 13:16:00,2011-11-02 15:56:00,3,528.46,37,3,528.46,4,3,2,2,New & Promising,190.04999999999998
18000,2010-05-01,2010-05-24 17:34:00,2010-05-24 17:34:00,1,124.25,564,1,124.25,1,2,1,2,Lost,0.0
18001,2009-12-01,2009-12-02 15:38:00,2011-11-27 16:02:00,6,924.14,12,6,924.14,5,4,3,4,Champions,415.13
18002,2009-12-01,2009-12-08 11:07:00,2010-11-29 10:57:00,4,237.61999999999998,375,4,237.61999999999998,2,4,1,2,Hibernating,0.0
18003,2010-11-01,2010-11-28 15:09:00,2010-11-28 15:09:00,1,353.51,376,1,353.51,2,2,2,2,Hibernating,0.0
18004,2010-12-01,2010-12-12 13:47:00,2010-12-12 13:47:00,1,157.91999999999996,362,1,157.91999999999996,2,2,1,2,Hibernating,157.91999999999996
18005,2011-10-01,2011-10-23 14:40:00,2011-12-06 11:51:00,2,226.47000000000003,3,2,226.47000000000003,5,3,1,2,New & Promising,226.47000000000003
18006,2009-12-01,2009-12-17 12:27:00,2011-11-16 16:52:00,4,969.51,23,4,969.51,4,4,3,4,Champions,444.68
18007,2010-11-01,2010-11-12 11:08:00,2010-11-12 11:08:00,1,215.22000000000003,392,1,215.22000000000003,2,2,1,2,Hibernating,0.0
18008,2010-01-01,2010-01-06 12:35:00,2011-09-30 15:17:00,23,19759.08,70,23,19759.08,3,5,5,5,Loyal,2116.19
18009,2010-02-01,2010-02-25 11:49:00,2011-04-18 13:36:00,8,2144.23,235,8,2144.23,2,5,4,4,At Risk – High Value,247.39000000000004
18010,2011-03-01,2011-03-28 12:27:00,2011-03-28 12:27:00,1,174.79999999999998,256,1,174.79999999999998,2,2,1,2,Hibernating,174.79999999999998
18011,2010-05-01,2010-05-21 13:28:00,2010-12-01 17:35:00,2,410.78999999999996,373,2,410.78999999999996,2,3,2,2,Hibernating,0.0
18012,2009-12-01,2009-12-16 13:16:00,2009-12-16 13:16:00,1,115.3,723,1,115.3,1,2,1,2,Lost,0.0
18013,2011-07-01,2011-07-07 14:08:00,2011-07-07 14:11:00,2,187.29000000000005,155,2,187.29000000000005,3,3,1,2,Need Attention,187.29000000000005
18014,2011-11-01,2011-11-11 15:28:00,2011-11-11 15:28:00,1,154.27,28,1,154.27,4,2,1,2,New & Promising,154.27
18015,2011-12-01,2011-12-05 14:49:00,2011-12-05 14:49:00,1,120.03,4,1,120.03,5,2,1,2,New & Promising,120.03
18016,2010-01-01,2010-01-27 16:00:00,2011-11-07 13:25:00,7,1954.56,32,7,1954.56,4,4,4,4,Champions,1477.6599999999999
18017,2010-10-01,2010-10-04 15:11:00,2011-09-19 16:15:00,4,688.0,81,4,688.0,3,4,3,4,Loyal,523.0
18018,2010-10-01,2010-10-15 11:05:00,2011-08-23 17:37:00,4,297.99,108,4,297.99,3,4,2,3,Loyal,122.13999999999999
18019,2011-10-01,2011-10-19 12:10:00,2011-10-19 12:10:00,1,38.45,51,1,38.45,4,2,1,2,New & Promising,38.45
18020,2010-06-01,2010-06-14 12:31:00,2010-06-14 12:31:00,1,190.48000000000002,543,1,190.48000000000002,1,2,1,2,Lost,0.0
18021,2010-07-01,2010-07-15 18:47:00,2010-07-18 10:52:00,2,216.41000000000003,509,2,216.41000000000003,1,3,1,2,Lost,0.0
18022,2010-06-01,2010-06-11 13:59:00,2011-11-04 12:45:00,5,1506.62,35,5,1506.62,4,4,4,4,Champions,612.7200000000003
18024,2011-07-01,2011-07-10 12:28:00,2011-07-10 12:40:00,2,389.78000000000003,152,2,389.78000000000003,3,3,2,2,Need Attention,389.78000000000003
18025,2010-03-01,2010-03-30 17:33:00,2010-11-25 12:37:00,6,1177.72,379,6,1177.72,2,4,3,4,At Risk – High Value,0.0
18026,2010-07-01,2010-07-22 16:21:00,2010-07-27 10:37:00,2,2074.07,500,2,2074.07,1,3,4,4,At Risk – High Value,0.0
18027,2011-09-01,2011-09-02 10:38:00,2011-09-02 10:38:00,1,115.30999999999999,98,1,115.30999999999999,3,2,1,2,Need Attention,115.30999999999999
18028,2010-05-01,2010-05-05 13:28:00,2010-05-05 13:28:00,1,192.05,583,1,192.05,1,2,1,2,Lost,0.0
18029,2010-03-01,2010-03-07 15:30:00,2010-03-07 15:30:00,1,433.77,642,1,433.77,1,2,2,2,Lost,0.0
18030,2011-10-01,2011-10-28 13:55:00,2011-12-05 16:37:00,2,230.64999999999998,4,2,230.64999999999998,5,3,1,2,New & Promising,230.64999999999998
18031,2010-11-01,2010-11-26 11:00:00,2010-11-26 11:00:00,1,451.2999999999999,378,1,451.2999999999999,2,2,2,2,Hibernating,0.0
18032,2011-01-01,2011-01-09 15:32:00,2011-01-09 15:32:00,1,73.5,334,1,73.5,2,2,1,2,Hibernating,73.5
18033,2011-10-01,2011-10-05 17:28:00,2011-10-05 17:28:00,1,93.82000000000004,65,1,93.82000000000004,3,2,1,2,Need Attention,93.82000000000004
18034,2010-11-01,2010-11-29 12:36:00,2011-11-18 12:22:00,3,753.3499999999999,21,3,753.3499999999999,4,3,3,3,Loyal,418.67999999999995
18035,2010-11-01,2010-11-19 13:42:00,2011-11-04 12:39:00,5,1260.23,35,5,1260.23,4,4,4,4,Champions,713.8899999999999
18036,2009-12-01,2009-12-18 12:04:00,2011-11-07 14:40:00,11,1545.4900000000002,32,11,1545.4900000000002,4,5,4,4,Champions,403.12
18037,2009-12-01,2009-12-01 13:48:00,2011-07-08 13:39:00,15,167.42,154,15,167.42,3,5,1,3,Loyal,70.02
18038,2010-06-01,2010-06-01 15:59:00,2010-06-01 15:59:00,1,141.48000000000002,556,1,141.48000000000002,1,2,1,2,Lost,0.0
18039,2010-03-01,2010-03-09 11:19:00,2010-11-30 13:07:00,4,548.2200000000001,374,4,548.2200000000001,2,4,2,3,At Risk,0.0
18040,2011-04-01,2011-04-08 08:27:00,2011-11-20 14:20:00,2,357.20000000000005,19,2,357.20000000000005,5,3,2,2,New & Promising,357.20000000000005
18041,2010-01-01,2010-01-14 10:04:00,2011-11-28 11:39:00,38,8018.77,11,38,8018.77,5,5,5,5,Champions,3482.48
18042,2010-06-01,2010-06-16 10:53:00,2011-10-17 11:49:00,2,281.15,53,2,281.15,4,3,1,2,New & Promising,165.04999999999998
18043,2010-12-01,2010-12-08 12:35:00,2011-11-15 12:48:00,3,529.29,24,3,529.29,4,3,2,2,New & Promising,241.38000000000008
18044,2010-05-01,2010-05-28 15:31:00,2011-12-05 14:26:00,18,3505.6099999999997,4,18,3505.6099999999997,5,5,5,5,Champions,2088.6
18045,2011-10-01,2011-10-25 13:07:00,2011-10-25 13:07:00,1,178.33999999999995,45,1,178.33999999999995,4,2,1,2,New & Promising,178.33999999999995
18046,2010-02-01,2010-02-28 11:36:00,2010-02-28 11:36:00,1,189.63000000000002,649,1,189.63000000000002,1,2,1,2,Lost,0.0
18047,2010-11-01,2010-11-23 12:57:00,2010-11-23 13:11:00,2,326.08999999999986,381,2,326.08999999999986,2,3,2,2,Hibernating,0.0
18048,2010-08-01,2010-08-03 13:03:00,2011-05-20 14:58:00,3,394.93,203,3,394.93,2,3,2,2,Hibernating,172.29000000000002
18049,2010-04-01,2010-04-28 13:24:00,2010-09-28 14:26:00,2,500.5,437,2,500.5,1,3,2,2,Lost,0.0
18050,2010-11-01,2010-11-11 15:51:00,2010-12-15 14:25:00,2,412.05999999999995,359,2,412.05999999999995,2,3,2,2,Hibernating,74.4
18051,2009-12-01,2009-12-09 12:17:00,2010-03-15 13:58:00,7,2282.2799999999997,634,7,2282.2799999999997,1,4,4,4,At Risk – High Value,0.0
18052,2010-05-01,2010-05-24 11:11:00,2010-05-24 11:11:00,1,10877.18,564,1,10877.18,1,2,5,4,At Risk – High Value,0.0
18053,2010-06-01,2010-06-30 12:36:00,2011-09-30 09:05:00,3,571.07,70,3,571.07,3,3,2,2,Need Attention,300.02000000000004
18054,2010-11-01,2010-11-12 08:18:00,2010-11-12 08:18:00,1,176.5,392,1,176.5,2,2,1,2,Hibernating,0.0
18055,2010-10-01,2010-10-22 13:27:00,2011-12-02 14:25:00,14,10142.640000000001,7,14,10142.640000000001,5,5,5,5,Champions,5760.8600000000015
18056,2010-03-01,2010-03-31 12:29:00,2011-02-24 14:27:00,2,554.5999999999999,288,2,554.5999999999999,2,3,2,2,Hibernating,363.65
18057,2010-01-01,2010-01-18 12:42:00,2010-11-11 16:55:00,3,1168.1400000000003,393,3,1168.1400000000003,2,3,3,3,At Risk,0.0
18058,2010-02-01,2010-02-10 09:38:00,2011-11-30 08:38:00,3,774.06,9,3,774.06,5,3,3,3,Loyal,170.16
18059,2011-10-01,2011-10-03 09:30:00,2011-11-16 16:49:00,3,306.46000000000004,23,3,306.46000000000004,4,3,2,2,New & Promising,306.46000000000004
18060,2010-05-01,2010-05-24 08:34:00,2010-10-27 16:41:00,2,1185.46,408,2,1185.46,2,3,3,3,At Risk,0.0
18061,2009-12-01,2009-12-04 11:36:00,2011-11-18 11:20:00,28,6083.81,21,28,6083.81,4,5,5,5,Champions,1714.25
18062,2010-04-01,2010-04-21 08:55:00,2011-06-19 14:47:00,6,1632.67,173,6,1632.67,3,4,4,4,Loyal,720.5200000000001
18063,2010-03-01,2010-03-16 13:05:00,2010-11-14 10:46:00,2,186.60000000000002,390,2,186.60000000000002,2,3,1,2,Hibernating,0.0
18064,2010-02-01,2010-02-01 15:01:00,2011-07-29 16:39:00,11,4481.83,133,11,4481.83,3,5,5,5,Loyal,814.0
18065,2009-12-01,2009-12-09 16:00:00,2011-12-04 10:30:00,28,5846.630000000001,5,28,5846.630000000001,5,5,5,5,Champions,2392.83
18066,2010-10-01,2010-10-20 11:42:00,2011-09-25 15:30:00,3,1440.4000000000003,75,3,1440.4000000000003,3,3,4,4,Loyal,318.0
18067,2011-10-01,2011-10-30 15:58:00,2011-10-30 15:58:00,1,396.3300000000001,40,1,396.3300000000001,4,2,2,2,New & Promising,396.3300000000001
18068,2011-02-01,2011-02-23 14:50:00,2011-02-23 14:50:00,1,101.69999999999999,289,1,101.69999999999999,2,2,1,2,Hibernating,101.69999999999999
18069,2010-02-01,2010-02-28 16:14:00,2011-11-13 16:03:00,11,4449.0199999999995,26,11,4449.0199999999995,4,5,5,5,Champions,2009.24
18070,2010-02-01,2010-02-08 13:28:00,2010-02-08 13:28:00,1,314.1,669,1,314.1,1,2,2,2,Lost,0.0
18071,2009-12-01,2009-12-05 10:31:00,2011-03-27 11:59:00,6,1169.6799999999998,257,6,1169.6799999999998,2,4,3,4,At Risk – High Value,194.04999999999998
18072,2011-06-01,2011-06-07 10:44:00,2011-06-07 10:44:00,1,247.44,185,1,247.44,3,2,1,2,Need Attention,247.44
18073,2011-05-01,2011-05-26 19:38:00,2011-08-17 14:02:00,12,3859.82,114,12,3859.82,3,5,5,5,Loyal,3859.8199999999997
18074,2010-07-01,2010-07-22 10:31:00,2010-12-01 09:53:00,2,1019.4399999999999,373,2,1019.4399999999999,2,3,3,3,At Risk,0.0
18075,2010-07-01,2010-07-29 11:47:00,2011-11-16 15:21:00,20,5783.29,23,20,5783.29,4,5,5,5,Champions,2611.75
18076,2010-11-01,2010-11-24 14:02:00,2010-11-24 14:02:00,1,151.49,380,1,151.49,2,2,1,2,Hibernating,0.0
18077,2009-12-01,2009-12-07 11:40:00,2011-12-01 13:32:00,18,4078.79,8,18,4078.79,5,5,5,5,Champions,2379.54
18078,2010-03-01,2010-03-21 15:50:00,2011-05-06 14:32:00,4,725.53,217,4,725.53,2,4,3,4,At Risk – High Value,336.13
18079,2010-08-01,2010-08-05 12:19:00,2011-10-25 15:27:00,5,4203.93,45,5,4203.93,4,4,5,4,Champions,3613.1500000000005
18080,2011-04-01,2011-04-11 10:10:00,2011-11-21 08:02:00,2,1231.5,18,2,1231.5,5,3,4,4,Champions,1231.5
18081,2011-07-01,2011-07-29 11:56:00,2011-11-03 16:30:00,3,343.45000000000005,36,3,343.45000000000005,4,3,2,2,New & Promising,343.45000000000005
18082,2011-11-01,2011-11-14 12:45:00,2011-11-14 12:45:00,1,680.8399999999997,25,1,680.8399999999997,4,2,3,2,New & Promising,680.8399999999997
18083,2010-11-01,2010-11-07 11:44:00,2010-11-07 11:44:00,1,463.5299999999999,397,1,463.5299999999999,2,2,2,2,Hibernating,0.0
18084,2010-11-01,2010-11-16 08:09:00,2011-11-23 13:57:00,3,795.23,16,3,795.23,5,3,3,3,Loyal,90.47999999999999
18085,2010-03-01,2010-03-21 11:57:00,2011-01-13 15:17:00,4,1341.8500000000001,330,4,1341.8500000000001,2,4,4,4,At Risk – High Value,386.04999999999995
18086,2011-03-01,2011-03-10 13:34:00,2011-03-10 13:34:00,1,101.33999999999999,274,1,101.33999999999999,2,2,1,2,Hibernating,101.33999999999999
18087,2009-12-01,2009-12-01 09:43:00,2011-02-22 10:43:00,16,13908.72,290,16,13908.72,2,5,5,5,At Risk – High Value,3202.9199999999996
18088,2011-10-01,2011-10-09 13:41:00,2011-10-09 13:41:00,1,166.02999999999997,61,1,166.02999999999997,3,2,1,2,Need Attention,166.02999999999997
18089,2010-09-01,2010-09-19 11:57:00,2010-09-19 11:57:00,1,428.45,446,1,428.45,1,2,2,2,Lost,0.0
18090,2010-10-01,2010-10-14 12:32:00,2010-10-14 12:32:00,1,321.90000000000003,421,1,321.90000000000003,1,2,2,2,Lost,0.0
18091,2010-04-01,2010-04-25 13:18:00,2010-04-25 13:18:00,1,360.85,593,1,360.85,1,2,2,2,Lost,0.0
18092,2009-12-01,2009-12-04 12:37:00,2011-12-07 13:14:00,18,14693.720000000001,2,18,14693.720000000001,5,5,5,5,Champions,7582.54
18093,2010-03-01,2010-03-31 10:27:00,2011-09-07 15:43:00,8,4452.710000000001,93,8,4452.710000000001,3,5,5,5,Loyal,2106.5200000000004
18094,2010-01-01,2010-01-07 11:16:00,2011-09-19 09:28:00,13,6391.52,81,13,6391.52,3,5,5,5,Loyal,3017.3
18095,2010-04-01,2010-04-19 14:09:00,2011-01-31 12:50:00,5,2303.09,312,5,2303.09,2,4,4,4,At Risk – High Value,580.05
18096,2010-07-01,2010-07-14 14:30:00,2011-11-28 12:44:00,6,1638.1599999999994,11,6,1638.1599999999994,5,4,4,4,Champions,849.0599999999995
18097,2009-12-01,2009-12-17 11:06:00,2011-12-02 11:16:00,11,4627.92,7,11,4627.92,5,5,5,5,Champions,2662.4
18098,2010-11-01,2010-11-08 16:31:00,2010-11-08 16:31:00,1,527.9399999999998,396,1,527.9399999999998,2,2,2,2,Hibernating,0.0
18099,2011-08-01,2011-08-04 15:52:00,2011-08-04 15:52:00,1,168.31000000000003,127,1,168.31000000000003,3,2,1,2,Need Attention,168.31000000000003
18100,2010-06-01,2010-06-07 14:19:00,2010-06-07 14:19:00,1,451.56,550,1,451.56,1,2,2,2,Lost,0.0
18101,2010-02-01,2010-02-03 13:52:00,2011-11-28 13:37:00,5,622.01,11,5,622.01,5,4,3,4,Champions,222.39999999999998
18102,2009-12-01,2009-12-01 09:24:00,2011-12-09 11:50:00,145,580987.04,0,145,580987.04,5,5,5,5,Champions,231822.69
18103,2010-06-01,2010-06-08 13:36:00,2010-06-08 13:36:00,1,105.8,549,1,105.8,1,2,1,2,Lost,0.0
18104,2011-11-01,2011-11-02 14:07:00,2011-11-02 14:07:00,1,754.6400000000002,37,1,754.6400000000002,4,2,3,2,New & Promising,754.6400000000002
18105,2011-11-01,2011-11-02 12:04:00,2011-11-02 12:04:00,1,113.48000000000002,37,1,113.48000000000002,4,2,1,2,New & Promising,113.48000000000002
18106,2010-01-01,2010-01-15 11:36:00,2011-01-14 12:23:00,6,1441.0599999999997,329,6,1441.0599999999997,2,4,4,4,At Risk – High Value,421.8999999999999
18107,2010-09-01,2010-09-23 13:03:00,2010-09-23 13:03:00,1,165.87999999999997,442,1,165.87999999999997,1,2,1,2,Lost,0.0
18108,2009-12-01,2009-12-02 12:47:00,2011-03-30 13:56:00,3,848.8100000000002,254,3,848.8100000000002,2,3,3,3,At Risk,271.0
18109,2010-07-01,2010-07-01 12:13:00,2011-12-08 11:36:00,38,9555.710000000001,1,38,9555.710000000001,5,5,5,5,Champions,7727.469999999999
18110,2010-10-01,2010-10-24 14:21:00,2011-11-20 12:34:00,2,392.28,19,2,392.28,5,3,2,2,New & Promising,198.8
18111,2010-04-01,2010-04-29 12:58:00,2010-04-29 12:58:00,1,405.8499999999999,589,1,405.8499999999999,1,2,2,2,Lost,0.0
18112,2010-06-01,2010-06-06 12:40:00,2011-11-27 14:43:00,4,773.3599999999999,12,4,773.3599999999999,5,4,3,4,Champions,352.69
18113,2010-12-01,2010-12-06 12:31:00,2010-12-06 12:31:00,1,76.32000000000001,368,1,76.32000000000001,2,2,1,2,Hibernating,0.0
18114,2011-02-01,2011-02-22 13:20:00,2011-02-22 13:20:00,1,220.1,290,1,220.1,2,2,1,2,Hibernating,220.1
18115,2010-01-01,2010-01-11 11:57:00,2010-01-11 11:57:00,1,9.7,697,1,9.7,1,2,1,2,Lost,0.0
18116,2010-10-01,2010-10-24 15:29:00,2011-10-03 11:00:00,13,2130.8899999999994,67,13,2130.8899999999994,3,5,4,4,Loyal,1399.5099999999998
18117,2011-11-01,2011-11-14 12:47:00,2011-11-14 12:47:00,1,314.4,25,1,314.4,4,2,2,2,New & Promising,314.4
18118,2010-11-01,2010-11-23 13:36:00,2011-11-29 11:32:00,29,6218.619999999999,10,29,6218.619999999999,5,5,5,5,Champions,5150.57
18119,2010-12-01,2010-12-07 11:59:00,2010-12-07 11:59:00,1,180.7,367,1,180.7,2,2,1,2,Hibernating,0.0
18120,2011-05-01,2011-05-09 13:45:00,2011-05-09 13:45:00,1,111.14999999999999,214,1,111.14999999999999,2,2,1,2,Hibernating,111.14999999999999
18121,2011-07-01,2011-07-08 12:14:00,2011-07-13 12:53:00,2,653.3000000000001,149,2,653.3000000000001,3,3,3,3,Loyal,653.3000000000001
18122,2011-07-01,2011-07-12 11:37:00,2011-12-01 13:08:00,6,1791.84,8,6,1791.84,5,4,4,4,Champions,1791.84
18123,2010-07-01,2010-07-14 12:47:00,2011-11-15 14:23:00,3,666.64,24,3,666.64,4,3,3,3,Loyal,574.4399999999999
18124,2010-08-01,2010-08-24 17:21:00,2010-08-24 17:21:00,1,102.65,472,1,102.65,1,2,1,2,Lost,0.0
18125,2011-01-01,2011-01-27 15:02:00,2011-11-10 12:29:00,4,1131.75,29,4,1131.75,4,4,3,4,Champions,1131.75
18126,2011-10-01,2011-10-10 12:19:00,2011-10-10 12:19:00,1,198.58000000000007,60,1,198.58000000000007,3,2,1,2,Need Attention,198.58000000000007
18127,2010-11-01,2010-11-01 13:56:00,2011-11-20 14:05:00,4,556.1299999999999,19,4,556.1299999999999,5,4,2,3,Loyal,347.08
18128,2010-06-01,2010-06-20 13:19:00,2010-06-20 13:19:00,1,399.28999999999996,537,1,399.28999999999996,1,2,2,2,Lost,0.0
18129,2011-04-01,2011-04-10 14:16:00,2011-04-10 14:16:00,1,112.55,243,1,112.55,2,2,1,2,Hibernating,112.55
18130,2011-10-01,2011-10-13 15:58:00,2011-11-24 14:40:00,3,1059.3899999999999,15,3,1059.3899999999999,5,3,3,3,Loyal,1059.3899999999999
18131,2010-03-01,2010-03-18 08:48:00,2010-03-18 08:48:00,1,222.95999999999998,631,1,222.95999999999998,1,2,1,2,Lost,0.0
18132,2010-07-01,2010-07-23 16:54:00,2010-07-23 16:54:00,1,220.12999999999997,504,1,220.12999999999997,1,2,1,2,Lost,0.0
18133,2011-05-01,2011-05-11 14:14:00,2011-05-11 14:14:00,1,931.4999999999999,212,1,931.4999999999999,2,2,3,2,Hibernating,931.4999999999999
18134,2010-01-01,2010-01-14 11:59:00,2010-04-20 14:02:00,2,445.0,598,2,445.0,1,3,2,2,Lost,0.0
18135,2010-03-01,2010-03-15 13:55:00,2011-11-10 19:32:00,10,1249.62,29,10,1249.62,4,5,4,4,Champions,681.9100000000001
18136,2010-09-01,2010-09-14 15:50:00,2011-10-07 15:40:00,5,1631.3600000000004,63,5,1631.3600000000004,3,4,4,4,Loyal,784.3299999999999
18137,2010-06-01,2010-06-06 13:45:00,2010-06-06 14:18:00,2,145.99000000000004,551,2,145.99000000000004,1,3,1,2,Lost,0.0
18138,2011-02-01,2011-02-17 14:51:00,2011-02-17 14:51:00,1,152.65,295,1,152.65,2,2,1,2,Hibernating,152.65
18139,2011-11-01,2011-11-21 14:06:00,2011-11-22 10:44:00,6,8438.34,17,6,8438.34,5,4,5,4,Champions,8438.340000000002
18140,2010-08-01,2010-08-23 11:58:00,2010-08-23 11:58:00,1,536.4099999999999,473,1,536.4099999999999,1,2,2,2,Lost,0.0
18141,2010-04-01,2010-04-29 15:32:00,2010-11-03 11:44:00,2,882.4699999999999,401,2,882.4699999999999,2,3,3,3,At Risk,0.0
18142,2011-05-01,2011-05-08 12:31:00,2011-07-05 13:19:00,2,1019.52,157,2,1019.52,3,3,3,3,Loyal,1019.52
18143,2011-07-01,2011-07-21 10:44:00,2011-08-15 12:07:00,2,1000.1599999999999,116,2,1000.1599999999999,3,3,3,3,Loyal,1000.1599999999999
18144,2009-12-01,2009-12-16 15:57:00,2011-12-02 12:46:00,19,4892.950000000001,7,19,4892.950000000001,5,5,5,5,Champions,2723.7000000000003
18145,2009-12-01,2009-12-08 12:30:00,2011-11-27 11:22:00,11,5609.74,12,11,5609.74,5,5,5,5,Champions,2861.55
18146,2011-05-01,2011-05-03 16:35:00,2011-07-22 12:08:00,2,160.35000000000002,140,2,160.35000000000002,3,3,1,2,Need Attention,160.35000000000002
18147,2011-08-01,2011-08-23 12:22:00,2011-10-25 11:46:00,2,179.34,45,2,179.34,4,3,1,2,New & Promising,179.34
18148,2010-03-01,2010-03-03 11:40:00,2010-03-03 11:40:00,1,112.85,646,1,112.85,1,2,1,2,Lost,0.0
18149,2010-03-01,2010-03-14 12:41:00,2011-10-20 12:04:00,7,1553.96,50,7,1553.96,4,4,4,4,Champions,612.0799999999999
18150,2011-05-01,2011-05-22 10:47:00,2011-11-07 16:49:00,3,566.5799999999999,32,3,566.5799999999999,4,3,2,2,New & Promising,566.5799999999999
18151,2010-03-01,2010-03-04 10:47:00,2011-07-28 11:35:00,6,1879.44,134,6,1879.44,3,4,4,4,Loyal,653.3499999999999
18152,2010-03-01,2010-03-03 15:26:00,2010-03-03 15:26:00,1,426.69,646,1,426.69,1,2,2,2,Lost,0.0
18153,2010-02-01,2010-02-18 15:50:00,2010-02-18 15:50:00,1,246.22,659,1,246.22,1,2,1,2,Lost,0.0
18154,2010-08-01,2010-08-06 09:18:00,2011-12-06 16:41:00,5,932.5999999999999,3,5,932.5999999999999,5,4,3,4,Champions,399.19
18155,2011-02-01,2011-02-21 10:36:00,2011-09-25 13:32:00,3,371.62,75,3,371.62,3,3,2,2,Need Attention,371.62
18156,2010-12-01,2010-12-05 12:29:00,2011-11-27 12:24:00,2,675.64,12,2,675.64,5,3,3,3,Loyal,488.75999999999993
18157,2010-05-01,2010-05-17 14:09:00,2010-05-17 14:09:00,1,213.9,571,1,213.9,1,2,1,2,Lost,0.0
18158,2011-09-01,2011-09-12 09:03:00,2011-11-30 16:19:00,2,453.4000000000001,9,2,453.4000000000001,5,3,2,2,New & Promising,453.4000000000001
18159,2011-02-01,2011-02-11 14:26:00,2011-02-11 14:26:00,1,530.1500000000002,301,1,530.1500000000002,2,2,2,2,Hibernating,530.1500000000002
18160,2010-11-01,2010-11-18 16:33:00,2011-10-13 15:50:00,3,1003.8800000000001,57,3,1003.8800000000001,4,3,3,3,Loyal,638.0600000000002
18161,2010-11-01,2010-11-25 15:55:00,2011-11-24 16:40:00,6,1803.1000000000001,15,6,1803.1000000000001,5,4,4,4,Champions,1618.69
18162,2009-12-01,2009-12-07 13:24:00,2009-12-07 13:24:00,1,371.51,732,1,371.51,1,2,2,2,Lost,0.0
18163,2010-05-01,2010-05-04 14:51:00,2010-05-04 14:51:00,1,728.84,584,1,728.84,1,2,3,2,Lost,0.0
18164,2011-11-01,2011-11-02 12:56:00,2011-11-02 12:56:00,1,399.65000000000003,37,1,399.65000000000003,4,2,2,2,New & Promising,399.65000000000003
18165,2011-06-01,2011-06-15 13:23:00,2011-06-15 13:23:00,1,302.46000000000004,177,1,302.46000000000004,3,2,2,2,Need Attention,302.46000000000004
18166,2010-03-01,2010-03-26 12:26:00,2010-03-26 12:26:00,1,175.5,623,1,175.5,1,2,1,2,Lost,0.0
18167,2011-08-01,2011-08-26 11:40:00,2011-11-16 15:56:00,3,1384.8600000000001,23,3,1384.8600000000001,4,3,4,4,Champions,1384.8600000000001
18168,2009-12-01,2009-12-03 17:29:00,2011-06-16 19:21:00,16,3435.5000000000005,176,16,3435.5000000000005,3,5,5,5,Loyal,896.7400000000001
18169,2011-10-01,2011-10-10 12:18:00,2011-10-10 12:18:00,1,202.65000000000003,60,1,202.65000000000003,3,2,1,2,Need Attention,202.65000000000003
18170,2010-01-01,2010-01-08 14:10:00,2011-11-06 14:35:00,9,2878.0,33,9,2878.0,4,5,4,4,Champions,980.3099999999998
18171,2010-01-01,2010-01-05 10:46:00,2011-10-12 09:13:00,9,2437.31,58,9,2437.31,4,5,4,4,Champions,1231.31
18172,2009-12-01,2009-12-11 09:58:00,2011-11-25 11:12:00,52,17467.24,14,52,17467.24,5,5,5,5,Champions,7561.679999999999
18173,2010-04-01,2010-04-06 10:43:00,2011-09-14 11:26:00,5,2696.36,86,5,2696.36,3,4,4,4,Loyal,2106.84
18174,2010-04-01,2010-04-15 12:17:00,2011-12-02 16:56:00,2,162.5,7,2,162.5,5,3,1,2,New & Promising,104.0
18175,2010-02-01,2010-02-02 10:25:00,2010-02-02 10:25:00,1,176.09999999999997,675,1,176.09999999999997,1,2,1,2,Lost,0.0
18176,2010-12-01,2010-12-16 15:45:00,2010-12-16 15:45:00,1,476.34999999999997,358,1,476.34999999999997,2,2,2,2,Hibernating,476.34999999999997
18177,2009-12-01,2009-12-15 18:57:00,2011-11-08 14:44:00,9,2216.3199999999997,31,9,2216.3199999999997,4,5,4,4,Champions,1340.8700000000001
18178,2010-02-01,2010-02-18 14:25:00,2011-08-03 09:30:00,11,6103.740000000001,128,11,6103.740000000001,3,5,5,5,Loyal,1590.8100000000002
18179,2010-02-01,2010-02-14 15:51:00,2011-11-30 16:23:00,8,2547.5499999999997,9,8,2547.5499999999997,5,5,4,4,Champions,1793.17
18180,2011-07-01,2011-07-20 08:59:00,2011-12-05 08:39:00,6,1843.75,4,6,1843.75,5,4,4,4,Champions,1843.75
18181,2009-12-01,2009-12-04 15:30:00,2011-11-15 15:08:00,5,1188.3399999999997,24,5,1188.3399999999997,4,4,3,4,Champions,366.84999999999985
18182,2010-09-01,2010-09-02 14:25:00,2010-09-02 14:25:00,1,291.13,463,1,291.13,1,2,2,2,Lost,0.0
18183,2011-03-01,2011-03-10 10:08:00,2011-04-26 15:26:00,2,632.07,227,2,632.07,2,3,3,3,At Risk,632.07
18184,2011-11-01,2011-11-24 15:28:00,2011-11-24 15:28:00,1,49.8,15,1,49.8,5,2,1,2,New & Promising,49.8
18185,2011-04-01,2011-04-04 13:42:00,2011-04-04 13:42:00,1,304.25,249,1,304.25,2,2,2,2,Hibernating,304.25
18186,2009-12-01,2009-12-17 10:22:00,2009-12-17 10:22:00,1,329.58,722,1,329.58,1,2,2,2,Lost,0.0
18187,2010-03-01,2010-03-18 09:49:00,2010-03-18 09:49:00,1,724.8900000000003,631,1,724.8900000000003,1,2,3,2,Lost,0.0
18188,2010-03-01,2010-03-26 11:37:00,2011-11-24 16:46:00,6,3280.5899999999992,15,6,3280.5899999999992,5,4,5,4,Champions,2001.0399999999997
18189,2010-03-01,2010-03-24 09:57:00,2011-09-23 12:40:00,3,1403.7299999999998,77,3,1403.7299999999998,3,3,4,4,Loyal,1090.2399999999998
18190,2009-12-01,2009-12-22 12:05:00,2011-05-31 14:48:00,5,745.6200000000001,192,5,745.6200000000001,2,4,3,4,At Risk – High Value,284.46
18191,2010-08-01,2010-08-19 17:42:00,2011-03-23 12:08:00,2,529.4,261,2,529.4,2,3,2,2,Hibernating,207.79999999999998
18192,2011-09-01,2011-09-29 09:53:00,2011-09-29 09:53:00,1,957.9699999999999,71,1,957.9699999999999,3,2,3,2,Need Attention,957.9699999999999
18193,2010-09-01,2010-09-23 13:33:00,2011-06-27 13:58:00,3,1207.3500000000001,165,3,1207.3500000000001,3,3,4,4,Loyal,243.76000000000005
18194,2010-01-01,2010-01-28 15:30:00,2011-09-18 13:29:00,6,4162.04,82,6,4162.04,3,4,5,4,Loyal,973.8399999999999
18195,2010-11-01,2010-11-17 15:03:00,2010-11-17 15:03:00,1,101.16,387,1,101.16,2,2,1,2,Hibernating,0.0
18196,2010-03-01,2010-03-17 14:55:00,2011-09-05 16:22:00,4,1455.2700000000002,95,4,1455.2700000000002,3,4,4,4,Loyal,686.6300000000001
18197,2010-05-01,2010-05-13 10:46:00,2010-05-13 10:46:00,1,230.1,575,1,230.1,1,2,1,2,Lost,0.0
18198,2011-01-01,2011-01-07 13:39:00,2011-12-05 14:49:00,17,5425.56,4,17,5425.56,5,5,5,5,Champions,5425.56
18199,2010-01-01,2010-01-25 11:32:00,2010-01-25 11:32:00,1,344.75,683,1,344.75,1,2,2,2,Lost,0.0
18200,2011-08-01,2011-08-25 18:45:00,2011-08-25 18:45:00,1,150.35,106,1,150.35,3,2,1,2,Need Attention,150.35
18201,2009-12-01,2009-12-17 08:55:00,2009-12-17 08:55:00,1,447.53,722,1,447.53,1,2,2,2,Lost,0.0
18202,2011-02-01,2011-02-01 13:36:00,2011-05-24 12:12:00,3,1396.9899999999998,199,3,1396.9899999999998,2,3,4,4,At Risk – High Value,1396.9899999999998
18203,2009-12-01,2009-12-08 13:19:00,2011-07-05 13:07:00,4,482.52000000000004,157,4,482.52000000000004,3,4,2,3,Loyal,160.42000000000002
18204,2011-05-01,2011-05-31 15:26:00,2011-09-29 16:44:00,3,1975.35,71,3,1975.35,3,3,4,4,Loyal,1975.35
18205,2011-09-01,2011-09-26 12:02:00,2011-11-03 13:22:00,2,517.3599999999999,36,2,517.3599999999999,4,3,2,2,New & Promising,517.3599999999999
18206,2010-06-01,2010-06-04 13:47:00,2010-06-04 13:47:00,1,314.65999999999997,553,1,314.65999999999997,1,2,2,2,Lost,0.0
18207,2010-07-01,2010-07-28 14:26:00,2010-07-28 14:26:00,1,544.4699999999999,499,1,544.4699999999999,1,2,2,2,Lost,0.0
18208,2010-05-01,2010-05-23 11:54:00,2010-05-23 11:54:00,1,360.08,565,1,360.08,1,2,2,2,Lost,0.0
18209,2011-11-01,2011-11-11 12:07:00,2011-11-11 12:07:00,1,139.10000000000002,28,1,139.10000000000002,4,2,1,2,New & Promising,139.10000000000002
18210,2010-11-01,2010-11-22 09:39:00,2011-12-08 11:02:00,7,2768.83,1,7,2768.83,5,4,4,4,Champions,2621.38
18211,2011-03-01,2011-03-06 12:09:00,2011-11-14 08:10:00,5,600.07,25,5,600.07,4,4,2,3,Loyal,600.07
18212,2010-01-01,2010-01-31 14:42:00,2011-01-17 16:14:00,2,514.37,326,2,514.37,2,3,2,2,Hibernating,216.06999999999996
18213,2011-04-01,2011-04-17 10:21:00,2011-04-17 10:21:00,1,232.48000000000002,236,1,232.48000000000002,2,2,1,2,Hibernating,232.48000000000002
18214,2010-06-01,2010-06-03 19:47:00,2010-06-27 11:21:00,4,1780.34,530,4,1780.34,1,4,4,4,At Risk – High Value,0.0
18215,2010-03-01,2010-03-26 13:03:00,2011-09-11 16:05:00,5,2232.49,89,5,2232.49,3,4,4,4,Loyal,299.34000000000003
18216,2011-11-01,2011-11-08 16:55:00,2011-11-08 16:55:00,1,481.75,31,1,481.75,4,2,2,2,New & Promising,481.75
18217,2010-07-01,2010-07-01 15:39:00,2011-11-10 13:18:00,4,945.04,29,4,945.04,4,4,3,4,Champions,621.75
18218,2010-02-01,2010-02-17 15:11:00,2011-05-12 12:53:00,4,1121.8400000000001,211,4,1121.8400000000001,2,4,3,4,At Risk – High Value,641.9200000000001
18219,2009-12-01,2009-12-07 13:17:00,2011-12-07 11:43:00,17,3352.7000000000003,2,17,3352.7000000000003,5,5,5,5,Champions,1859.5800000000002
18220,2009-12-01,2009-12-15 11:42:00,2011-04-27 09:03:00,6,1921.7600000000002,226,6,1921.7600000000002,2,4,4,4,At Risk – High Value,305.28000000000003
18221,2010-11-01,2010-11-14 15:46:00,2011-11-17 14:40:00,6,1424.94,22,6,1424.94,4,4,4,4,Champions,1041.61
18222,2011-09-01,2011-09-08 10:45:00,2011-09-08 10:45:00,1,443.0,92,1,443.0,3,2,2,2,Need Attention,443.0
18223,2009-12-01,2009-12-04 12:20:00,2011-12-05 09:11:00,26,14000.849999999999,4,26,14000.849999999999,5,5,5,5,Champions,6484.54
18224,2011-03-01,2011-03-21 10:30:00,2011-03-21 10:30:00,1,158.95000000000002,263,1,158.95000000000002,2,2,1,2,Hibernating,158.95000000000002
18225,2009-12-01,2009-12-04 16:52:00,2011-12-06 13:27:00,26,13014.8,3,26,13014.8,5,5,5,5,Champions,5474.96
18226,2010-03-01,2010-03-05 10:05:00,2011-10-26 13:36:00,26,11878.880000000001,44,26,11878.880000000001,4,5,5,5,Champions,5228.05
18227,2010-08-01,2010-08-12 16:45:00,2011-05-06 12:23:00,2,388.75,217,2,388.75,2,3,2,2,Hibernating,93.75
18228,2011-09-01,2011-09-21 10:48:00,2011-10-14 09:21:00,2,779.9,56,2,779.9,4,3,3,3,Loyal,779.9
18229,2009-12-01,2009-12-03 14:42:00,2011-11-28 09:48:00,28,10150.51,11,28,10150.51,5,5,5,5,Champions,6623.7
18230,2010-07-01,2010-07-02 10:01:00,2011-11-30 13:22:00,9,4291.0599999999995,9,9,4291.0599999999995,5,5,5,5,Champions,2810.2000000000003
18231,2010-01-01,2010-01-10 12:13:00,2011-05-31 14:18:00,28,6848.27,192,28,6848.27,2,5,5,5,At Risk – High Value,2071.77
18232,2011-05-01,2011-05-26 16:30:00,2011-09-19 11:49:00,4,592.97,81,4,592.97,3,4,2,3,Loyal,592.97
18233,2011-01-01,2011-01-18 08:44:00,2011-01-18 08:44:00,1,440.0,325,1,440.0,2,2,2,2,Hibernating,440.0
18234,2010-06-01,2010-06-06 11:22:00,2010-06-06 11:22:00,1,179.6,551,1,179.6,1,2,1,2,Lost,0.0
18235,2011-05-01,2011-05-06 13:35:00,2011-09-29 08:27:00,3,1796.4800000000002,71,3,1796.4800000000002,3,3,4,4,Loyal,1796.4800000000002
18236,2010-04-01,2010-04-15 13:39:00,2011-11-10 08:06:00,12,1795.3500000000001,29,12,1795.3500000000001,4,5,4,4,Champions,882.24
18237,2011-07-01,2011-07-28 13:05:00,2011-12-07 12:49:00,5,987.1,2,5,987.1,5,4,3,4,Champions,987.1
18238,2010-07-01,2010-07-12 12:51:00,2010-07-12 12:51:00,1,270.9200000000001,515,1,270.9200000000001,1,2,1,2,Lost,0.0
18239,2010-10-01,2010-10-13 10:11:00,2011-05-05 12:38:00,6,1712.2600000000002,218,6,1712.2600000000002,2,4,4,4,At Risk – High Value,1123.5100000000002
18240,2011-10-01,2011-10-24 13:06:00,2011-10-24 13:06:00,1,422.58000000000004,46,1,422.58000000000004,4,2,2,2,New & Promising,422.58000000000004
18241,2010-04-01,2010-04-01 11:55:00,2011-11-30 12:10:00,21,2986.99,9,21,2986.99,5,5,5,5,Champions,2073.09
18242,2010-01-01,2010-01-11 08:49:00,2011-09-28 13:43:00,8,3605.21,72,8,3605.21,3,5,5,5,Loyal,2232.49
18243,2010-10-01,2010-10-21 14:29:00,2010-10-21 14:29:00,1,515.7800000000001,414,1,515.7800000000001,1,2,2,2,Lost,0.0
18244,2010-07-01,2010-07-25 10:30:00,2010-10-05 11:15:00,2,568.64,430,2,568.64,1,3,2,2,Lost,0.0
18245,2010-03-01,2010-03-08 15:26:00,2011-12-02 14:48:00,20,6324.9800000000005,7,20,6324.9800000000005,5,5,5,5,Champions,2567.0600000000004
18246,2010-04-01,2010-04-09 10:19:00,2011-11-16 11:49:00,3,758.8199999999999,23,3,758.8199999999999,4,3,3,3,Loyal,596.1
18247,2010-03-01,2010-03-18 15:52:00,2010-10-21 09:49:00,3,839.73,414,3,839.73,1,3,3,3,At Risk,0.0
18248,2011-06-01,2011-06-06 13:18:00,2011-08-09 10:19:00,2,804.02,122,2,804.02,3,3,3,3,Loyal,804.02
18249,2011-11-01,2011-11-22 15:07:00,2011-11-22 15:07:00,1,95.34,17,1,95.34,5,2,1,2,New & Promising,95.34
18250,2011-02-01,2011-02-02 13:16:00,2011-02-02 13:16:00,1,349.27000000000004,310,1,349.27000000000004,2,2,2,2,Hibernating,349.27000000000004
18251,2009-12-01,2009-12-22 12:01:00,2011-09-13 15:03:00,9,26278.859999999997,87,9,26278.859999999997,3,5,5,5,Loyal,4314.719999999999
18252,2009-12-01,2009-12-18 16:13:00,2011-10-20 12:43:00,7,1533.6899999999998,50,7,1533.6899999999998,4,4,4,4,Champions,518.2699999999998
18253,2010-03-01,2010-03-07 12:38:00,2010-03-07 12:38:00,1,317.88,642,1,317.88,1,2,2,2,Lost,0.0
18254,2010-05-01,2010-05-07 14:37:00,2010-05-07 14:37:00,1,267.9,581,1,267.9,1,2,1,2,Lost,0.0
18255,2010-09-01,2010-09-09 16:31:00,2011-09-11 13:16:00,2,303.15,89,2,303.15,3,3,2,2,Need Attention,103.3
18256,2010-11-01,2010-11-17 08:53:00,2010-11-17 08:53:00,1,110.7,387,1,110.7,2,2,1,2,Hibernating,0.0
18257,2010-02-01,2010-02-18 16:20:00,2011-10-31 14:48:00,12,4585.150000000001,39,12,4585.150000000001,4,5,5,5,Champions,2337.63
18258,2010-05-01,2010-05-16 11:35:00,2010-09-01 14:20:00,6,2059.67,464,6,2059.67,1,4,4,4,At Risk – High Value,0.0
18259,2009-12-01,2009-12-08 08:38:00,2011-11-15 12:34:00,7,3941.9000000000005,24,7,3941.9000000000005,4,4,5,4,Champions,1962.3000000000002
18260,2009-12-01,2009-12-15 13:50:00,2011-06-20 12:37:00,23,9947.26,172,23,9947.26,3,5,5,5,Loyal,2628.35
18261,2011-09-01,2011-09-05 09:34:00,2011-10-27 15:36:00,2,324.24,43,2,324.24,4,3,2,2,New & Promising,324.24
18262,2010-04-01,2010-04-16 09:05:00,2011-07-22 16:04:00,3,577.54,140,3,577.54,3,3,2,2,Need Attention,149.48
18263,2011-04-01,2011-04-01 11:48:00,2011-11-14 09:00:00,3,1213.16,25,3,1213.16,4,3,4,4,Champions,1213.16
18264,2010-07-01,2010-07-29 10:02:00,2010-07-29 10:02:00,1,603.25,498,1,603.25,1,2,3,2,Lost,0.0
18265,2011-07-01,2011-07-04 15:26:00,2011-09-28 14:10:00,2,801.5100000000001,72,2,801.5100000000001,3,3,3,3,Loyal,801.5100000000001
18266,2010-10-01,2010-10-01 15:33:00,2010-10-01 15:33:00,1,251.09999999999997,434,1,251.09999999999997,1,2,1,2,Lost,0.0
18267,2010-02-01,2010-02-05 08:43:00,2010-02-05 08:43:00,1,269.36999999999995,672,1,269.36999999999995,1,2,1,2,Lost,0.0
18268,2009-12-01,2009-12-11 10:27:00,2011-07-28 19:13:00,6,1490.23,134,6,1490.23,3,4,4,4,Loyal,25.5
18269,2010-12-01,2010-12-08 13:53:00,2010-12-08 13:53:00,1,168.6,366,1,168.6,2,2,1,2,Hibernating,0.0
18270,2010-10-01,2010-10-03 10:49:00,2011-11-01 13:57:00,3,444.55,38,3,444.55,4,3,2,2,New & Promising,283.15
18271,2009-12-01,2009-12-08 11:27:00,2010-04-09 09:26:00,2,680.8499999999999,609,2,680.8499999999999,1,3,3,3,At Risk,0.0
18272,2010-03-01,2010-03-04 12:53:00,2011-12-07 12:43:00,9,4385.98,2,9,4385.98,5,5,5,5,Champions,3078.58
18273,2010-04-01,2010-04-28 12:24:00,2011-12-07 13:16:00,4,357.0,2,4,357.0,5,4,2,3,Loyal,204.0
18274,2011-11-01,2011-11-09 17:03:00,2011-11-09 17:03:00,1,175.92000000000002,30,1,175.92000000000002,4,2,1,2,New & Promising,175.92000000000002
18275,2009-12-01,2009-12-08 16:23:00,2010-05-10 15:46:00,2,741.8500000000001,578,2,741.8500000000001,1,3,3,3,At Risk,0.0
18276,2009-12-01,2009-12-10 17:14:00,2011-10-27 10:54:00,6,1656.52,43,6,1656.52,4,4,4,4,Champions,335.8599999999999
18277,2010-08-01,2010-08-02 10:26:00,2011-10-12 15:22:00,5,1180.0500000000002,58,5,1180.0500000000002,4,4,3,4,Champions,110.38
18278,2010-10-01,2010-10-31 12:13:00,2011-09-27 11:58:00,2,414.2,73,2,414.2,3,3,2,2,Need Attention,173.89999999999998
18279,2010-07-01,2010-07-08 14:48:00,2010-07-08 14:48:00,1,231.33999999999997,519,1,231.33999999999997,1,2,1,2,Lost,0.0
18280,2010-11-01,2010-11-10 15:51:00,2011-03-07 09:52:00,2,488.15,277,2,488.15,2,3,2,2,Hibernating,180.6
18281,2010-05-01,2010-05-11 10:49:00,2011-06-12 10:53:00,2,201.14,180,2,201.14,3,3,1,2,Need Attention,80.82
18282,2011-08-01,2011-08-05 13:35:00,2011-12-02 11:43:00,2,178.05,7,2,178.05,5,3,1,2,New & Promising,178.05
18283,2010-02-01,2010-02-19 17:16:00,2011-12-06 12:02:00,22,2658.95,3,22,2658.95,5,5,4,4,Champions,2039.58
18284,2010-10-01,2010-10-04 11:33:00,2010-10-04 11:33:00,1,411.68000000000006,431,1,411.68000000000006,1,2,2,2,Lost,0.0
18285,2010-02-01,2010-02-17 10:24:00,2010-02-17 10:24:00,1,377.0,660,1,377.0,1,2,2,2,Lost,0.0
18286,2009-12-01,2009-12-16 10:45:00,2010-08-20 11:57:00,2,1246.4300000000005,476,2,1246.4300000000005,1,3,4,4,At Risk – High Value,0.0
18287,2010-05-01,2010-05-17 11:55:00,2011-10-28 09:29:00,7,4132.989999999999,42,7,4132.989999999999,4,4,5,4,Champions,1837.28
